employee_id,simulation_day,event_sequence,total_events,login_count,logout_count,auth_failure_rate,max_failed_login_streak,country_change_count,location_change_count,unique_device_count,unique_location_count,resource_entropy,device_entropy,after_hours_event_count,download_size_mb_sum,mass_download_event_count,vpn_usage_ratio,burst_max_5min,active_duration_hours,file_access_ratio,night_event_count,application_access_count,file_access_count,demo_kind,attack_scenario,median_idle_gap_sec
EMP-001,2026-03-06,DEVICE_CONNECT|LOGIN|APPLICATION_ACCESS|APPLICATION_ACCESS|APPLICATION_ACCESS|APPLICATION_ACCESS|RESOURCE_ACCESS|RESOURCE_ACCESS|RESOURCE_ACCESS|APPLICATION_ACCESS|RESOURCE_ACCESS|RESOURCE_ACCESS|EMAIL_ACCESS|EMAIL_ACCESS|RESOURCE_ACCESS|EMAIL_ACCESS|RESOURCE_ACCESS|BREAK_START|BREAK_END|APPLICATION_ACCESS|APPLICATION_ACCESS|APPLICATION_ACCESS|EMAIL_ACCESS|RESOURCE_ACCESS|APPLICATION_ACCESS|APPLICATION_ACCESS|EMAIL_ACCESS|EMAIL_ACCESS|APPLICATION_ACCESS|MEETING_JOIN|APPLICATION_ACCESS|RESOURCE_ACCESS|EMAIL_ACCESS|APPLICATION_ACCESS|EMAIL_ACCESS|LOGOUT,36,1,1,0.01,0,0,1,1,1,0.4867,0.15,0,5.1628,0,0.05,3.3315,7.442,0.0,0,13,2,normal,,
EMP-002,2026-03-06,DEVICE_CONNECT|LOGIN|APPLICATION_ACCESS|EMAIL_ACCESS|APPLICATION_ACCESS|APPLICATION_ACCESS|EMAIL_ACCESS|APPLICATION_ACCESS|EMAIL_ACCESS|EMAIL_ACCESS|APPLICATION_ACCESS|APPLICATION_ACCESS|APPLICATION_ACCESS|BREAK_START|BREAK_END|APPLICATION_ACCESS|APPLICATION_ACCESS|EMAIL_ACCESS|APPLICATION_ACCESS|EMAIL_ACCESS|APPLICATION_ACCESS|EMAIL_ACCESS|APPLICATION_ACCESS|APPLICATION_ACCESS|APPLICATION_ACCESS|APPLICATION_ACCESS|LOGOUT,27,1,1,0.015,0,0,1,1,1,0.5235,0.15,0,4.6411,0,0.05,4.1338,7.8503,0.0,0,15,2,normal,,
EMP-003,2026-03-06,DEVICE_CONNECT|LOGIN|VPN_CONNECT|APPLICATION_ACCESS|EMAIL_ACCESS|APPLICATION_ACCESS|EMAIL_ACCESS|APPLICATION_ACCESS|EMAIL_ACCESS|APPLICATION_ACCESS|APPLICATION_ACCESS|APPLICATION_ACCESS|EMAIL_ACCESS|APPLICATION_ACCESS|APPLICATION_ACCESS|MEETING_JOIN|APPLICATION_ACCESS|BREAK_START|BREAK_END|APPLICATION_ACCESS|APPLICATION_ACCESS|APPLICATION_ACCESS|EMAIL_ACCESS|APPLICATION_ACCESS|APPLICATION_ACCESS|APPLICATION_ACCESS|APPLICATION_ACCESS|EMAIL_ACCESS|APPLICATION_ACCESS|MEETING_JOIN|APPLICATION_ACCESS|APPLICATION_ACCESS|APPLICATION_ACCESS|VPN_DISCONNECT|LOGOUT,35,1,1,0.02,0,0,1,1,1,0.5594,0.15,0,6.0757,0,0.35,5.3443,8.8006,0.0,0,20,2,normal,,
EMP-004,2026-03-09,DEVICE_CONNECT|LOGIN|APPLICATION_ACCESS|EMAIL_ACCESS|EMAIL_ACCESS|MEETING_JOIN|APPLICATION_ACCESS|EMAIL_ACCESS|APPLICATION_ACCESS|APPLICATION_ACCESS|APPLICATION_ACCESS|APPLICATION_ACCESS|APPLICATION_ACCESS|APPLICATION_ACCESS|APPLICATION_ACCESS|APPLICATION_ACCESS|BREAK_START|BREAK_END|EMAIL_ACCESS|APPLICATION_ACCESS|APPLICATION_ACCESS|MEETING_JOIN|APPLICATION_ACCESS|APPLICATION_ACCESS|APPLICATION_ACCESS|EMAIL_ACCESS|APPLICATION_ACCESS|EMAIL_ACCESS|EMAIL_ACCESS|EMAIL_ACCESS|EMAIL_ACCESS|APPLICATION_ACCESS|EMAIL_ACCESS|LOGOUT,34,1,1,0.01,0,0,1,1,1,0.5609,0.15,0,6.8707,0,0.05,3.4533,7.8022,0.0,0,17,2,normal,,
EMP-005,2026-03-06,DEVICE_CONNECT|LOGIN|VPN_CONNECT|APPLICATION_ACCESS|MEETING_JOIN|APPLICATION_ACCESS|APPLICATION_ACCESS|MEETING_JOIN|APPLICATION_ACCESS|APPLICATION_ACCESS|APPLICATION_ACCESS|APPLICATION_ACCESS|FILE_ACCESS|MEETING_JOIN|EMAIL_ACCESS|EMAIL_ACCESS|APPLICATION_ACCESS|MEETING_JOIN|BREAK_START|BREAK_END|APPLICATION_ACCESS|APPLICATION_ACCESS|FILE_ACCESS|APPLICATION_ACCESS|APPLICATION_ACCESS|EMAIL_ACCESS|APPLICATION_ACCESS|FILE_ACCESS|EMAIL_ACCESS|MEETING_JOIN|APPLICATION_ACCESS|APPLICATION_ACCESS|EMAIL_ACCESS|APPLICATION_ACCESS|MEETING_JOIN|APPLICATION_ACCESS|VPN_DISCONNECT|LOGOUT,38,1,1,0.015,0,0,1,1,1,0.4519,0.15,0,7.6868,0,0.35,4.0692,8.1881,0.07894736842105263,0,17,3,normal,,
EMP-006,2026-03-08,DEVICE_CONNECT|LOGIN|VPN_CONNECT|RESOURCE_ACCESS|APPLICATION_ACCESS|APPLICATION_ACCESS|APPLICATION_ACCESS|EMAIL_ACCESS|EMAIL_ACCESS|RESOURCE_ACCESS|EMAIL_ACCESS|RESOURCE_ACCESS|APPLICATION_ACCESS|APPLICATION_ACCESS|APPLICATION_ACCESS|BREAK_START|BREAK_END|APPLICATION_ACCESS|APPLICATION_ACCESS|APPLICATION_ACCESS|EMAIL_ACCESS|RESOURCE_ACCESS|APPLICATION_ACCESS|MEETING_JOIN|APPLICATION_ACCESS|RESOURCE_ACCESS|RESOURCE_ACCESS|EMAIL_ACCESS|EMAIL_ACCESS|APPLICATION_ACCESS|VPN_DISCONNECT|LOGOUT,32,1,1,0.02,0,0,1,1,1,0.5265,0.15,0,5.3878,0,0.35,4.9275,8.2519,0.0,0,12,2,normal,,
EMP-007,2026-03-10,DEVICE_CONNECT|LOGIN|APPLICATION_ACCESS|APPLICATION_ACCESS|APPLICATION_ACCESS|APPLICATION_ACCESS|APPLICATION_ACCESS|APPLICATION_ACCESS|MEETING_JOIN|APPLICATION_ACCESS|APPLICATION_ACCESS|APPLICATION_ACCESS|APPLICATION_ACCESS|APPLICATION_ACCESS|BREAK_START|BREAK_END|APPLICATION_ACCESS|APPLICATION_ACCESS|APPLICATION_ACCESS|APPLICATION_ACCESS|APPLICATION_ACCESS|MEETING_JOIN|MEETING_JOIN|APPLICATION_ACCESS|APPLICATION_ACCESS|EMAIL_ACCESS|EMAIL_ACCESS|APPLICATION_ACCESS|LOGOUT,29,1,1,0.01,0,0,1,1,1,0.5774,0.15,0,4.3577,0,0.05,2.7533,7.2332,0.0,0,19,2,normal,,
EMP-008,2026-03-10,DEVICE_CONNECT|LOGIN|VPN_CONNECT|APPLICATION_ACCESS|EMAIL_ACCESS|APPLICATION_ACCESS|APPLICATION_ACCESS|RESOURCE_ACCESS|EMAIL_ACCESS|APPLICATION_ACCESS|MEETING_JOIN|APPLICATION_ACCESS|BREAK_START|BREAK_END|EMAIL_ACCESS|RESOURCE_ACCESS|APPLICATION_ACCESS|EMAIL_ACCESS|EMAIL_ACCESS|APPLICATION_ACCESS|APPLICATION_ACCESS|RESOURCE_ACCESS|MEETING_JOIN|APPLICATION_ACCESS|VPN_DISCONNECT|LOGOUT,26,1,1,0.015,0,0,1,1,1,0.619,0.15,0,7.211,0,0.35,4.1753,7.9709,0.0,0,9,2,normal,,
EMP-009,2026-03-06,DEVICE_CONNECT|LOGIN|VPN_CONNECT|APPLICATION_ACCESS|EMAIL_ACCESS|APPLICATION_ACCESS|APPLICATION_ACCESS|APPLICATION_ACCESS|APPLICATION_ACCESS|MEETING_JOIN|EMAIL_ACCESS|APPLICATION_ACCESS|EMAIL_ACCESS|APPLICATION_ACCESS|MEETING_JOIN|BREAK_START|BREAK_END|EMAIL_ACCESS|EMAIL_ACCESS|EMAIL_ACCESS|EMAIL_ACCESS|MEETING_JOIN|FILE_ACCESS|EMAIL_ACCESS|MEETING_JOIN|APPLICATION_ACCESS|APPLICATION_ACCESS|MEETING_JOIN|APPLICATION_ACCESS|VPN_DISCONNECT|LOGOUT,31,1,1,0.02,0,0,1,1,1,0.4723,0.15,0,5.8395,0,0.35,5.5,8.723,0.03225806451612903,0,10,2,normal,,
EMP-010,2026-03-06,DEVICE_CONNECT|LOGIN|APPLICATION_ACCESS|EMAIL_ACCESS|EMAIL_ACCESS|APPLICATION_ACCESS|APPLICATION_ACCESS|APPLICATION_ACCESS|APPLICATION_ACCESS|APPLICATION_ACCESS|EMAIL_ACCESS|APPLICATION_ACCESS|APPLICATION_ACCESS|APPLICATION_ACCESS|APPLICATION_ACCESS|APPLICATION_ACCESS|APPLICATION_ACCESS|APPLICATION_ACCESS|APPLICATION_ACCESS|APPLICATION_ACCESS|APPLICATION_ACCESS|LOGOUT,22,1,1,0.01,0,0,1,1,1,0.4635,0.15,0,7.7407,0,0.05,2.6147,7.4607,0.0,0,16,2,normal,,
EMP-011,2026-03-08,DEVICE_CONNECT|LOGIN|VPN_CONNECT|APPLICATION_ACCESS|APPLICATION_ACCESS|APPLICATION_ACCESS|APPLICATION_ACCESS|APPLICATION_ACCESS|EMAIL_ACCESS|APPLICATION_ACCESS|APPLICATION_ACCESS|APPLICATION_ACCESS|EMAIL_ACCESS|APPLICATION_ACCESS|APPLICATION_ACCESS|APPLICATION_ACCESS|APPLICATION_ACCESS|APPLICATION_ACCESS|EMAIL_ACCESS|BREAK_START|BREAK_END|APPLICATION_ACCESS|APPLICATION_ACCESS|EMAIL_ACCESS|APPLICATION_ACCESS|APPLICATION_ACCESS|APPLICATION_ACCESS|APPLICATION_ACCESS|APPLICATION_ACCESS|EMAIL_ACCESS|EMAIL_ACCESS|APPLICATION_ACCESS|MEETING_JOIN|APPLICATION_ACCESS|EMAIL_ACCESS|APPLICATION_ACCESS|APPLICATION_ACCESS|VPN_DISCONNECT|LOGOUT,39,1,1,0.015,0,0,1,1,1,0.5897,0.15,0,5.1874,0,0.35,3.5082,8.306,0.0,0,24,2,normal,,
EMP-012,2026-03-10,DEVICE_CONNECT|LOGIN|RESOURCE_ACCESS|RESOURCE_ACCESS|RESOURCE_ACCESS|RESOURCE_ACCESS|EMAIL_ACCESS|EMAIL_ACCESS|EMAIL_ACCESS|MEETING_JOIN|RESOURCE_ACCESS|APPLICATION_ACCESS|APPLICATION_ACCESS|RESOURCE_ACCESS|APPLICATION_ACCESS|APPLICATION_ACCESS|APPLICATION_ACCESS|EMAIL_ACCESS|BREAK_START|BREAK_END|APPLICATION_ACCESS|RESOURCE_ACCESS|APPLICATION_ACCESS|RESOURCE_ACCESS|RESOURCE_ACCESS|APPLICATION_ACCESS|APPLICATION_ACCESS|APPLICATION_ACCESS|EMAIL_ACCESS|APPLICATION_ACCESS|APPLICATION_ACCESS|APPLICATION_ACCESS|RESOURCE_ACCESS|MEETING_JOIN|MEETING_JOIN|APPLICATION_ACCESS|LOGOUT,37,1,1,0.02,0,0,1,1,1,0.6192,0.15,0,6.2215,0,0.05,5.262,8.7372,0.0,0,14,2,normal,,
EMP-013,2026-03-07,DEVICE_CONNECT|LOGIN|VPN_CONNECT|RESOURCE_ACCESS|RESOURCE_ACCESS|APPLICATION_ACCESS|RESOURCE_ACCESS|RESOURCE_ACCESS|EMAIL_ACCESS|APPLICATION_ACCESS|RESOURCE_ACCESS|RESOURCE_ACCESS|MEETING_JOIN|EMAIL_ACCESS|RESOURCE_ACCESS|EMAIL_ACCESS|RESOURCE_ACCESS|APPLICATION_ACCESS|EMAIL_ACCESS|BREAK_START|BREAK_END|APPLICATION_ACCESS|RESOURCE_ACCESS|MEETING_JOIN|RESOURCE_ACCESS|EMAIL_ACCESS|MEETING_JOIN|RESOURCE_ACCESS|RESOURCE_ACCESS|RESOURCE_ACCESS|RESOURCE_ACCESS|EMAIL_ACCESS|EMAIL_ACCESS|EMAIL_ACCESS|APPLICATION_ACCESS|RESOURCE_ACCESS|RESOURCE_ACCESS|VPN_DISCONNECT|LOGOUT,39,1,1,0.01,0,0,1,1,1,0.4091,0.15,0,6.6187,0,0.35,2.5024,7.6073,0.0,0,5,2,normal,,
EMP-014,2026-03-06,DEVICE_CONNECT|LOGIN|APPLICATION_ACCESS|APPLICATION_ACCESS|EMAIL_ACCESS|EMAIL_ACCESS|APPLICATION_ACCESS|MEETING_JOIN|APPLICATION_ACCESS|APPLICATION_ACCESS|EMAIL_ACCESS|APPLICATION_ACCESS|APPLICATION_ACCESS|APPLICATION_ACCESS|APPLICATION_ACCESS|BREAK_START|BREAK_END|APPLICATION_ACCESS|APPLICATION_ACCESS|APPLICATION_ACCESS|APPLICATION_ACCESS|APPLICATION_ACCESS|APPLICATION_ACCESS|APPLICATION_ACCESS|EMAIL_ACCESS|APPLICATION_ACCESS|APPLICATION_ACCESS|EMAIL_ACCESS|EMAIL_ACCESS|EMAIL_ACCESS|LOGOUT,31,1,1,0.015,0,0,1,1,1,0.5227,0.15,0,8.4256,0,0.05,3.5919,8.0897,0.0,0,18,2,normal,,
EMP-015,2026-03-09,DEVICE_CONNECT|LOGIN|VPN_CONNECT|APPLICATION_ACCESS|APPLICATION_ACCESS|APPLICATION_ACCESS|MEETING_JOIN|APPLICATION_ACCESS|APPLICATION_ACCESS|APPLICATION_ACCESS|APPLICATION_ACCESS|APPLICATION_ACCESS|APPLICATION_ACCESS|APPLICATION_ACCESS|APPLICATION_ACCESS|BREAK_START|BREAK_END|APPLICATION_ACCESS|APPLICATION_ACCESS|APPLICATION_ACCESS|APPLICATION_ACCESS|APPLICATION_ACCESS|APPLICATION_ACCESS|MEETING_JOIN|APPLICATION_ACCESS|EMAIL_ACCESS|MEETING_JOIN|EMAIL_ACCESS|APPLICATION_ACCESS|VPN_DISCONNECT|LOGOUT,31,1,1,0.02,0,0,1,1,1,0.5381,0.15,0,8.8048,0,0.35,5.0786,8.8298,0.0,0,19,2,normal,,
EMP-016,2026-03-08,DEVICE_CONNECT|LOGIN|VPN_CONNECT|APPLICATION_ACCESS|EMAIL_ACCESS|RESOURCE_ACCESS|APPLICATION_ACCESS|MEETING_JOIN|APPLICATION_ACCESS|RESOURCE_ACCESS|MEETING_JOIN|APPLICATION_ACCESS|MEETING_JOIN|MEETING_JOIN|MEETING_JOIN|RESOURCE_ACCESS|EMAIL_ACCESS|APPLICATION_ACCESS|RESOURCE_ACCESS|BREAK_START|BREAK_END|EMAIL_ACCESS|RESOURCE_ACCESS|RESOURCE_ACCESS|APPLICATION_ACCESS|RESOURCE_ACCESS|EMAIL_ACCESS|RESOURCE_ACCESS|EMAIL_ACCESS|RESOURCE_ACCESS|EMAIL_ACCESS|APPLICATION_ACCESS|MEETING_JOIN|MEETING_JOIN|MEETING_JOIN|RESOURCE_ACCESS|MEETING_JOIN|VPN_DISCONNECT|LOGOUT,39,1,1,0.01,0,0,1,1,1,0.5662,0.15,0,2.9338,0,0.35,2.4616,7.7153,0.0,0,7,2,normal,,
EMP-017,2026-03-10,DEVICE_CONNECT|LOGIN|EMAIL_ACCESS|APPLICATION_ACCESS|APPLICATION_ACCESS|APPLICATION_ACCESS|APPLICATION_ACCESS|EMAIL_ACCESS|APPLICATION_ACCESS|MEETING_JOIN|EMAIL_ACCESS|APPLICATION_ACCESS|EMAIL_ACCESS|BREAK_START|BREAK_END|APPLICATION_ACCESS|MEETING_JOIN|EMAIL_ACCESS|APPLICATION_ACCESS|MEETING_JOIN|APPLICATION_ACCESS|APPLICATION_ACCESS|APPLICATION_ACCESS|APPLICATION_ACCESS|APPLICATION_ACCESS|APPLICATION_ACCESS|APPLICATION_ACCESS|LOGOUT,28,1,1,0.015,0,0,1,1,1,0.431,0.15,0,5.8059,0,0.05,4.1517,7.957,0.0,0,15,2,normal,,
EMP-018,2026-03-10,DEVICE_CONNECT|LOGIN|VPN_CONNECT|APPLICATION_ACCESS|APPLICATION_ACCESS|MEETING_JOIN|MEETING_JOIN|APPLICATION_ACCESS|APPLICATION_ACCESS|APPLICATION_ACCESS|APPLICATION_ACCESS|APPLICATION_ACCESS|APPLICATION_ACCESS|BREAK_START|BREAK_END|EMAIL_ACCESS|APPLICATION_ACCESS|APPLICATION_ACCESS|EMAIL_ACCESS|APPLICATION_ACCESS|APPLICATION_ACCESS|APPLICATION_ACCESS|APPLICATION_ACCESS|APPLICATION_ACCESS|APPLICATION_ACCESS|APPLICATION_ACCESS|VPN_DISCONNECT|LOGOUT,28,1,1,0.02,0,0,1,1,1,0.5399,0.15,0,7.3813,0,0.35,5.3185,8.1028,0.0,0,17,2,normal,,
EMP-019,2026-03-07,DEVICE_CONNECT|LOGIN|VPN_CONNECT|EMAIL_ACCESS|APPLICATION_ACCESS|APPLICATION_ACCESS|APPLICATION_ACCESS|EMAIL_ACCESS|APPLICATION_ACCESS|EMAIL_ACCESS|APPLICATION_ACCESS|APPLICATION_ACCESS|APPLICATION_ACCESS|APPLICATION_ACCESS|APPLICATION_ACCESS|APPLICATION_ACCESS|EMAIL_ACCESS|BREAK_START|BREAK_END|APPLICATION_ACCESS|APPLICATION_ACCESS|EMAIL_ACCESS|APPLICATION_ACCESS|EMAIL_ACCESS|APPLICATION_ACCESS|APPLICATION_ACCESS|MEETING_JOIN|APPLICATION_ACCESS|APPLICATION_ACCESS|APPLICATION_ACCESS|APPLICATION_ACCESS|APPLICATION_ACCESS|APPLICATION_ACCESS|EMAIL_ACCESS|VPN_DISCONNECT|LOGOUT,36,1,1,0.01,0,0,1,1,1,0.5459,0.15,0,8.0662,0,0.35,2.4069,7.5348,0.0,0,21,2,normal,,
EMP-020,2026-03-10,DEVICE_CONNECT|LOGIN|EMAIL_ACCESS|APPLICATION_ACCESS|MEETING_JOIN|APPLICATION_ACCESS|APPLICATION_ACCESS|EMAIL_ACCESS|EMAIL_ACCESS|APPLICATION_ACCESS|APPLICATION_ACCESS|APPLICATION_ACCESS|MEETING_JOIN|APPLICATION_ACCESS|APPLICATION_ACCESS|APPLICATION_ACCESS|APPLICATION_ACCESS|APPLICATION_ACCESS|BREAK_START|BREAK_END|APPLICATION_ACCESS|APPLICATION_ACCESS|EMAIL_ACCESS|APPLICATION_ACCESS|MEETING_JOIN|APPLICATION_ACCESS|MEETING_JOIN|APPLICATION_ACCESS|MEETING_JOIN|EMAIL_ACCESS|EMAIL_ACCESS|APPLICATION_ACCESS|APPLICATION_ACCESS|APPLICATION_ACCESS|APPLICATION_ACCESS|APPLICATION_ACCESS|LOGOUT,37,1,1,0.015,0,0,1,1,1,0.5738,0.15,0,8.2666,0,0.05,3.8922,7.9806,0.0,0,21,2,normal,,
EMP-021,2026-03-06,DEVICE_CONNECT|LOGIN|VPN_CONNECT|APPLICATION_ACCESS|EMAIL_ACCESS|EMAIL_ACCESS|APPLICATION_ACCESS|APPLICATION_ACCESS|APPLICATION_ACCESS|EMAIL_ACCESS|APPLICATION_ACCESS|BREAK_START|BREAK_END|APPLICATION_ACCESS|APPLICATION_ACCESS|APPLICATION_ACCESS|MEETING_JOIN|APPLICATION_ACCESS|APPLICATION_ACCESS|APPLICATION_ACCESS|APPLICATION_ACCESS|VPN_DISCONNECT|LOGOUT,23,1,1,0.02,0,0,1,1,1,0.4601,0.15,0,2.5197,0,0.35,4.7337,8.8057,0.0,0,12,2,normal,,
EMP-022,2026-03-08,DEVICE_CONNECT|LOGIN|VPN_CONNECT|APPLICATION_ACCESS|APPLICATION_ACCESS|APPLICATION_ACCESS|APPLICATION_ACCESS|APPLICATION_ACCESS|MEETING_JOIN|APPLICATION_ACCESS|EMAIL_ACCESS|EMAIL_ACCESS|APPLICATION_ACCESS|MEETING_JOIN|APPLICATION_ACCESS|APPLICATION_ACCESS|EMAIL_ACCESS|APPLICATION_ACCESS|BREAK_START|BREAK_END|APPLICATION_ACCESS|APPLICATION_ACCESS|EMAIL_ACCESS|APPLICATION_ACCESS|EMAIL_ACCESS|APPLICATION_ACCESS|FILE_ACCESS|APPLICATION_ACCESS|MEETING_JOIN|APPLICATION_ACCESS|APPLICATION_ACCESS|APPLICATION_ACCESS|APPLICATION_ACCESS|APPLICATION_ACCESS|MEETING_JOIN|VPN_DISCONNECT|LOGOUT,37,1,1,0.01,0,0,1,1,1,0.532,0.15,0,4.1229,0,0.35,2.4661,7.2479,0.02702702702702703,0,20,2,normal,,
EMP-023,2026-03-08,DEVICE_CONNECT|LOGIN|VPN_CONNECT|APPLICATION_ACCESS|APPLICATION_ACCESS|EMAIL_ACCESS|APPLICATION_ACCESS|APPLICATION_ACCESS|APPLICATION_ACCESS|APPLICATION_ACCESS|APPLICATION_ACCESS|EMAIL_ACCESS|APPLICATION_ACCESS|APPLICATION_ACCESS|APPLICATION_ACCESS|APPLICATION_ACCESS|BREAK_START|BREAK_END|APPLICATION_ACCESS|APPLICATION_ACCESS|APPLICATION_ACCESS|FILE_ACCESS|APPLICATION_ACCESS|APPLICATION_ACCESS|APPLICATION_ACCESS|APPLICATION_ACCESS|APPLICATION_ACCESS|APPLICATION_ACCESS|APPLICATION_ACCESS|APPLICATION_ACCESS|APPLICATION_ACCESS|VPN_DISCONNECT|LOGOUT,33,1,1,0.015,0,0,1,1,1,0.5037,0.15,0,7.0615,0,0.35,4.4056,8.1336,0.030303030303030304,0,23,2,normal,,
EMP-024,2026-03-09,DEVICE_CONNECT|LOGIN|VPN_CONNECT|APPLICATION_ACCESS|APPLICATION_ACCESS|APPLICATION_ACCESS|APPLICATION_ACCESS|APPLICATION_ACCESS|APPLICATION_ACCESS|APPLICATION_ACCESS|APPLICATION_ACCESS|BREAK_START|BREAK_END|APPLICATION_ACCESS|APPLICATION_ACCESS|EMAIL_ACCESS|APPLICATION_ACCESS|APPLICATION_ACCESS|EMAIL_ACCESS|APPLICATION_ACCESS|APPLICATION_ACCESS|VPN_DISCONNECT|LOGOUT,23,1,1,0.02,0,0,1,1,1,0.5831,0.15,0,5.7631,0,0.35,5.5,8.1871,0.0,0,14,2,normal,,
EMP-025,2026-03-06,DEVICE_CONNECT|LOGIN|VPN_CONNECT|APPLICATION_ACCESS|APPLICATION_ACCESS|APPLICATION_ACCESS|APPLICATION_ACCESS|EMAIL_ACCESS|APPLICATION_ACCESS|APPLICATION_ACCESS|MEETING_JOIN|MEETING_JOIN|EMAIL_ACCESS|APPLICATION_ACCESS|EMAIL_ACCESS|APPLICATION_ACCESS|APPLICATION_ACCESS|APPLICATION_ACCESS|BREAK_START|BREAK_END|MEETING_JOIN|APPLICATION_ACCESS|EMAIL_ACCESS|APPLICATION_ACCESS|APPLICATION_ACCESS|APPLICATION_ACCESS|APPLICATION_ACCESS|APPLICATION_ACCESS|APPLICATION_ACCESS|APPLICATION_ACCESS|APPLICATION_ACCESS|EMAIL_ACCESS|MEETING_JOIN|EMAIL_ACCESS|MEETING_JOIN|APPLICATION_ACCESS|VPN_DISCONNECT|LOGOUT,38,1,1,0.01,0,0,1,1,1,0.4672,0.15,0,8.3333,0,0.35,3.114,7.6532,0.0,0,20,2,normal,,
EMP-026,2026-03-10,DEVICE_CONNECT|LOGIN|APPLICATION_ACCESS|APPLICATION_ACCESS|APPLICATION_ACCESS|APPLICATION_ACCESS|APPLICATION_ACCESS|EMAIL_ACCESS|APPLICATION_ACCESS|APPLICATION_ACCESS|APPLICATION_ACCESS|APPLICATION_ACCESS|BREAK_START|BREAK_END|APPLICATION_ACCESS|EMAIL_ACCESS|APPLICATION_ACCESS|MEETING_JOIN|MEETING_JOIN|EMAIL_ACCESS|MEETING_JOIN|APPLICATION_ACCESS|MEETING_JOIN|APPLICATION_ACCESS|EMAIL_ACCESS|LOGOUT,26,1,1,0.015,0,0,1,1,1,0.4677,0.15,0,3.866,0,0.05,4.5178,8.0632,0.0,0,13,2,normal,,
EMP-027,2026-03-07,DEVICE_CONNECT|LOGIN|EMAIL_ACCESS|APPLICATION_ACCESS|MEETING_JOIN|APPLICATION_ACCESS|APPLICATION_ACCESS|APPLICATION_ACCESS|EMAIL_ACCESS|APPLICATION_ACCESS|APPLICATION_ACCESS|EMAIL_ACCESS|EMAIL_ACCESS|APPLICATION_ACCESS|APPLICATION_ACCESS|APPLICATION_ACCESS|BREAK_START|BREAK_END|APPLICATION_ACCESS|APPLICATION_ACCESS|APPLICATION_ACCESS|APPLICATION_ACCESS|APPLICATION_ACCESS|APPLICATION_ACCESS|APPLICATION_ACCESS|EMAIL_ACCESS|APPLICATION_ACCESS|APPLICATION_ACCESS|APPLICATION_ACCESS|APPLICATION_ACCESS|MEETING_JOIN|MEETING_JOIN|APPLICATION_ACCESS|LOGOUT,34,1,1,0.02,0,0,1,1,1,0.5769,0.15,0,4.4685,0,0.05,5.3843,8.818,0.0,0,21,2,normal,,
EMP-028,2026-03-08,DEVICE_CONNECT|LOGIN|APPLICATION_ACCESS|APPLICATION_ACCESS|EMAIL_ACCESS|APPLICATION_ACCESS|APPLICATION_ACCESS|EMAIL_ACCESS|APPLICATION_ACCESS|MEETING_JOIN|EMAIL_ACCESS|EMAIL_ACCESS|APPLICATION_ACCESS|APPLICATION_ACCESS|BREAK_START|BREAK_END|EMAIL_ACCESS|APPLICATION_ACCESS|APPLICATION_ACCESS|APPLICATION_ACCESS|APPLICATION_ACCESS|EMAIL_ACCESS|APPLICATION_ACCESS|MEETING_JOIN|APPLICATION_ACCESS|MEETING_JOIN|EMAIL_ACCESS|APPLICATION_ACCESS|APPLICATION_ACCESS|LOGOUT,30,1,1,0.01,0,0,1,1,1,0.6343,0.15,0,4.6948,0,0.05,2.5464,7.4767,0.0,0,15,2,normal,,
EMP-029,2026-03-10,DEVICE_CONNECT|LOGIN|RESOURCE_ACCESS|EMAIL_ACCESS|APPLICATION_ACCESS|APPLICATION_ACCESS|MEETING_JOIN|RESOURCE_ACCESS|EMAIL_ACCESS|MEETING_JOIN|EMAIL_ACCESS|APPLICATION_ACCESS|EMAIL_ACCESS|APPLICATION_ACCESS|EMAIL_ACCESS|BREAK_START|BREAK_END|RESOURCE_ACCESS|MEETING_JOIN|APPLICATION_ACCESS|RESOURCE_ACCESS|APPLICATION_ACCESS|EMAIL_ACCESS|APPLICATION_ACCESS|RESOURCE_ACCESS|RESOURCE_ACCESS|EMAIL_ACCESS|RESOURCE_ACCESS|APPLICATION_ACCESS|APPLICATION_ACCESS|RESOURCE_ACCESS|LOGOUT,32,1,1,0.015,0,0,1,1,1,0.4329,0.15,0,6.7413,0,0.05,3.6509,7.7679,0.0,0,9,2,normal,,
EMP-030,2026-03-07,DEVICE_CONNECT|LOGIN|VPN_CONNECT|APPLICATION_ACCESS|APPLICATION_ACCESS|APPLICATION_ACCESS|APPLICATION_ACCESS|APPLICATION_ACCESS|APPLICATION_ACCESS|MEETING_JOIN|APPLICATION_ACCESS|APPLICATION_ACCESS|APPLICATION_ACCESS|APPLICATION_ACCESS|APPLICATION_ACCESS|BREAK_START|BREAK_END|APPLICATION_ACCESS|APPLICATION_ACCESS|APPLICATION_ACCESS|APPLICATION_ACCESS|APPLICATION_ACCESS|APPLICATION_ACCESS|APPLICATION_ACCESS|APPLICATION_ACCESS|EMAIL_ACCESS|EMAIL_ACCESS|APPLICATION_ACCESS|APPLICATION_ACCESS|VPN_DISCONNECT|LOGOUT,31,1,1,0.02,0,0,1,1,1,0.4609,0.15,0,8.6892,0,0.35,5.5,8.6032,0.0,0,21,2,normal,,
EMP-031,2026-03-07,DEVICE_CONNECT|LOGIN|VPN_CONNECT|APPLICATION_ACCESS|EMAIL_ACCESS|MEETING_JOIN|APPLICATION_ACCESS|APPLICATION_ACCESS|APPLICATION_ACCESS|MEETING_JOIN|APPLICATION_ACCESS|APPLICATION_ACCESS|EMAIL_ACCESS|BREAK_START|BREAK_END|APPLICATION_ACCESS|EMAIL_ACCESS|APPLICATION_ACCESS|EMAIL_ACCESS|APPLICATION_ACCESS|APPLICATION_ACCESS|APPLICATION_ACCESS|APPLICATION_ACCESS|EMAIL_ACCESS|APPLICATION_ACCESS|APPLICATION_ACCESS|VPN_DISCONNECT|LOGOUT,28,1,1,0.01,0,0,1,1,1,0.5724,0.15,0,4.3143,0,0.35,3.2482,7.7305,0.0,0,14,2,normal,,
EMP-032,2026-03-08,DEVICE_CONNECT|LOGIN|VPN_CONNECT|APPLICATION_ACCESS|APPLICATION_ACCESS|EMAIL_ACCESS|APPLICATION_ACCESS|EMAIL_ACCESS|APPLICATION_ACCESS|APPLICATION_ACCESS|APPLICATION_ACCESS|EMAIL_ACCESS|APPLICATION_ACCESS|APPLICATION_ACCESS|APPLICATION_ACCESS|APPLICATION_ACCESS|APPLICATION_ACCESS|APPLICATION_ACCESS|BREAK_START|BREAK_END|APPLICATION_ACCESS|APPLICATION_ACCESS|APPLICATION_ACCESS|APPLICATION_ACCESS|EMAIL_ACCESS|APPLICATION_ACCESS|APPLICATION_ACCESS|APPLICATION_ACCESS|APPLICATION_ACCESS|APPLICATION_ACCESS|APPLICATION_ACCESS|APPLICATION_ACCESS|APPLICATION_ACCESS|APPLICATION_ACCESS|APPLICATION_ACCESS|VPN_DISCONNECT|LOGOUT,37,1,1,0.015,0,0,1,1,1,0.6109,0.15,0,4.4495,0,0.35,4.594,8.0203,0.0,0,26,2,normal,,
EMP-033,2026-03-07,DEVICE_CONNECT|LOGIN|VPN_CONNECT|APPLICATION_ACCESS|APPLICATION_ACCESS|APPLICATION_ACCESS|APPLICATION_ACCESS|APPLICATION_ACCESS|APPLICATION_ACCESS|APPLICATION_ACCESS|APPLICATION_ACCESS|APPLICATION_ACCESS|APPLICATION_ACCESS|APPLICATION_ACCESS|APPLICATION_ACCESS|APPLICATION_ACCESS|APPLICATION_ACCESS|APPLICATION_ACCESS|APPLICATION_ACCESS|APPLICATION_ACCESS|APPLICATION_ACCESS|VPN_DISCONNECT|LOGOUT,23,1,1,0.02,0,0,1,1,1,0.4927,0.15,0,6.3429,0,0.35,5.275,8.4971,0.0,0,18,2,normal,,
EMP-034,2026-03-09,DEVICE_CONNECT|LOGIN|EMAIL_ACCESS|APPLICATION_ACCESS|APPLICATION_ACCESS|APPLICATION_ACCESS|APPLICATION_ACCESS|EMAIL_ACCESS|APPLICATION_ACCESS|EMAIL_ACCESS|BREAK_START|BREAK_END|MEETING_JOIN|APPLICATION_ACCESS|APPLICATION_ACCESS|APPLICATION_ACCESS|EMAIL_ACCESS|APPLICATION_ACCESS|APPLICATION_ACCESS|EMAIL_ACCESS|APPLICATION_ACCESS|LOGOUT,22,1,1,0.01,0,0,1,1,1,0.4993,0.15,0,6.0397,0,0.05,3.2503,7.5875,0.0,0,11,2,normal,,
EMP-035,2026-03-09,DEVICE_CONNECT|LOGIN|VPN_CONNECT|RESOURCE_ACCESS|EMAIL_ACCESS|APPLICATION_ACCESS|APPLICATION_ACCESS|MEETING_JOIN|APPLICATION_ACCESS|APPLICATION_ACCESS|RESOURCE_ACCESS|EMAIL_ACCESS|RESOURCE_ACCESS|EMAIL_ACCESS|RESOURCE_ACCESS|EMAIL_ACCESS|EMAIL_ACCESS|RESOURCE_ACCESS|APPLICATION_ACCESS|BREAK_START|BREAK_END|RESOURCE_ACCESS|EMAIL_ACCESS|EMAIL_ACCESS|RESOURCE_ACCESS|EMAIL_ACCESS|RESOURCE_ACCESS|RESOURCE_ACCESS|RESOURCE_ACCESS|APPLICATION_ACCESS|EMAIL_ACCESS|RESOURCE_ACCESS|RESOURCE_ACCESS|APPLICATION_ACCESS|EMAIL_ACCESS|APPLICATION_ACCESS|RESOURCE_ACCESS|VPN_DISCONNECT|LOGOUT,39,1,1,0.015,0,0,1,1,1,0.5002,0.15,0,6.572,0,0.35,3.5415,8.1004,0.0,0,8,2,normal,,
EMP-036,2026-03-06,DEVICE_CONNECT|LOGIN|MEETING_JOIN|APPLICATION_ACCESS|APPLICATION_ACCESS|EMAIL_ACCESS|EMAIL_ACCESS|EMAIL_ACCESS|APPLICATION_ACCESS|APPLICATION_ACCESS|APPLICATION_ACCESS|APPLICATION_ACCESS|APPLICATION_ACCESS|BREAK_START|BREAK_END|APPLICATION_ACCESS|APPLICATION_ACCESS|APPLICATION_ACCESS|APPLICATION_ACCESS|EMAIL_ACCESS|APPLICATION_ACCESS|APPLICATION_ACCESS|APPLICATION_ACCESS|APPLICATION_ACCESS|EMAIL_ACCESS|EMAIL_ACCESS|LOGOUT,27,1,1,0.02,0,0,1,1,1,0.63,0.15,0,5.497,0,0.05,4.8006,8.4312,0.0,0,15,2,normal,,
EMP-037,2026-03-08,DEVICE_CONNECT|LOGIN|VPN_CONNECT|EMAIL_ACCESS|MEETING_JOIN|APPLICATION_ACCESS|APPLICATION_ACCESS|APPLICATION_ACCESS|APPLICATION_ACCESS|APPLICATION_ACCESS|MEETING_JOIN|APPLICATION_ACCESS|BREAK_START|BREAK_END|EMAIL_ACCESS|APPLICATION_ACCESS|EMAIL_ACCESS|APPLICATION_ACCESS|APPLICATION_ACCESS|APPLICATION_ACCESS|APPLICATION_ACCESS|EMAIL_ACCESS|APPLICATION_ACCESS|VPN_DISCONNECT|LOGOUT,25,1,1,0.01,0,0,1,1,1,0.4806,0.15,0,4.137,0,0.35,3.228,7.6125,0.0,0,12,2,normal,,
EMP-038,2026-03-10,DEVICE_CONNECT|LOGIN|RESOURCE_ACCESS|RESOURCE_ACCESS|RESOURCE_ACCESS|APPLICATION_ACCESS|RESOURCE_ACCESS|RESOURCE_ACCESS|EMAIL_ACCESS|MEETING_JOIN|RESOURCE_ACCESS|EMAIL_ACCESS|APPLICATION_ACCESS|EMAIL_ACCESS|APPLICATION_ACCESS|RESOURCE_ACCESS|RESOURCE_ACCESS|BREAK_START|BREAK_END|MEETING_JOIN|EMAIL_ACCESS|RESOURCE_ACCESS|APPLICATION_ACCESS|RESOURCE_ACCESS|EMAIL_ACCESS|MEETING_JOIN|RESOURCE_ACCESS|APPLICATION_ACCESS|RESOURCE_ACCESS|RESOURCE_ACCESS|RESOURCE_ACCESS|RESOURCE_ACCESS|APPLICATION_ACCESS|APPLICATION_ACCESS|RESOURCE_ACCESS|LOGOUT,36,1,1,0.015,0,0,1,1,1,0.529,0.15,0,5.4233,0,0.05,3.7887,8.0054,0.0,0,7,2,normal,,
EMP-039,2026-03-10,DEVICE_CONNECT|LOGIN|VPN_CONNECT|APPLICATION_ACCESS|APPLICATION_ACCESS|APPLICATION_ACCESS|APPLICATION_ACCESS|APPLICATION_ACCESS|EMAIL_ACCESS|EMAIL_ACCESS|EMAIL_ACCESS|APPLICATION_ACCESS|APPLICATION_ACCESS|APPLICATION_ACCESS|APPLICATION_ACCESS|EMAIL_ACCESS|APPLICATION_ACCESS|BREAK_START|BREAK_END|EMAIL_ACCESS|APPLICATION_ACCESS|APPLICATION_ACCESS|APPLICATION_ACCESS|APPLICATION_ACCESS|APPLICATION_ACCESS|APPLICATION_ACCESS|APPLICATION_ACCESS|EMAIL_ACCESS|APPLICATION_ACCESS|APPLICATION_ACCESS|APPLICATION_ACCESS|APPLICATION_ACCESS|EMAIL_ACCESS|VPN_DISCONNECT|LOGOUT,35,1,1,0.02,0,0,1,1,1,0.5114,0.15,0,6.4998,0,0.35,5.0827,8.4168,0.0,0,21,2,normal,,
EMP-040,2026-03-07,DEVICE_CONNECT|LOGIN|APPLICATION_ACCESS|APPLICATION_ACCESS|APPLICATION_ACCESS|APPLICATION_ACCESS|EMAIL_ACCESS|APPLICATION_ACCESS|APPLICATION_ACCESS|EMAIL_ACCESS|APPLICATION_ACCESS|APPLICATION_ACCESS|BREAK_START|BREAK_END|APPLICATION_ACCESS|APPLICATION_ACCESS|EMAIL_ACCESS|APPLICATION_ACCESS|APPLICATION_ACCESS|APPLICATION_ACCESS|MEETING_JOIN|APPLICATION_ACCESS|APPLICATION_ACCESS|APPLICATION_ACCESS|APPLICATION_ACCESS|LOGOUT,26,1,1,0.01,0,0,1,1,1,0.6332,0.15,0,7.082,0,0.05,3.5067,7.7671,0.0,0,17,2,normal,,
EMP-041,2026-03-07,DEVICE_CONNECT|LOGIN|VPN_CONNECT|APPLICATION_ACCESS|RESOURCE_ACCESS|APPLICATION_ACCESS|EMAIL_ACCESS|APPLICATION_ACCESS|APPLICATION_ACCESS|RESOURCE_ACCESS|RESOURCE_ACCESS|RESOURCE_ACCESS|MEETING_JOIN|APPLICATION_ACCESS|BREAK_START|BREAK_END|EMAIL_ACCESS|APPLICATION_ACCESS|APPLICATION_ACCESS|APPLICATION_ACCESS|EMAIL_ACCESS|APPLICATION_ACCESS|APPLICATION_ACCESS|APPLICATION_ACCESS|APPLICATION_ACCESS|EMAIL_ACCESS|APPLICATION_ACCESS|VPN_DISCONNECT|LOGOUT,29,1,1,0.015,0,0,1,1,1,0.4916,0.15,0,4.8918,0,0.35,3.9778,8.1165,0.0,0,13,2,normal,,
EMP-042,2026-03-07,DEVICE_CONNECT|LOGIN|MEETING_JOIN|APPLICATION_ACCESS|RESOURCE_ACCESS|APPLICATION_ACCESS|RESOURCE_ACCESS|RESOURCE_ACCESS|MEETING_JOIN|APPLICATION_ACCESS|RESOURCE_ACCESS|MEETING_JOIN|APPLICATION_ACCESS|RESOURCE_ACCESS|BREAK_START|BREAK_END|RESOURCE_ACCESS|RESOURCE_ACCESS|MEETING_JOIN|RESOURCE_ACCESS|RESOURCE_ACCESS|RESOURCE_ACCESS|RESOURCE_ACCESS|RESOURCE_ACCESS|RESOURCE_ACCESS|RESOURCE_ACCESS|RESOURCE_ACCESS|APPLICATION_ACCESS|LOGOUT,29,1,1,0.02,0,0,1,1,1,0.5392,0.15,0,5.1109,0,0.05,5.3408,8.3681,0.0,0,5,2,normal,,
EMP-043,2026-03-08,DEVICE_CONNECT|LOGIN|VPN_CONNECT|APPLICATION_ACCESS|APPLICATION_ACCESS|APPLICATION_ACCESS|APPLICATION_ACCESS|APPLICATION_ACCESS|EMAIL_ACCESS|EMAIL_ACCESS|APPLICATION_ACCESS|APPLICATION_ACCESS|APPLICATION_ACCESS|APPLICATION_ACCESS|APPLICATION_ACCESS|APPLICATION_ACCESS|APPLICATION_ACCESS|APPLICATION_ACCESS|BREAK_START|BREAK_END|MEETING_JOIN|APPLICATION_ACCESS|APPLICATION_ACCESS|EMAIL_ACCESS|APPLICATION_ACCESS|EMAIL_ACCESS|EMAIL_ACCESS|APPLICATION_ACCESS|EMAIL_ACCESS|APPLICATION_ACCESS|APPLICATION_ACCESS|APPLICATION_ACCESS|MEETING_JOIN|EMAIL_ACCESS|APPLICATION_ACCESS|VPN_DISCONNECT|LOGOUT,37,1,1,0.01,0,0,1,1,1,0.5928,0.15,0,4.6681,0,0.35,3.0779,7.5169,0.0,0,21,2,normal,,
EMP-044,2026-03-08,DEVICE_CONNECT|LOGIN|VPN_CONNECT|APPLICATION_ACCESS|APPLICATION_ACCESS|EMAIL_ACCESS|APPLICATION_ACCESS|EMAIL_ACCESS|EMAIL_ACCESS|EMAIL_ACCESS|APPLICATION_ACCESS|APPLICATION_ACCESS|APPLICATION_ACCESS|APPLICATION_ACCESS|EMAIL_ACCESS|BREAK_START|BREAK_END|APPLICATION_ACCESS|APPLICATION_ACCESS|EMAIL_ACCESS|APPLICATION_ACCESS|APPLICATION_ACCESS|APPLICATION_ACCESS|APPLICATION_ACCESS|APPLICATION_ACCESS|APPLICATION_ACCESS|APPLICATION_ACCESS|APPLICATION_ACCESS|APPLICATION_ACCESS|APPLICATION_ACCESS|VPN_DISCONNECT|LOGOUT,32,1,1,0.015,0,0,1,1,1,0.6055,0.15,0,5.5562,0,0.35,3.7981,8.0619,0.0,0,19,2,normal,,
EMP-045,2026-03-07,DEVICE_CONNECT|LOGIN|VPN_CONNECT|EMAIL_ACCESS|EMAIL_ACCESS|APPLICATION_ACCESS|EMAIL_ACCESS|APPLICATION_ACCESS|APPLICATION_ACCESS|APPLICATION_ACCESS|APPLICATION_ACCESS|APPLICATION_ACCESS|BREAK_START|BREAK_END|APPLICATION_ACCESS|APPLICATION_ACCESS|APPLICATION_ACCESS|EMAIL_ACCESS|APPLICATION_ACCESS|EMAIL_ACCESS|APPLICATION_ACCESS|APPLICATION_ACCESS|APPLICATION_ACCESS|VPN_DISCONNECT|LOGOUT,25,1,1,0.02,0,0,1,1,1,0.4066,0.15,0,6.9479,0,0.35,4.807,8.7726,0.0,0,13,2,normal,,
EMP-046,2026-03-06,DEVICE_CONNECT|LOGIN|MEETING_JOIN|MEETING_JOIN|APPLICATION_ACCESS|APPLICATION_ACCESS|APPLICATION_ACCESS|EMAIL_ACCESS|APPLICATION_ACCESS|APPLICATION_ACCESS|MEETING_JOIN|APPLICATION_ACCESS|APPLICATION_ACCESS|EMAIL_ACCESS|APPLICATION_ACCESS|APPLICATION_ACCESS|BREAK_START|BREAK_END|EMAIL_ACCESS|EMAIL_ACCESS|APPLICATION_ACCESS|APPLICATION_ACCESS|EMAIL_ACCESS|FILE_ACCESS|MEETING_JOIN|FILE_ACCESS|FILE_ACCESS|MEETING_JOIN|FILE_ACCESS|APPLICATION_ACCESS|EMAIL_ACCESS|APPLICATION_ACCESS|APPLICATION_ACCESS|LOGOUT,34,1,1,0.01,0,0,1,1,1,0.5127,0.15,0,5.0272,0,0.05,2.8675,7.5568,0.11764705882352941,0,14,4,normal,,
EMP-047,2026-03-10,DEVICE_CONNECT|LOGIN|APPLICATION_ACCESS|APPLICATION_ACCESS|MEETING_JOIN|APPLICATION_ACCESS|APPLICATION_ACCESS|APPLICATION_ACCESS|FILE_ACCESS|EMAIL_ACCESS|APPLICATION_ACCESS|APPLICATION_ACCESS|APPLICATION_ACCESS|APPLICATION_ACCESS|APPLICATION_ACCESS|APPLICATION_ACCESS|MEETING_JOIN|BREAK_START|BREAK_END|APPLICATION_ACCESS|FILE_ACCESS|EMAIL_ACCESS|FILE_ACCESS|APPLICATION_ACCESS|APPLICATION_ACCESS|APPLICATION_ACCESS|APPLICATION_ACCESS|APPLICATION_ACCESS|FILE_ACCESS|EMAIL_ACCESS|FILE_ACCESS|APPLICATION_ACCESS|APPLICATION_ACCESS|EMAIL_ACCESS|EMAIL_ACCESS|LOGOUT,36,1,1,0.015,0,0,1,1,1,0.5117,0.15,0,5.847,0,0.05,4.4294,7.8466,0.1388888888888889,0,19,5,normal,,
EMP-048,2026-03-08,DEVICE_CONNECT|LOGIN|EMAIL_ACCESS|APPLICATION_ACCESS|EMAIL_ACCESS|APPLICATION_ACCESS|APPLICATION_ACCESS|EMAIL_ACCESS|APPLICATION_ACCESS|APPLICATION_ACCESS|BREAK_START|BREAK_END|APPLICATION_ACCESS|APPLICATION_ACCESS|APPLICATION_ACCESS|APPLICATION_ACCESS|APPLICATION_ACCESS|APPLICATION_ACCESS|APPLICATION_ACCESS|APPLICATION_ACCESS|LOGOUT,21,1,1,0.02,0,0,1,1,1,0.5771,0.15,0,4.7604,0,0.05,4.8459,8.8016,0.0,0,13,2,normal,,
EMP-049,2026-03-09,DEVICE_CONNECT|LOGIN|RESOURCE_ACCESS|APPLICATION_ACCESS|APPLICATION_ACCESS|RESOURCE_ACCESS|APPLICATION_ACCESS|RESOURCE_ACCESS|APPLICATION_ACCESS|APPLICATION_ACCESS|RESOURCE_ACCESS|RESOURCE_ACCESS|RESOURCE_ACCESS|APPLICATION_ACCESS|MEETING_JOIN|RESOURCE_ACCESS|BREAK_START|BREAK_END|APPLICATION_ACCESS|EMAIL_ACCESS|APPLICATION_ACCESS|RESOURCE_ACCESS|EMAIL_ACCESS|RESOURCE_ACCESS|RESOURCE_ACCESS|RESOURCE_ACCESS|MEETING_JOIN|RESOURCE_ACCESS|EMAIL_ACCESS|RESOURCE_ACCESS|EMAIL_ACCESS|RESOURCE_ACCESS|RESOURCE_ACCESS|LOGOUT,34,1,1,0.01,0,0,1,1,1,0.4216,0.15,0,6.407,0,0.05,3.3419,7.1898,0.0,0,8,2,normal,,
EMP-050,2026-03-06,DEVICE_CONNECT|LOGIN|APPLICATION_ACCESS|APPLICATION_ACCESS|APPLICATION_ACCESS|APPLICATION_ACCESS|APPLICATION_ACCESS|EMAIL_ACCESS|EMAIL_ACCESS|MEETING_JOIN|FILE_ACCESS|EMAIL_ACCESS|APPLICATION_ACCESS|BREAK_START|BREAK_END|APPLICATION_ACCESS|EMAIL_ACCESS|APPLICATION_ACCESS|APPLICATION_ACCESS|APPLICATION_ACCESS|APPLICATION_ACCESS|APPLICATION_ACCESS|APPLICATION_ACCESS|FILE_ACCESS|APPLICATION_ACCESS|APPLICATION_ACCESS|LOGOUT,27,1,1,0.015,0,0,1,1,1,0.5413,0.15,0,7.8313,0,0.05,3.9792,7.6199,0.07407407407407407,0,15,2,normal,,
EMP-051,2026-03-08,DEVICE_CONNECT|LOGIN|RESOURCE_ACCESS|RESOURCE_ACCESS|RESOURCE_ACCESS|EMAIL_ACCESS|APPLICATION_ACCESS|APPLICATION_ACCESS|APPLICATION_ACCESS|EMAIL_ACCESS|APPLICATION_ACCESS|RESOURCE_ACCESS|RESOURCE_ACCESS|RESOURCE_ACCESS|RESOURCE_ACCESS|EMAIL_ACCESS|RESOURCE_ACCESS|BREAK_START|BREAK_END|RESOURCE_ACCESS|APPLICATION_ACCESS|RESOURCE_ACCESS|RESOURCE_ACCESS|RESOURCE_ACCESS|MEETING_JOIN|RESOURCE_ACCESS|RESOURCE_ACCESS|RESOURCE_ACCESS|RESOURCE_ACCESS|RESOURCE_ACCESS|EMAIL_ACCESS|APPLICATION_ACCESS|MEETING_JOIN|RESOURCE_ACCESS|RESOURCE_ACCESS|LOGOUT,36,1,1,0.02,0,0,1,1,1,0.5154,0.15,0,3.5203,0,0.05,5.4487,8.4868,0.0,0,6,2,normal,,
EMP-052,2026-03-06,DEVICE_CONNECT|LOGIN|APPLICATION_ACCESS|APPLICATION_ACCESS|APPLICATION_ACCESS|EMAIL_ACCESS|MEETING_JOIN|APPLICATION_ACCESS|APPLICATION_ACCESS|APPLICATION_ACCESS|BREAK_START|BREAK_END|APPLICATION_ACCESS|APPLICATION_ACCESS|EMAIL_ACCESS|APPLICATION_ACCESS|APPLICATION_ACCESS|EMAIL_ACCESS|APPLICATION_ACCESS|MEETING_JOIN|LOGOUT,21,1,1,0.01,0,0,1,1,1,0.6276,0.15,0,3.9299,0,0.05,3.3866,7.7974,0.0,0,11,2,normal,,
EMP-053,2026-03-06,DEVICE_CONNECT|LOGIN|VPN_CONNECT|RESOURCE_ACCESS|RESOURCE_ACCESS|RESOURCE_ACCESS|APPLICATION_ACCESS|APPLICATION_ACCESS|RESOURCE_ACCESS|EMAIL_ACCESS|RESOURCE_ACCESS|MEETING_JOIN|RESOURCE_ACCESS|EMAIL_ACCESS|EMAIL_ACCESS|MEETING_JOIN|APPLICATION_ACCESS|RESOURCE_ACCESS|BREAK_START|BREAK_END|APPLICATION_ACCESS|APPLICATION_ACCESS|EMAIL_ACCESS|APPLICATION_ACCESS|RESOURCE_ACCESS|EMAIL_ACCESS|APPLICATION_ACCESS|APPLICATION_ACCESS|EMAIL_ACCESS|RESOURCE_ACCESS|RESOURCE_ACCESS|APPLICATION_ACCESS|RESOURCE_ACCESS|RESOURCE_ACCESS|RESOURCE_ACCESS|VPN_DISCONNECT|LOGOUT,37,1,1,0.015,0,0,1,1,1,0.4677,0.15,0,4.8982,0,0.35,3.9512,8.1797,0.0,0,9,2,normal,,
EMP-054,2026-03-10,DEVICE_CONNECT|LOGIN|VPN_CONNECT|APPLICATION_ACCESS|APPLICATION_ACCESS|MEETING_JOIN|APPLICATION_ACCESS|RESOURCE_ACCESS|EMAIL_ACCESS|EMAIL_ACCESS|RESOURCE_ACCESS|APPLICATION_ACCESS|APPLICATION_ACCESS|APPLICATION_ACCESS|EMAIL_ACCESS|RESOURCE_ACCESS|EMAIL_ACCESS|FILE_ACCESS|FILE_ACCESS|BREAK_START|BREAK_END|RESOURCE_ACCESS|EMAIL_ACCESS|EMAIL_ACCESS|MEETING_JOIN|APPLICATION_ACCESS|APPLICATION_ACCESS|RESOURCE_ACCESS|RESOURCE_ACCESS|APPLICATION_ACCESS|FILE_ACCESS|APPLICATION_ACCESS|EMAIL_ACCESS|EMAIL_ACCESS|RESOURCE_ACCESS|RESOURCE_ACCESS|RESOURCE_ACCESS|VPN_DISCONNECT|LOGOUT,39,1,1,0.02,0,0,1,1,1,0.4616,0.15,0,6.4329,0,0.35,5.4177,8.1352,0.07692307692307693,0,10,3,normal,,
EMP-055,2026-03-08,DEVICE_CONNECT|LOGIN|VPN_CONNECT|APPLICATION_ACCESS|EMAIL_ACCESS|RESOURCE_ACCESS|APPLICATION_ACCESS|APPLICATION_ACCESS|APPLICATION_ACCESS|RESOURCE_ACCESS|EMAIL_ACCESS|RESOURCE_ACCESS|RESOURCE_ACCESS|EMAIL_ACCESS|RESOURCE_ACCESS|RESOURCE_ACCESS|MEETING_JOIN|BREAK_START|BREAK_END|MEETING_JOIN|MEETING_JOIN|RESOURCE_ACCESS|APPLICATION_ACCESS|MEETING_JOIN|RESOURCE_ACCESS|RESOURCE_ACCESS|APPLICATION_ACCESS|APPLICATION_ACCESS|RESOURCE_ACCESS|RESOURCE_ACCESS|RESOURCE_ACCESS|EMAIL_ACCESS|RESOURCE_ACCESS|APPLICATION_ACCESS|VPN_DISCONNECT|LOGOUT,36,1,1,0.01,0,0,1,1,1,0.5333,0.15,0,9.1676,0,0.35,3.3194,7.1825,0.0,0,8,2,normal,,
EMP-056,2026-03-09,DEVICE_CONNECT|LOGIN|VPN_CONNECT|APPLICATION_ACCESS|VPN_CONNECT|LOGIN|APPLICATION_ACCESS|RESOURCE_ACCESS|FILE_ACCESS|FILE_ACCESS|LOGOUT|APPLICATION_ACCESS|APPLICATION_ACCESS|MEETING_JOIN|APPLICATION_ACCESS|APPLICATION_ACCESS|APPLICATION_ACCESS|APPLICATION_ACCESS|APPLICATION_ACCESS|APPLICATION_ACCESS|APPLICATION_ACCESS|APPLICATION_ACCESS|BREAK_START|BREAK_END|APPLICATION_ACCESS|EMAIL_ACCESS|EMAIL_ACCESS|APPLICATION_ACCESS|EMAIL_ACCESS|EMAIL_ACCESS|APPLICATION_ACCESS|MEETING_JOIN|APPLICATION_ACCESS|APPLICATION_ACCESS|APPLICATION_ACCESS|APPLICATION_ACCESS|VPN_DISCONNECT|LOGOUT,38,1,1,0.015,0,0,1,1,1,0.5522,0.15,0,4.7755,0,0.35,3.6518,8.1111,0.05263157894736842,0,19,2,normal,,
EMP-057,2026-03-10,DEVICE_CONNECT|LOGIN|VPN_CONNECT|APPLICATION_ACCESS|APPLICATION_ACCESS|APPLICATION_ACCESS|APPLICATION_ACCESS|EMAIL_ACCESS|APPLICATION_ACCESS|EMAIL_ACCESS|EMAIL_ACCESS|APPLICATION_ACCESS|APPLICATION_ACCESS|APPLICATION_ACCESS|APPLICATION_ACCESS|APPLICATION_ACCESS|MEETING_JOIN|APPLICATION_ACCESS|BREAK_START|BREAK_END|APPLICATION_ACCESS|APPLICATION_ACCESS|APPLICATION_ACCESS|APPLICATION_ACCESS|MEETING_JOIN|APPLICATION_ACCESS|APPLICATION_ACCESS|APPLICATION_ACCESS|APPLICATION_ACCESS|MEETING_JOIN|APPLICATION_ACCESS|APPLICATION_ACCESS|APPLICATION_ACCESS|APPLICATION_ACCESS|APPLICATION_ACCESS|APPLICATION_ACCESS|VPN_DISCONNECT|LOGOUT,38,1,1,0.02,0,0,1,1,1,0.4193,0.15,0,4.3299,0,0.35,4.9293,8.3553,0.0,0,25,2,normal,,
EMP-058,2026-03-06,DEVICE_CONNECT|LOGIN|APPLICATION_ACCESS|EMAIL_ACCESS|MEETING_JOIN|RESOURCE_ACCESS|MEETING_JOIN|APPLICATION_ACCESS|RESOURCE_ACCESS|APPLICATION_ACCESS|APPLICATION_ACCESS|BREAK_START|BREAK_END|RESOURCE_ACCESS|APPLICATION_ACCESS|APPLICATION_ACCESS|RESOURCE_ACCESS|RESOURCE_ACCESS|APPLICATION_ACCESS|MEETING_JOIN|APPLICATION_ACCESS|APPLICATION_ACCESS|EMAIL_ACCESS|LOGOUT,24,1,1,0.01,0,0,1,1,1,0.4773,0.15,0,4.9725,0,0.05,3.55,7.1916,0.0,0,9,2,normal,,
EMP-059,2026-03-09,DEVICE_CONNECT|LOGIN|VPN_CONNECT|APPLICATION_ACCESS|APPLICATION_ACCESS|APPLICATION_ACCESS|APPLICATION_ACCESS|APPLICATION_ACCESS|APPLICATION_ACCESS|APPLICATION_ACCESS|APPLICATION_ACCESS|APPLICATION_ACCESS|APPLICATION_ACCESS|APPLICATION_ACCESS|APPLICATION_ACCESS|APPLICATION_ACCESS|APPLICATION_ACCESS|APPLICATION_ACCESS|APPLICATION_ACCESS|APPLICATION_ACCESS|EMAIL_ACCESS|APPLICATION_ACCESS|APPLICATION_ACCESS|APPLICATION_ACCESS|APPLICATION_ACCESS|EMAIL_ACCESS|APPLICATION_ACCESS|APPLICATION_ACCESS|APPLICATION_ACCESS|APPLICATION_ACCESS|EMAIL_ACCESS|EMAIL_ACCESS|VPN_DISCONNECT|LOGOUT,34,1,1,0.015,0,0,1,1,1,0.5514,0.15,0,6.1197,0,0.35,3.7822,7.8803,0.0,0,25,2,normal,,
EMP-060,2026-03-08,DEVICE_CONNECT|LOGIN|VPN_CONNECT|APPLICATION_ACCESS|FILE_ACCESS|MEETING_JOIN|FILE_ACCESS|APPLICATION_ACCESS|APPLICATION_ACCESS|EMAIL_ACCESS|APPLICATION_ACCESS|APPLICATION_ACCESS|APPLICATION_ACCESS|APPLICATION_ACCESS|APPLICATION_ACCESS|APPLICATION_ACCESS|APPLICATION_ACCESS|FILE_ACCESS|BREAK_START|BREAK_END|EMAIL_ACCESS|APPLICATION_ACCESS|MEETING_JOIN|APPLICATION_ACCESS|APPLICATION_ACCESS|APPLICATION_ACCESS|APPLICATION_ACCESS|EMAIL_ACCESS|APPLICATION_ACCESS|APPLICATION_ACCESS|APPLICATION_ACCESS|FILE_ACCESS|FILE_ACCESS|APPLICATION_ACCESS|APPLICATION_ACCESS|APPLICATION_ACCESS|VPN_DISCONNECT|LOGOUT,38,1,1,0.02,0,0,1,1,1,0.6443,0.15,0,8.912,0,0.35,4.6055,8.5593,0.13157894736842105,0,21,5,normal,,
EMP-061,2026-03-07,DEVICE_CONNECT|LOGIN|VPN_CONNECT|EMAIL_ACCESS|EMAIL_ACCESS|APPLICATION_ACCESS|APPLICATION_ACCESS|APPLICATION_ACCESS|EMAIL_ACCESS|EMAIL_ACCESS|APPLICATION_ACCESS|APPLICATION_ACCESS|APPLICATION_ACCESS|APPLICATION_ACCESS|MEETING_JOIN|MEETING_JOIN|BREAK_START|BREAK_END|APPLICATION_ACCESS|APPLICATION_ACCESS|APPLICATION_ACCESS|EMAIL_ACCESS|APPLICATION_ACCESS|APPLICATION_ACCESS|APPLICATION_ACCESS|APPLICATION_ACCESS|APPLICATION_ACCESS|MEETING_JOIN|APPLICATION_ACCESS|APPLICATION_ACCESS|APPLICATION_ACCESS|VPN_DISCONNECT|LOGOUT,33,1,1,0.01,0,0,1,1,1,0.4613,0.15,0,3.5162,0,0.35,2.5561,7.4549,0.0,0,18,2,normal,,
EMP-062,2026-03-07,DEVICE_CONNECT|LOGIN|VPN_CONNECT|APPLICATION_ACCESS|APPLICATION_ACCESS|EMAIL_ACCESS|EMAIL_ACCESS|APPLICATION_ACCESS|APPLICATION_ACCESS|MEETING_JOIN|RESOURCE_ACCESS|APPLICATION_ACCESS|RESOURCE_ACCESS|RESOURCE_ACCESS|APPLICATION_ACCESS|APPLICATION_ACCESS|APPLICATION_ACCESS|RESOURCE_ACCESS|BREAK_START|BREAK_END|APPLICATION_ACCESS|RESOURCE_ACCESS|APPLICATION_ACCESS|APPLICATION_ACCESS|RESOURCE_ACCESS|EMAIL_ACCESS|MEETING_JOIN|MEETING_JOIN|APPLICATION_ACCESS|APPLICATION_ACCESS|APPLICATION_ACCESS|RESOURCE_ACCESS|MEETING_JOIN|APPLICATION_ACCESS|APPLICATION_ACCESS|VPN_DISCONNECT|LOGOUT,37,1,1,0.015,0,0,1,1,1,0.5403,0.15,0,3.6514,0,0.35,3.5033,7.9069,0.0,0,16,2,normal,,
EMP-063,2026-03-07,DEVICE_CONNECT|LOGIN|VPN_CONNECT|APPLICATION_ACCESS|APPLICATION_ACCESS|EMAIL_ACCESS|APPLICATION_ACCESS|APPLICATION_ACCESS|APPLICATION_ACCESS|APPLICATION_ACCESS|APPLICATION_ACCESS|APPLICATION_ACCESS|APPLICATION_ACCESS|APPLICATION_ACCESS|APPLICATION_ACCESS|APPLICATION_ACCESS|BREAK_START|BREAK_END|APPLICATION_ACCESS|EMAIL_ACCESS|EMAIL_ACCESS|APPLICATION_ACCESS|APPLICATION_ACCESS|APPLICATION_ACCESS|APPLICATION_ACCESS|APPLICATION_ACCESS|APPLICATION_ACCESS|APPLICATION_ACCESS|APPLICATION_ACCESS|EMAIL_ACCESS|APPLICATION_ACCESS|VPN_DISCONNECT|LOGOUT,33,1,1,0.02,0,0,1,1,1,0.5179,0.15,0,6.2884,0,0.35,5.4034,8.5742,0.0,0,22,2,normal,,
EMP-064,2026-03-06,DEVICE_CONNECT|LOGIN|VPN_CONNECT|APPLICATION_ACCESS|APPLICATION_ACCESS|EMAIL_ACCESS|APPLICATION_ACCESS|APPLICATION_ACCESS|APPLICATION_ACCESS|APPLICATION_ACCESS|APPLICATION_ACCESS|EMAIL_ACCESS|APPLICATION_ACCESS|APPLICATION_ACCESS|EMAIL_ACCESS|APPLICATION_ACCESS|EMAIL_ACCESS|APPLICATION_ACCESS|MEETING_JOIN|BREAK_START|BREAK_END|MEETING_JOIN|APPLICATION_ACCESS|EMAIL_ACCESS|EMAIL_ACCESS|APPLICATION_ACCESS|APPLICATION_ACCESS|APPLICATION_ACCESS|APPLICATION_ACCESS|EMAIL_ACCESS|EMAIL_ACCESS|EMAIL_ACCESS|EMAIL_ACCESS|APPLICATION_ACCESS|APPLICATION_ACCESS|MEETING_JOIN|APPLICATION_ACCESS|VPN_DISCONNECT|LOGOUT,39,1,1,0.01,0,0,1,1,1,0.6116,0.15,0,6.4373,0,0.35,3.2555,7.754,0.0,0,19,2,normal,,
EMP-065,2026-03-10,DEVICE_CONNECT|LOGIN|APPLICATION_ACCESS|EMAIL_ACCESS|APPLICATION_ACCESS|APPLICATION_ACCESS|APPLICATION_ACCESS|APPLICATION_ACCESS|APPLICATION_ACCESS|APPLICATION_ACCESS|MEETING_JOIN|EMAIL_ACCESS|APPLICATION_ACCESS|APPLICATION_ACCESS|APPLICATION_ACCESS|BREAK_START|BREAK_END|EMAIL_ACCESS|APPLICATION_ACCESS|EMAIL_ACCESS|APPLICATION_ACCESS|MEETING_JOIN|APPLICATION_ACCESS|APPLICATION_ACCESS|MEETING_JOIN|APPLICATION_ACCESS|MEETING_JOIN|APPLICATION_ACCESS|APPLICATION_ACCESS|APPLICATION_ACCESS|LOGOUT,31,1,1,0.015,0,0,1,1,1,0.4079,0.15,0,9.2684,0,0.05,4.0813,8.2115,0.0,0,18,2,normal,,
EMP-066,2026-03-07,DEVICE_CONNECT|LOGIN|VPN_CONNECT|RESOURCE_ACCESS|RESOURCE_ACCESS|APPLICATION_ACCESS|RESOURCE_ACCESS|APPLICATION_ACCESS|EMAIL_ACCESS|RESOURCE_ACCESS|MEETING_JOIN|EMAIL_ACCESS|EMAIL_ACCESS|MEETING_JOIN|RESOURCE_ACCESS|RESOURCE_ACCESS|EMAIL_ACCESS|BREAK_START|BREAK_END|EMAIL_ACCESS|EMAIL_ACCESS|MEETING_JOIN|RESOURCE_ACCESS|EMAIL_ACCESS|APPLICATION_ACCESS|APPLICATION_ACCESS|RESOURCE_ACCESS|MEETING_JOIN|EMAIL_ACCESS|MEETING_JOIN|RESOURCE_ACCESS|APPLICATION_ACCESS|APPLICATION_ACCESS|APPLICATION_ACCESS|VPN_DISCONNECT|LOGOUT,36,1,1,0.02,0,0,1,1,1,0.5313,0.15,0,5.2591,0,0.35,4.9467,8.4746,0.0,0,7,2,normal,,
EMP-067,2026-03-08,DEVICE_CONNECT|LOGIN|VPN_CONNECT|APPLICATION_ACCESS|EMAIL_ACCESS|APPLICATION_ACCESS|APPLICATION_ACCESS|APPLICATION_ACCESS|EMAIL_ACCESS|APPLICATION_ACCESS|APPLICATION_ACCESS|APPLICATION_ACCESS|BREAK_START|BREAK_END|APPLICATION_ACCESS|APPLICATION_ACCESS|APPLICATION_ACCESS|APPLICATION_ACCESS|EMAIL_ACCESS|EMAIL_ACCESS|APPLICATION_ACCESS|APPLICATION_ACCESS|APPLICATION_ACCESS|VPN_DISCONNECT|LOGOUT,25,1,1,0.01,0,0,1,1,1,0.5471,0.15,0,6.3423,0,0.35,3.4748,7.215,0.0,0,14,2,normal,,
EMP-068,2026-03-08,DEVICE_CONNECT|LOGIN|VPN_CONNECT|MEETING_JOIN|APPLICATION_ACCESS|APPLICATION_ACCESS|APPLICATION_ACCESS|APPLICATION_ACCESS|APPLICATION_ACCESS|APPLICATION_ACCESS|APPLICATION_ACCESS|APPLICATION_ACCESS|EMAIL_ACCESS|BREAK_START|BREAK_END|APPLICATION_ACCESS|APPLICATION_ACCESS|EMAIL_ACCESS|APPLICATION_ACCESS|APPLICATION_ACCESS|MEETING_JOIN|APPLICATION_ACCESS|EMAIL_ACCESS|APPLICATION_ACCESS|APPLICATION_ACCESS|VPN_DISCONNECT|LOGOUT,27,1,1,0.015,0,0,1,1,1,0.6413,0.15,0,5.6762,0,0.35,4.1982,8.1597,0.0,0,15,2,normal,,
EMP-069,2026-03-07,DEVICE_CONNECT|LOGIN|VPN_CONNECT|APPLICATION_ACCESS|APPLICATION_ACCESS|EMAIL_ACCESS|APPLICATION_ACCESS|APPLICATION_ACCESS|APPLICATION_ACCESS|APPLICATION_ACCESS|APPLICATION_ACCESS|EMAIL_ACCESS|APPLICATION_ACCESS|APPLICATION_ACCESS|EMAIL_ACCESS|MEETING_JOIN|APPLICATION_ACCESS|BREAK_START|BREAK_END|APPLICATION_ACCESS|APPLICATION_ACCESS|APPLICATION_ACCESS|APPLICATION_ACCESS|APPLICATION_ACCESS|APPLICATION_ACCESS|APPLICATION_ACCESS|APPLICATION_ACCESS|APPLICATION_ACCESS|APPLICATION_ACCESS|MEETING_JOIN|EMAIL_ACCESS|APPLICATION_ACCESS|APPLICATION_ACCESS|VPN_DISCONNECT|LOGOUT,35,1,1,0.02,0,0,1,1,1,0.4453,0.15,0,5.5908,0,0.35,4.8217,8.4803,0.0,0,22,2,normal,,
EMP-070,2026-03-06,DEVICE_CONNECT|LOGIN|APPLICATION_ACCESS|RESOURCE_ACCESS|MEETING_JOIN|APPLICATION_ACCESS|MEETING_JOIN|APPLICATION_ACCESS|RESOURCE_ACCESS|RESOURCE_ACCESS|APPLICATION_ACCESS|BREAK_START|BREAK_END|RESOURCE_ACCESS|RESOURCE_ACCESS|EMAIL_ACCESS|APPLICATION_ACCESS|EMAIL_ACCESS|RESOURCE_ACCESS|RESOURCE_ACCESS|RESOURCE_ACCESS|APPLICATION_ACCESS|RESOURCE_ACCESS|LOGOUT,24,1,1,0.01,0,0,1,1,1,0.5346,0.15,0,7.3468,0,0.05,3.0896,7.3789,0.0,0,6,2,normal,,
EMP-071,2026-03-10,DEVICE_CONNECT|LOGIN|VPN_CONNECT|APPLICATION_ACCESS|APPLICATION_ACCESS|APPLICATION_ACCESS|APPLICATION_ACCESS|APPLICATION_ACCESS|APPLICATION_ACCESS|EMAIL_ACCESS|APPLICATION_ACCESS|APPLICATION_ACCESS|EMAIL_ACCESS|APPLICATION_ACCESS|APPLICATION_ACCESS|EMAIL_ACCESS|APPLICATION_ACCESS|APPLICATION_ACCESS|APPLICATION_ACCESS|APPLICATION_ACCESS|EMAIL_ACCESS|APPLICATION_ACCESS|APPLICATION_ACCESS|APPLICATION_ACCESS|APPLICATION_ACCESS|APPLICATION_ACCESS|EMAIL_ACCESS|APPLICATION_ACCESS|APPLICATION_ACCESS|EMAIL_ACCESS|APPLICATION_ACCESS|VPN_DISCONNECT|LOGOUT,33,1,1,0.015,0,0,1,1,1,0.5103,0.15,0,4.9527,0,0.35,3.791,8.2374,0.0,0,22,2,normal,,
EMP-072,2026-03-06,DEVICE_CONNECT|LOGIN|APPLICATION_ACCESS|MEETING_JOIN|APPLICATION_ACCESS|EMAIL_ACCESS|MEETING_JOIN|MEETING_JOIN|RESOURCE_ACCESS|RESOURCE_ACCESS|APPLICATION_ACCESS|APPLICATION_ACCESS|APPLICATION_ACCESS|RESOURCE_ACCESS|RESOURCE_ACCESS|APPLICATION_ACCESS|EMAIL_ACCESS|RESOURCE_ACCESS|BREAK_START|BREAK_END|APPLICATION_ACCESS|MEETING_JOIN|RESOURCE_ACCESS|RESOURCE_ACCESS|RESOURCE_ACCESS|EMAIL_ACCESS|APPLICATION_ACCESS|APPLICATION_ACCESS|APPLICATION_ACCESS|RESOURCE_ACCESS|EMAIL_ACCESS|RESOURCE_ACCESS|MEETING_JOIN|RESOURCE_ACCESS|RESOURCE_ACCESS|APPLICATION_ACCESS|LOGOUT,37,1,1,0.02,0,0,1,1,1,0.6292,0.15,0,5.0982,0,0.05,4.8961,8.4207,0.0,0,11,2,normal,,
EMP-073,2026-03-09,DEVICE_CONNECT|LOGIN|VPN_CONNECT|APPLICATION_ACCESS|APPLICATION_ACCESS|EMAIL_ACCESS|APPLICATION_ACCESS|APPLICATION_ACCESS|APPLICATION_ACCESS|APPLICATION_ACCESS|APPLICATION_ACCESS|APPLICATION_ACCESS|APPLICATION_ACCESS|EMAIL_ACCESS|APPLICATION_ACCESS|APPLICATION_ACCESS|BREAK_START|BREAK_END|APPLICATION_ACCESS|APPLICATION_ACCESS|APPLICATION_ACCESS|APPLICATION_ACCESS|EMAIL_ACCESS|APPLICATION_ACCESS|APPLICATION_ACCESS|APPLICATION_ACCESS|APPLICATION_ACCESS|APPLICATION_ACCESS|APPLICATION_ACCESS|APPLICATION_ACCESS|APPLICATION_ACCESS|APPLICATION_ACCESS|VPN_DISCONNECT|LOGOUT,34,1,1,0.01,0,0,1,1,1,0.4244,0.15,0,4.9771,0,0.35,2.4793,7.4859,0.0,0,24,2,normal,,
EMP-074,2026-03-08,DEVICE_CONNECT|LOGIN|VPN_CONNECT|MEETING_JOIN|RESOURCE_ACCESS|APPLICATION_ACCESS|RESOURCE_ACCESS|RESOURCE_ACCESS|APPLICATION_ACCESS|RESOURCE_ACCESS|APPLICATION_ACCESS|APPLICATION_ACCESS|RESOURCE_ACCESS|APPLICATION_ACCESS|APPLICATION_ACCESS|EMAIL_ACCESS|MEETING_JOIN|BREAK_START|BREAK_END|RESOURCE_ACCESS|EMAIL_ACCESS|APPLICATION_ACCESS|APPLICATION_ACCESS|RESOURCE_ACCESS|RESOURCE_ACCESS|APPLICATION_ACCESS|APPLICATION_ACCESS|RESOURCE_ACCESS|RESOURCE_ACCESS|APPLICATION_ACCESS|RESOURCE_ACCESS|APPLICATION_ACCESS|MEETING_JOIN|RESOURCE_ACCESS|VPN_DISCONNECT|LOGOUT,36,1,1,0.015,0,0,1,1,1,0.5314,0.15,0,7.2729,0,0.35,3.9224,8.2275,0.0,0,12,2,normal,,
EMP-075,2026-03-06,DEVICE_CONNECT|LOGIN|APPLICATION_ACCESS|APPLICATION_ACCESS|APPLICATION_ACCESS|APPLICATION_ACCESS|APPLICATION_ACCESS|EMAIL_ACCESS|APPLICATION_ACCESS|APPLICATION_ACCESS|APPLICATION_ACCESS|APPLICATION_ACCESS|APPLICATION_ACCESS|APPLICATION_ACCESS|APPLICATION_ACCESS|BREAK_START|BREAK_END|APPLICATION_ACCESS|APPLICATION_ACCESS|APPLICATION_ACCESS|APPLICATION_ACCESS|APPLICATION_ACCESS|EMAIL_ACCESS|APPLICATION_ACCESS|APPLICATION_ACCESS|APPLICATION_ACCESS|EMAIL_ACCESS|EMAIL_ACCESS|EMAIL_ACCESS|EMAIL_ACCESS|APPLICATION_ACCESS|LOGOUT,32,1,1,0.02,0,0,1,1,1,0.5545,0.15,0,7.2085,0,0.05,4.4935,8.6301,0.0,0,21,2,normal,,
EMP-076,2026-03-10,DEVICE_CONNECT|LOGIN|VPN_CONNECT|APPLICATION_ACCESS|APPLICATION_ACCESS|APPLICATION_ACCESS|APPLICATION_ACCESS|EMAIL_ACCESS|EMAIL_ACCESS|APPLICATION_ACCESS|EMAIL_ACCESS|BREAK_START|BREAK_END|APPLICATION_ACCESS|APPLICATION_ACCESS|EMAIL_ACCESS|APPLICATION_ACCESS|APPLICATION_ACCESS|APPLICATION_ACCESS|EMAIL_ACCESS|EMAIL_ACCESS|VPN_DISCONNECT|LOGOUT,23,1,1,0.01,0,0,1,1,1,0.6337,0.15,0,2.843,0,0.35,2.7905,7.5769,0.0,0,10,2,normal,,
EMP-077,2026-03-10,DEVICE_CONNECT|LOGIN|APPLICATION_ACCESS|APPLICATION_ACCESS|EMAIL_ACCESS|EMAIL_ACCESS|EMAIL_ACCESS|APPLICATION_ACCESS|EMAIL_ACCESS|APPLICATION_ACCESS|BREAK_START|BREAK_END|APPLICATION_ACCESS|APPLICATION_ACCESS|APPLICATION_ACCESS|EMAIL_ACCESS|APPLICATION_ACCESS|MEETING_JOIN|APPLICATION_ACCESS|APPLICATION_ACCESS|LOGOUT,21,1,1,0.015,0,0,1,1,1,0.4822,0.15,0,4.0285,0,0.05,3.4835,8.3647,0.0,0,10,2,normal,,
EMP-078,2026-03-10,DEVICE_CONNECT|LOGIN|EMAIL_ACCESS|APPLICATION_ACCESS|APPLICATION_ACCESS|APPLICATION_ACCESS|APPLICATION_ACCESS|APPLICATION_ACCESS|APPLICATION_ACCESS|APPLICATION_ACCESS|APPLICATION_ACCESS|APPLICATION_ACCESS|APPLICATION_ACCESS|APPLICATION_ACCESS|EMAIL_ACCESS|APPLICATION_ACCESS|APPLICATION_ACCESS|APPLICATION_ACCESS|EMAIL_ACCESS|APPLICATION_ACCESS|APPLICATION_ACCESS|LOGOUT,22,1,1,0.02,0,0,1,1,1,0.5186,0.15,0,6.2892,0,0.05,4.7929,8.7559,0.0,0,16,2,normal,,
EMP-079,2026-03-10,DEVICE_CONNECT|LOGIN|VPN_CONNECT|APPLICATION_ACCESS|APPLICATION_ACCESS|APPLICATION_ACCESS|APPLICATION_ACCESS|EMAIL_ACCESS|MEETING_JOIN|FILE_ACCESS|APPLICATION_ACCESS|APPLICATION_ACCESS|FILE_ACCESS|APPLICATION_ACCESS|APPLICATION_ACCESS|EMAIL_ACCESS|APPLICATION_ACCESS|BREAK_START|BREAK_END|APPLICATION_ACCESS|MEETING_JOIN|APPLICATION_ACCESS|APPLICATION_ACCESS|EMAIL_ACCESS|EMAIL_ACCESS|APPLICATION_ACCESS|APPLICATION_ACCESS|APPLICATION_ACCESS|APPLICATION_ACCESS|APPLICATION_ACCESS|APPLICATION_ACCESS|EMAIL_ACCESS|APPLICATION_ACCESS|EMAIL_ACCESS|VPN_DISCONNECT|LOGOUT,36,1,1,0.01,0,0,1,1,1,0.5091,0.15,0,7.9511,0,0.35,3.4839,7.8098,0.05555555555555555,0,19,2,normal,,
EMP-080,2026-03-06,DEVICE_CONNECT|LOGIN|VPN_CONNECT|APPLICATION_ACCESS|APPLICATION_ACCESS|APPLICATION_ACCESS|APPLICATION_ACCESS|APPLICATION_ACCESS|APPLICATION_ACCESS|APPLICATION_ACCESS|APPLICATION_ACCESS|APPLICATION_ACCESS|APPLICATION_ACCESS|APPLICATION_ACCESS|APPLICATION_ACCESS|APPLICATION_ACCESS|APPLICATION_ACCESS|APPLICATION_ACCESS|APPLICATION_ACCESS|VPN_DISCONNECT|LOGOUT,21,1,1,0.015,0,0,1,1,1,0.6257,0.15,0,8.4826,0,0.35,3.7498,7.9624,0.0,0,16,2,normal,,
EMP-081,2026-03-06,DEVICE_CONNECT|LOGIN|VPN_CONNECT|MEETING_JOIN|APPLICATION_ACCESS|APPLICATION_ACCESS|APPLICATION_ACCESS|APPLICATION_ACCESS|EMAIL_ACCESS|APPLICATION_ACCESS|APPLICATION_ACCESS|APPLICATION_ACCESS|APPLICATION_ACCESS|APPLICATION_ACCESS|APPLICATION_ACCESS|APPLICATION_ACCESS|EMAIL_ACCESS|FILE_ACCESS|BREAK_START|BREAK_END|EMAIL_ACCESS|APPLICATION_ACCESS|EMAIL_ACCESS|APPLICATION_ACCESS|FILE_ACCESS|APPLICATION_ACCESS|APPLICATION_ACCESS|FILE_ACCESS|APPLICATION_ACCESS|EMAIL_ACCESS|FILE_ACCESS|APPLICATION_ACCESS|APPLICATION_ACCESS|EMAIL_ACCESS|APPLICATION_ACCESS|VPN_DISCONNECT|LOGOUT,37,1,1,0.02,0,0,1,1,1,0.4578,0.15,0,3.087,0,0.35,4.7799,8.6452,0.10810810810810811,0,19,4,normal,,
EMP-082,2026-03-08,DEVICE_CONNECT|LOGIN|APPLICATION_ACCESS|APPLICATION_ACCESS|MEETING_JOIN|APPLICATION_ACCESS|APPLICATION_ACCESS|APPLICATION_ACCESS|EMAIL_ACCESS|APPLICATION_ACCESS|BREAK_START|BREAK_END|MEETING_JOIN|APPLICATION_ACCESS|APPLICATION_ACCESS|APPLICATION_ACCESS|APPLICATION_ACCESS|APPLICATION_ACCESS|APPLICATION_ACCESS|EMAIL_ACCESS|LOGOUT,21,1,1,0.01,0,0,1,1,1,0.5294,0.15,0,5.5387,0,0.05,3.524,7.8348,0.0,0,12,2,normal,,
EMP-083,2026-03-09,DEVICE_CONNECT|LOGIN|VPN_CONNECT|APPLICATION_ACCESS|APPLICATION_ACCESS|APPLICATION_ACCESS|EMAIL_ACCESS|EMAIL_ACCESS|APPLICATION_ACCESS|EMAIL_ACCESS|EMAIL_ACCESS|APPLICATION_ACCESS|APPLICATION_ACCESS|EMAIL_ACCESS|APPLICATION_ACCESS|EMAIL_ACCESS|APPLICATION_ACCESS|APPLICATION_ACCESS|APPLICATION_ACCESS|APPLICATION_ACCESS|APPLICATION_ACCESS|APPLICATION_ACCESS|EMAIL_ACCESS|EMAIL_ACCESS|APPLICATION_ACCESS|APPLICATION_ACCESS|APPLICATION_ACCESS|APPLICATION_ACCESS|APPLICATION_ACCESS|APPLICATION_ACCESS|VPN_DISCONNECT|LOGOUT,32,1,1,0.015,0,0,1,1,1,0.599,0.15,0,6.2482,0,0.35,4.0125,8.0892,0.0,0,19,2,normal,,
EMP-084,2026-03-10,DEVICE_CONNECT|LOGIN|VPN_CONNECT|APPLICATION_ACCESS|APPLICATION_ACCESS|EMAIL_ACCESS|EMAIL_ACCESS|APPLICATION_ACCESS|APPLICATION_ACCESS|EMAIL_ACCESS|APPLICATION_ACCESS|APPLICATION_ACCESS|APPLICATION_ACCESS|APPLICATION_ACCESS|APPLICATION_ACCESS|APPLICATION_ACCESS|APPLICATION_ACCESS|APPLICATION_ACCESS|APPLICATION_ACCESS|APPLICATION_ACCESS|APPLICATION_ACCESS|EMAIL_ACCESS|APPLICATION_ACCESS|APPLICATION_ACCESS|APPLICATION_ACCESS|APPLICATION_ACCESS|APPLICATION_ACCESS|APPLICATION_ACCESS|VPN_DISCONNECT|LOGOUT,30,1,1,0.02,0,0,1,1,1,0.6353,0.15,0,5.6872,0,0.35,5.5,8.8209,0.0,0,21,2,normal,,
EMP-085,2026-03-10,DEVICE_CONNECT|LOGIN|VPN_CONNECT|EMAIL_ACCESS|APPLICATION_ACCESS|EMAIL_ACCESS|APPLICATION_ACCESS|EMAIL_ACCESS|RESOURCE_ACCESS|APPLICATION_ACCESS|RESOURCE_ACCESS|APPLICATION_ACCESS|EMAIL_ACCESS|APPLICATION_ACCESS|BREAK_START|BREAK_END|RESOURCE_ACCESS|RESOURCE_ACCESS|RESOURCE_ACCESS|EMAIL_ACCESS|APPLICATION_ACCESS|MEETING_JOIN|APPLICATION_ACCESS|EMAIL_ACCESS|APPLICATION_ACCESS|APPLICATION_ACCESS|MEETING_JOIN|VPN_DISCONNECT|LOGOUT,29,1,1,0.01,0,0,1,1,1,0.4703,0.15,0,8.9623,0,0.35,3.4335,7.3874,0.0,0,9,2,normal,,
EMP-086,2026-03-07,DEVICE_CONNECT|LOGIN|VPN_CONNECT|EMAIL_ACCESS|APPLICATION_ACCESS|APPLICATION_ACCESS|APPLICATION_ACCESS|APPLICATION_ACCESS|APPLICATION_ACCESS|EMAIL_ACCESS|APPLICATION_ACCESS|APPLICATION_ACCESS|APPLICATION_ACCESS|BREAK_START|BREAK_END|EMAIL_ACCESS|APPLICATION_ACCESS|EMAIL_ACCESS|APPLICATION_ACCESS|EMAIL_ACCESS|APPLICATION_ACCESS|MEETING_JOIN|EMAIL_ACCESS|APPLICATION_ACCESS|APPLICATION_ACCESS|VPN_DISCONNECT|LOGOUT,27,1,1,0.015,0,0,1,1,1,0.4735,0.15,0,4.6067,0,0.35,3.7818,7.9154,0.0,0,13,2,normal,,
EMP-087,2026-03-09,DEVICE_CONNECT|LOGIN|RESOURCE_ACCESS|RESOURCE_ACCESS|RESOURCE_ACCESS|RESOURCE_ACCESS|APPLICATION_ACCESS|APPLICATION_ACCESS|EMAIL_ACCESS|RESOURCE_ACCESS|MEETING_JOIN|RESOURCE_ACCESS|RESOURCE_ACCESS|APPLICATION_ACCESS|APPLICATION_ACCESS|RESOURCE_ACCESS|RESOURCE_ACCESS|BREAK_START|BREAK_END|RESOURCE_ACCESS|RESOURCE_ACCESS|RESOURCE_ACCESS|RESOURCE_ACCESS|RESOURCE_ACCESS|MEETING_JOIN|RESOURCE_ACCESS|RESOURCE_ACCESS|RESOURCE_ACCESS|EMAIL_ACCESS|EMAIL_ACCESS|EMAIL_ACCESS|RESOURCE_ACCESS|EMAIL_ACCESS|RESOURCE_ACCESS|LOGOUT,35,1,1,0.02,0,0,1,1,1,0.5406,0.15,0,4.8056,0,0.05,4.6081,8.269,0.0,0,4,2,normal,,
EMP-088,2026-03-09,DEVICE_CONNECT|LOGIN|APPLICATION_ACCESS|APPLICATION_ACCESS|EMAIL_ACCESS|APPLICATION_ACCESS|APPLICATION_ACCESS|EMAIL_ACCESS|APPLICATION_ACCESS|APPLICATION_ACCESS|APPLICATION_ACCESS|APPLICATION_ACCESS|BREAK_START|BREAK_END|APPLICATION_ACCESS|APPLICATION_ACCESS|APPLICATION_ACCESS|APPLICATION_ACCESS|EMAIL_ACCESS|APPLICATION_ACCESS|APPLICATION_ACCESS|APPLICATION_ACCESS|APPLICATION_ACCESS|APPLICATION_ACCESS|LOGOUT,25,1,1,0.01,0,0,1,1,1,0.5688,0.15,0,5.6538,0,0.05,3.408,7.8396,0.0,0,17,2,normal,,
EMP-089,2026-03-10,DEVICE_CONNECT|LOGIN|VPN_CONNECT|APPLICATION_ACCESS|APPLICATION_ACCESS|APPLICATION_ACCESS|APPLICATION_ACCESS|EMAIL_ACCESS|APPLICATION_ACCESS|EMAIL_ACCESS|APPLICATION_ACCESS|APPLICATION_ACCESS|EMAIL_ACCESS|APPLICATION_ACCESS|APPLICATION_ACCESS|APPLICATION_ACCESS|APPLICATION_ACCESS|APPLICATION_ACCESS|APPLICATION_ACCESS|APPLICATION_ACCESS|APPLICATION_ACCESS|APPLICATION_ACCESS|APPLICATION_ACCESS|APPLICATION_ACCESS|APPLICATION_ACCESS|APPLICATION_ACCESS|APPLICATION_ACCESS|APPLICATION_ACCESS|APPLICATION_ACCESS|APPLICATION_ACCESS|EMAIL_ACCESS|APPLICATION_ACCESS|VPN_DISCONNECT|LOGOUT,34,1,1,0.015,0,0,1,1,1,0.4288,0.15,0,8.1182,0,0.35,3.4139,7.7004,0.0,0,25,2,normal,,
EMP-090,2026-03-09,DEVICE_CONNECT|LOGIN|RESOURCE_ACCESS|APPLICATION_ACCESS|RESOURCE_ACCESS|RESOURCE_ACCESS|APPLICATION_ACCESS|RESOURCE_ACCESS|RESOURCE_ACCESS|RESOURCE_ACCESS|EMAIL_ACCESS|RESOURCE_ACCESS|RESOURCE_ACCESS|MEETING_JOIN|RESOURCE_ACCESS|RESOURCE_ACCESS|RESOURCE_ACCESS|BREAK_START|BREAK_END|APPLICATION_ACCESS|MEETING_JOIN|RESOURCE_ACCESS|RESOURCE_ACCESS|RESOURCE_ACCESS|EMAIL_ACCESS|APPLICATION_ACCESS|EMAIL_ACCESS|RESOURCE_ACCESS|RESOURCE_ACCESS|RESOURCE_ACCESS|APPLICATION_ACCESS|APPLICATION_ACCESS|EMAIL_ACCESS|MEETING_JOIN|LOGOUT,35,1,1,0.02,0,0,1,1,1,0.4644,0.15,0,9.1547,0,0.05,5.5,8.6263,0.0,0,6,2,normal,,
EMP-091,2026-03-06,DEVICE_CONNECT|LOGIN|MEETING_JOIN|APPLICATION_ACCESS|RESOURCE_ACCESS|RESOURCE_ACCESS|APPLICATION_ACCESS|APPLICATION_ACCESS|APPLICATION_ACCESS|EMAIL_ACCESS|RESOURCE_ACCESS|RESOURCE_ACCESS|APPLICATION_ACCESS|RESOURCE_ACCESS|MEETING_JOIN|BREAK_START|BREAK_END|APPLICATION_ACCESS|APPLICATION_ACCESS|MEETING_JOIN|APPLICATION_ACCESS|RESOURCE_ACCESS|RESOURCE_ACCESS|RESOURCE_ACCESS|APPLICATION_ACCESS|APPLICATION_ACCESS|APPLICATION_ACCESS|APPLICATION_ACCESS|APPLICATION_ACCESS|MEETING_JOIN|LOGOUT,31,1,1,0.01,0,0,1,1,1,0.5085,0.15,0,4.4267,0,0.05,2.9472,7.4327,0.0,0,13,2,normal,,
EMP-092,2026-03-07,DEVICE_CONNECT|LOGIN|VPN_CONNECT|APPLICATION_ACCESS|EMAIL_ACCESS|APPLICATION_ACCESS|EMAIL_ACCESS|APPLICATION_ACCESS|APPLICATION_ACCESS|APPLICATION_ACCESS|APPLICATION_ACCESS|APPLICATION_ACCESS|APPLICATION_ACCESS|APPLICATION_ACCESS|APPLICATION_ACCESS|APPLICATION_ACCESS|APPLICATION_ACCESS|APPLICATION_ACCESS|APPLICATION_ACCESS|APPLICATION_ACCESS|APPLICATION_ACCESS|EMAIL_ACCESS|APPLICATION_ACCESS|EMAIL_ACCESS|APPLICATION_ACCESS|APPLICATION_ACCESS|APPLICATION_ACCESS|APPLICATION_ACCESS|APPLICATION_ACCESS|APPLICATION_ACCESS|EMAIL_ACCESS|APPLICATION_ACCESS|APPLICATION_ACCESS|APPLICATION_ACCESS|VPN_DISCONNECT|LOGOUT,36,1,1,0.015,0,0,1,1,1,0.643,0.15,0,5.3697,0,0.35,3.9089,7.9635,0.0,0,26,2,normal,,
EMP-093,2026-03-07,DEVICE_CONNECT|LOGIN|VPN_CONNECT|MEETING_JOIN|MEETING_JOIN|APPLICATION_ACCESS|APPLICATION_ACCESS|EMAIL_ACCESS|APPLICATION_ACCESS|EMAIL_ACCESS|EMAIL_ACCESS|APPLICATION_ACCESS|APPLICATION_ACCESS|APPLICATION_ACCESS|APPLICATION_ACCESS|APPLICATION_ACCESS|APPLICATION_ACCESS|BREAK_START|BREAK_END|APPLICATION_ACCESS|EMAIL_ACCESS|MEETING_JOIN|APPLICATION_ACCESS|EMAIL_ACCESS|APPLICATION_ACCESS|APPLICATION_ACCESS|APPLICATION_ACCESS|APPLICATION_ACCESS|APPLICATION_ACCESS|APPLICATION_ACCESS|APPLICATION_ACCESS|APPLICATION_ACCESS|APPLICATION_ACCESS|APPLICATION_ACCESS|VPN_DISCONNECT|LOGOUT,36,1,1,0.02,0,0,1,1,1,0.4385,0.15,0,5.1772,0,0.35,4.4089,8.4398,0.0,0,21,2,normal,,
EMP-094,2026-03-06,DEVICE_CONNECT|LOGIN|APPLICATION_ACCESS|APPLICATION_ACCESS|APPLICATION_ACCESS|EMAIL_ACCESS|APPLICATION_ACCESS|APPLICATION_ACCESS|APPLICATION_ACCESS|APPLICATION_ACCESS|APPLICATION_ACCESS|EMAIL_ACCESS|MEETING_JOIN|APPLICATION_ACCESS|EMAIL_ACCESS|BREAK_START|BREAK_END|APPLICATION_ACCESS|APPLICATION_ACCESS|MEETING_JOIN|FILE_ACCESS|MEETING_JOIN|FILE_ACCESS|APPLICATION_ACCESS|APPLICATION_ACCESS|EMAIL_ACCESS|APPLICATION_ACCESS|APPLICATION_ACCESS|MEETING_JOIN|APPLICATION_ACCESS|LOGOUT,31,1,1,0.01,0,0,1,1,1,0.5347,0.15,0,6.2102,0,0.05,2.893,7.5014,0.06451612903225806,0,16,2,normal,,
EMP-095,2026-03-08,DEVICE_CONNECT|LOGIN|VPN_CONNECT|EMAIL_ACCESS|EMAIL_ACCESS|APPLICATION_ACCESS|APPLICATION_ACCESS|APPLICATION_ACCESS|EMAIL_ACCESS|APPLICATION_ACCESS|APPLICATION_ACCESS|APPLICATION_ACCESS|APPLICATION_ACCESS|APPLICATION_ACCESS|EMAIL_ACCESS|APPLICATION_ACCESS|EMAIL_ACCESS|APPLICATION_ACCESS|BREAK_START|BREAK_END|APPLICATION_ACCESS|EMAIL_ACCESS|APPLICATION_ACCESS|APPLICATION_ACCESS|APPLICATION_ACCESS|APPLICATION_ACCESS|APPLICATION_ACCESS|APPLICATION_ACCESS|APPLICATION_ACCESS|APPLICATION_ACCESS|EMAIL_ACCESS|APPLICATION_ACCESS|EMAIL_ACCESS|APPLICATION_ACCESS|EMAIL_ACCESS|VPN_DISCONNECT|LOGOUT,37,1,1,0.015,0,0,1,1,1,0.5576,0.15,0,6.6004,0,0.35,3.9799,7.6303,0.0,0,21,2,normal,,
EMP-096,2026-03-06,DEVICE_CONNECT|LOGIN|VPN_CONNECT|APPLICATION_ACCESS|APPLICATION_ACCESS|APPLICATION_ACCESS|EMAIL_ACCESS|APPLICATION_ACCESS|EMAIL_ACCESS|APPLICATION_ACCESS|APPLICATION_ACCESS|APPLICATION_ACCESS|EMAIL_ACCESS|APPLICATION_ACCESS|BREAK_START|BREAK_END|APPLICATION_ACCESS|APPLICATION_ACCESS|APPLICATION_ACCESS|APPLICATION_ACCESS|APPLICATION_ACCESS|APPLICATION_ACCESS|APPLICATION_ACCESS|APPLICATION_ACCESS|APPLICATION_ACCESS|EMAIL_ACCESS|APPLICATION_ACCESS|VPN_DISCONNECT|LOGOUT,29,1,1,0.02,0,0,1,1,1,0.5613,0.15,0,3.9446,0,0.35,4.5705,8.6524,0.0,0,18,2,normal,,
EMP-097,2026-03-10,DEVICE_CONNECT|LOGIN|VPN_CONNECT|EMAIL_ACCESS|APPLICATION_ACCESS|EMAIL_ACCESS|APPLICATION_ACCESS|APPLICATION_ACCESS|APPLICATION_ACCESS|APPLICATION_ACCESS|MEETING_JOIN|EMAIL_ACCESS|EMAIL_ACCESS|APPLICATION_ACCESS|APPLICATION_ACCESS|APPLICATION_ACCESS|EMAIL_ACCESS|BREAK_START|BREAK_END|MEETING_JOIN|EMAIL_ACCESS|APPLICATION_ACCESS|EMAIL_ACCESS|APPLICATION_ACCESS|APPLICATION_ACCESS|APPLICATION_ACCESS|APPLICATION_ACCESS|MEETING_JOIN|EMAIL_ACCESS|APPLICATION_ACCESS|APPLICATION_ACCESS|EMAIL_ACCESS|APPLICATION_ACCESS|VPN_DISCONNECT|LOGOUT,35,1,1,0.01,0,0,1,1,1,0.4984,0.15,0,6.451,0,0.35,2.9579,7.7231,0.0,0,16,2,normal,,
EMP-098,2026-03-10,DEVICE_CONNECT|LOGIN|APPLICATION_ACCESS|APPLICATION_ACCESS|APPLICATION_ACCESS|APPLICATION_ACCESS|EMAIL_ACCESS|EMAIL_ACCESS|APPLICATION_ACCESS|MEETING_JOIN|APPLICATION_ACCESS|APPLICATION_ACCESS|APPLICATION_ACCESS|FILE_ACCESS|BREAK_START|BREAK_END|APPLICATION_ACCESS|MEETING_JOIN|APPLICATION_ACCESS|APPLICATION_ACCESS|FILE_ACCESS|MEETING_JOIN|APPLICATION_ACCESS|EMAIL_ACCESS|MEETING_JOIN|APPLICATION_ACCESS|FILE_ACCESS|APPLICATION_ACCESS|LOGOUT,29,1,1,0.015,0,0,1,1,1,0.5023,0.15,0,6.3302,0,0.05,4.1568,7.7962,0.10344827586206896,0,14,3,normal,,
EMP-099,2026-03-08,DEVICE_CONNECT|LOGIN|VPN_CONNECT|EMAIL_ACCESS|APPLICATION_ACCESS|APPLICATION_ACCESS|APPLICATION_ACCESS|EMAIL_ACCESS|APPLICATION_ACCESS|EMAIL_ACCESS|EMAIL_ACCESS|APPLICATION_ACCESS|BREAK_START|BREAK_END|APPLICATION_ACCESS|EMAIL_ACCESS|APPLICATION_ACCESS|EMAIL_ACCESS|EMAIL_ACCESS|APPLICATION_ACCESS|APPLICATION_ACCESS|APPLICATION_ACCESS|APPLICATION_ACCESS|VPN_DISCONNECT|LOGOUT,25,1,1,0.02,0,0,1,1,1,0.5684,0.15,0,7.1176,0,0.35,5.1356,8.5637,0.0,0,11,2,normal,,
EMP-100,2026-03-06,DEVICE_CONNECT|LOGIN|VPN_CONNECT|APPLICATION_ACCESS|APPLICATION_ACCESS|APPLICATION_ACCESS|APPLICATION_ACCESS|EMAIL_ACCESS|APPLICATION_ACCESS|APPLICATION_ACCESS|APPLICATION_ACCESS|APPLICATION_ACCESS|APPLICATION_ACCESS|APPLICATION_ACCESS|MEETING_JOIN|APPLICATION_ACCESS|BREAK_START|BREAK_END|APPLICATION_ACCESS|APPLICATION_ACCESS|FILE_ACCESS|APPLICATION_ACCESS|APPLICATION_ACCESS|FILE_ACCESS|APPLICATION_ACCESS|APPLICATION_ACCESS|APPLICATION_ACCESS|FILE_ACCESS|APPLICATION_ACCESS|APPLICATION_ACCESS|APPLICATION_ACCESS|MEETING_JOIN|VPN_DISCONNECT|LOGOUT,34,1,1,0.01,0,0,1,1,1,0.6035,0.15,0,6.5324,0,0.35,3.4873,7.4632,0.08823529411764706,0,21,3,normal,,
EMP-101,2026-03-08,DEVICE_CONNECT|LOGIN|VPN_CONNECT|EMAIL_ACCESS|APPLICATION_ACCESS|APPLICATION_ACCESS|APPLICATION_ACCESS|APPLICATION_ACCESS|EMAIL_ACCESS|APPLICATION_ACCESS|APPLICATION_ACCESS|APPLICATION_ACCESS|APPLICATION_ACCESS|APPLICATION_ACCESS|EMAIL_ACCESS|BREAK_START|BREAK_END|APPLICATION_ACCESS|EMAIL_ACCESS|APPLICATION_ACCESS|APPLICATION_ACCESS|APPLICATION_ACCESS|APPLICATION_ACCESS|EMAIL_ACCESS|APPLICATION_ACCESS|APPLICATION_ACCESS|EMAIL_ACCESS|APPLICATION_ACCESS|APPLICATION_ACCESS|EMAIL_ACCESS|VPN_DISCONNECT|LOGOUT,32,1,1,0.015,0,0,1,1,1,0.4734,0.15,0,3.763,0,0.35,4.3579,8.3685,0.0,0,18,2,normal,,
EMP-102,2026-03-06,DEVICE_CONNECT|LOGIN|VPN_CONNECT|APPLICATION_ACCESS|APPLICATION_ACCESS|APPLICATION_ACCESS|RESOURCE_ACCESS|RESOURCE_ACCESS|APPLICATION_ACCESS|RESOURCE_ACCESS|FILE_ACCESS|APPLICATION_ACCESS|RESOURCE_ACCESS|EMAIL_ACCESS|APPLICATION_ACCESS|APPLICATION_ACCESS|EMAIL_ACCESS|RESOURCE_ACCESS|BREAK_START|BREAK_END|APPLICATION_ACCESS|MEETING_JOIN|APPLICATION_ACCESS|APPLICATION_ACCESS|EMAIL_ACCESS|APPLICATION_ACCESS|APPLICATION_ACCESS|EMAIL_ACCESS|EMAIL_ACCESS|APPLICATION_ACCESS|APPLICATION_ACCESS|APPLICATION_ACCESS|FILE_ACCESS|RESOURCE_ACCESS|EMAIL_ACCESS|VPN_DISCONNECT|LOGOUT,37,1,1,0.02,0,0,1,1,1,0.4668,0.15,0,5.5852,0,0.35,4.7649,8.5781,0.05405405405405406,0,15,2,normal,,
EMP-103,2026-03-08,DEVICE_CONNECT|LOGIN|VPN_CONNECT|APPLICATION_ACCESS|APPLICATION_ACCESS|EMAIL_ACCESS|EMAIL_ACCESS|MEETING_JOIN|MEETING_JOIN|APPLICATION_ACCESS|APPLICATION_ACCESS|APPLICATION_ACCESS|APPLICATION_ACCESS|BREAK_START|BREAK_END|APPLICATION_ACCESS|EMAIL_ACCESS|EMAIL_ACCESS|APPLICATION_ACCESS|APPLICATION_ACCESS|EMAIL_ACCESS|APPLICATION_ACCESS|APPLICATION_ACCESS|APPLICATION_ACCESS|APPLICATION_ACCESS|APPLICATION_ACCESS|VPN_DISCONNECT|LOGOUT,28,1,1,0.01,0,0,1,1,1,0.526,0.15,0,6.3879,0,0.35,3.0874,7.5625,0.0,0,14,2,normal,,
EMP-104,2026-03-06,DEVICE_CONNECT|LOGIN|EMAIL_ACCESS|APPLICATION_ACCESS|APPLICATION_ACCESS|APPLICATION_ACCESS|APPLICATION_ACCESS|APPLICATION_ACCESS|EMAIL_ACCESS|EMAIL_ACCESS|BREAK_START|BREAK_END|APPLICATION_ACCESS|EMAIL_ACCESS|EMAIL_ACCESS|APPLICATION_ACCESS|APPLICATION_ACCESS|APPLICATION_ACCESS|APPLICATION_ACCESS|EMAIL_ACCESS|LOGOUT,21,1,1,0.015,0,0,1,1,1,0.6309,0.15,0,7.373,0,0.05,3.499,7.8295,0.0,0,10,2,normal,,
EMP-105,2026-03-08,DEVICE_CONNECT|LOGIN|VPN_CONNECT|APPLICATION_ACCESS|EMAIL_ACCESS|APPLICATION_ACCESS|APPLICATION_ACCESS|APPLICATION_ACCESS|MEETING_JOIN|APPLICATION_ACCESS|APPLICATION_ACCESS|APPLICATION_ACCESS|EMAIL_ACCESS|EMAIL_ACCESS|BREAK_START|BREAK_END|APPLICATION_ACCESS|APPLICATION_ACCESS|APPLICATION_ACCESS|APPLICATION_ACCESS|APPLICATION_ACCESS|APPLICATION_ACCESS|APPLICATION_ACCESS|EMAIL_ACCESS|APPLICATION_ACCESS|APPLICATION_ACCESS|MEETING_JOIN|VPN_DISCONNECT|LOGOUT,29,1,1,0.02,0,0,1,1,1,0.4077,0.15,0,8.8513,0,0.35,5.139,8.3016,0.0,0,16,2,normal,,
EMP-106,2026-03-06,DEVICE_CONNECT|LOGIN|MEETING_JOIN|APPLICATION_ACCESS|APPLICATION_ACCESS|APPLICATION_ACCESS|EMAIL_ACCESS|MEETING_JOIN|MEETING_JOIN|APPLICATION_ACCESS|EMAIL_ACCESS|APPLICATION_ACCESS|MEETING_JOIN|EMAIL_ACCESS|MEETING_JOIN|BREAK_START|BREAK_END|APPLICATION_ACCESS|APPLICATION_ACCESS|MEETING_JOIN|APPLICATION_ACCESS|EMAIL_ACCESS|APPLICATION_ACCESS|EMAIL_ACCESS|MEETING_JOIN|EMAIL_ACCESS|APPLICATION_ACCESS|MEETING_JOIN|APPLICATION_ACCESS|APPLICATION_ACCESS|LOGOUT,31,1,1,0.01,0,0,1,1,1,0.5358,0.15,0,2.5426,0,0.05,2.6095,7.1892,0.0,0,12,2,normal,,
EMP-107,2026-03-09,DEVICE_CONNECT|LOGIN|VPN_CONNECT|APPLICATION_ACCESS|EMAIL_ACCESS|EMAIL_ACCESS|APPLICATION_ACCESS|APPLICATION_ACCESS|APPLICATION_ACCESS|APPLICATION_ACCESS|APPLICATION_ACCESS|APPLICATION_ACCESS|APPLICATION_ACCESS|APPLICATION_ACCESS|APPLICATION_ACCESS|APPLICATION_ACCESS|APPLICATION_ACCESS|APPLICATION_ACCESS|APPLICATION_ACCESS|BREAK_START|BREAK_END|EMAIL_ACCESS|EMAIL_ACCESS|EMAIL_ACCESS|APPLICATION_ACCESS|EMAIL_ACCESS|APPLICATION_ACCESS|APPLICATION_ACCESS|APPLICATION_ACCESS|MEETING_JOIN|EMAIL_ACCESS|MEETING_JOIN|EMAIL_ACCESS|APPLICATION_ACCESS|APPLICATION_ACCESS|APPLICATION_ACCESS|APPLICATION_ACCESS|VPN_DISCONNECT|LOGOUT,39,1,1,0.015,0,0,1,1,1,0.5739,0.15,0,5.4775,0,0.35,3.6105,7.8958,0.0,0,22,2,normal,,
EMP-108,2026-03-10,DEVICE_CONNECT|LOGIN|APPLICATION_ACCESS|EMAIL_ACCESS|EMAIL_ACCESS|MEETING_JOIN|APPLICATION_ACCESS|APPLICATION_ACCESS|FILE_ACCESS|APPLICATION_ACCESS|MEETING_JOIN|APPLICATION_ACCESS|APPLICATION_ACCESS|APPLICATION_ACCESS|EMAIL_ACCESS|APPLICATION_ACCESS|APPLICATION_ACCESS|EMAIL_ACCESS|BREAK_START|BREAK_END|MEETING_JOIN|APPLICATION_ACCESS|APPLICATION_ACCESS|EMAIL_ACCESS|APPLICATION_ACCESS|MEETING_JOIN|APPLICATION_ACCESS|APPLICATION_ACCESS|APPLICATION_ACCESS|EMAIL_ACCESS|APPLICATION_ACCESS|APPLICATION_ACCESS|APPLICATION_ACCESS|APPLICATION_ACCESS|APPLICATION_ACCESS|FILE_ACCESS|LOGOUT,37,1,1,0.02,0,0,1,1,1,0.5985,0.15,0,6.8981,0,0.05,4.8114,8.7896,0.05405405405405406,0,20,2,normal,,
EMP-109,2026-03-07,DEVICE_CONNECT|LOGIN|VPN_CONNECT|APPLICATION_ACCESS|APPLICATION_ACCESS|APPLICATION_ACCESS|APPLICATION_ACCESS|APPLICATION_ACCESS|APPLICATION_ACCESS|MEETING_JOIN|APPLICATION_ACCESS|BREAK_START|BREAK_END|APPLICATION_ACCESS|EMAIL_ACCESS|APPLICATION_ACCESS|APPLICATION_ACCESS|APPLICATION_ACCESS|APPLICATION_ACCESS|APPLICATION_ACCESS|APPLICATION_ACCESS|VPN_DISCONNECT|LOGOUT,23,1,1,0.01,0,0,1,1,1,0.4967,0.15,0,7.2866,0,0.35,3.4051,7.7574,0.0,0,14,2,normal,,
EMP-110,2026-03-09,DEVICE_CONNECT|LOGIN|VPN_CONNECT|EMAIL_ACCESS|APPLICATION_ACCESS|APPLICATION_ACCESS|APPLICATION_ACCESS|EMAIL_ACCESS|APPLICATION_ACCESS|APPLICATION_ACCESS|APPLICATION_ACCESS|APPLICATION_ACCESS|EMAIL_ACCESS|APPLICATION_ACCESS|EMAIL_ACCESS|EMAIL_ACCESS|APPLICATION_ACCESS|APPLICATION_ACCESS|APPLICATION_ACCESS|APPLICATION_ACCESS|APPLICATION_ACCESS|EMAIL_ACCESS|APPLICATION_ACCESS|APPLICATION_ACCESS|APPLICATION_ACCESS|APPLICATION_ACCESS|APPLICATION_ACCESS|APPLICATION_ACCESS|EMAIL_ACCESS|APPLICATION_ACCESS|APPLICATION_ACCESS|APPLICATION_ACCESS|APPLICATION_ACCESS|VPN_DISCONNECT|LOGOUT,35,1,1,0.015,0,0,1,1,1,0.527,0.15,0,7.2138,0,0.35,4.1651,7.9521,0.0,0,23,2,normal,,
EMP-111,2026-03-10,DEVICE_CONNECT|LOGIN|APPLICATION_ACCESS|APPLICATION_ACCESS|APPLICATION_ACCESS|APPLICATION_ACCESS|APPLICATION_ACCESS|APPLICATION_ACCESS|APPLICATION_ACCESS|EMAIL_ACCESS|EMAIL_ACCESS|APPLICATION_ACCESS|BREAK_START|BREAK_END|APPLICATION_ACCESS|APPLICATION_ACCESS|APPLICATION_ACCESS|APPLICATION_ACCESS|APPLICATION_ACCESS|APPLICATION_ACCESS|APPLICATION_ACCESS|APPLICATION_ACCESS|APPLICATION_ACCESS|EMAIL_ACCESS|EMAIL_ACCESS|LOGOUT,26,1,1,0.02,0,0,1,1,1,0.5578,0.15,0,5.0255,0,0.05,4.7173,8.1435,0.0,0,17,2,normal,,
EMP-112,2026-03-06,DEVICE_CONNECT|LOGIN|VPN_CONNECT|APPLICATION_ACCESS|APPLICATION_ACCESS|EMAIL_ACCESS|APPLICATION_ACCESS|APPLICATION_ACCESS|APPLICATION_ACCESS|APPLICATION_ACCESS|APPLICATION_ACCESS|APPLICATION_ACCESS|MEETING_JOIN|APPLICATION_ACCESS|MEETING_JOIN|APPLICATION_ACCESS|APPLICATION_ACCESS|APPLICATION_ACCESS|BREAK_START|BREAK_END|APPLICATION_ACCESS|APPLICATION_ACCESS|APPLICATION_ACCESS|APPLICATION_ACCESS|EMAIL_ACCESS|APPLICATION_ACCESS|EMAIL_ACCESS|APPLICATION_ACCESS|APPLICATION_ACCESS|APPLICATION_ACCESS|APPLICATION_ACCESS|EMAIL_ACCESS|APPLICATION_ACCESS|APPLICATION_ACCESS|MEETING_JOIN|VPN_DISCONNECT|LOGOUT,37,1,1,0.01,0,0,1,1,1,0.5553,0.15,0,4.892,0,0.35,2.9715,7.481,0.0,0,23,2,normal,,
EMP-113,2026-03-06,DEVICE_CONNECT|LOGIN|APPLICATION_ACCESS|APPLICATION_ACCESS|APPLICATION_ACCESS|APPLICATION_ACCESS|EMAIL_ACCESS|EMAIL_ACCESS|APPLICATION_ACCESS|APPLICATION_ACCESS|BREAK_START|BREAK_END|APPLICATION_ACCESS|APPLICATION_ACCESS|EMAIL_ACCESS|APPLICATION_ACCESS|APPLICATION_ACCESS|APPLICATION_ACCESS|APPLICATION_ACCESS|APPLICATION_ACCESS|LOGOUT,21,1,1,0.015,0,0,1,1,1,0.4234,0.15,0,6.5505,0,0.05,3.7152,7.9121,0.0,0,13,2,normal,,
EMP-114,2026-03-08,DEVICE_CONNECT|LOGIN|VPN_CONNECT|APPLICATION_ACCESS|APPLICATION_ACCESS|EMAIL_ACCESS|APPLICATION_ACCESS|APPLICATION_ACCESS|APPLICATION_ACCESS|APPLICATION_ACCESS|APPLICATION_ACCESS|EMAIL_ACCESS|EMAIL_ACCESS|APPLICATION_ACCESS|APPLICATION_ACCESS|EMAIL_ACCESS|EMAIL_ACCESS|APPLICATION_ACCESS|APPLICATION_ACCESS|APPLICATION_ACCESS|APPLICATION_ACCESS|APPLICATION_ACCESS|APPLICATION_ACCESS|VPN_DISCONNECT|LOGOUT,25,1,1,0.02,0,0,1,1,1,0.537,0.15,0,5.5356,0,0.35,4.9386,8.8418,0.0,0,15,2,normal,,
EMP-115,2026-03-08,DEVICE_CONNECT|LOGIN|VPN_CONNECT|EMAIL_ACCESS|APPLICATION_ACCESS|APPLICATION_ACCESS|APPLICATION_ACCESS|APPLICATION_ACCESS|APPLICATION_ACCESS|APPLICATION_ACCESS|MEETING_JOIN|BREAK_START|BREAK_END|APPLICATION_ACCESS|APPLICATION_ACCESS|APPLICATION_ACCESS|APPLICATION_ACCESS|APPLICATION_ACCESS|APPLICATION_ACCESS|APPLICATION_ACCESS|APPLICATION_ACCESS|VPN_DISCONNECT|LOGOUT,23,1,1,0.01,0,0,1,1,1,0.5962,0.15,0,8.5486,0,0.35,3.5013,7.1328,0.0,0,14,2,normal,,
EMP-116,2026-03-08,DEVICE_CONNECT|LOGIN|VPN_CONNECT|APPLICATION_ACCESS|APPLICATION_ACCESS|APPLICATION_ACCESS|MEETING_JOIN|APPLICATION_ACCESS|EMAIL_ACCESS|APPLICATION_ACCESS|APPLICATION_ACCESS|APPLICATION_ACCESS|APPLICATION_ACCESS|BREAK_START|BREAK_END|APPLICATION_ACCESS|FILE_ACCESS|EMAIL_ACCESS|APPLICATION_ACCESS|APPLICATION_ACCESS|APPLICATION_ACCESS|APPLICATION_ACCESS|APPLICATION_ACCESS|EMAIL_ACCESS|APPLICATION_ACCESS|VPN_DISCONNECT|LOGOUT,27,1,1,0.015,0,0,1,1,1,0.6456,0.15,0,3.7954,0,0.35,4.43,8.3344,0.037037037037037035,0,15,2,normal,,
EMP-117,2026-03-07,DEVICE_CONNECT|LOGIN|VPN_CONNECT|APPLICATION_ACCESS|APPLICATION_ACCESS|APPLICATION_ACCESS|EMAIL_ACCESS|APPLICATION_ACCESS|EMAIL_ACCESS|APPLICATION_ACCESS|APPLICATION_ACCESS|APPLICATION_ACCESS|APPLICATION_ACCESS|EMAIL_ACCESS|APPLICATION_ACCESS|EMAIL_ACCESS|APPLICATION_ACCESS|EMAIL_ACCESS|EMAIL_ACCESS|APPLICATION_ACCESS|EMAIL_ACCESS|APPLICATION_ACCESS|APPLICATION_ACCESS|VPN_DISCONNECT|LOGOUT,25,1,1,0.02,0,0,1,1,1,0.427,0.15,0,5.9069,0,0.35,5.101,8.3043,0.0,0,13,2,normal,,
EMP-118,2026-03-09,DEVICE_CONNECT|LOGIN|VPN_CONNECT|APPLICATION_ACCESS|APPLICATION_ACCESS|APPLICATION_ACCESS|EMAIL_ACCESS|APPLICATION_ACCESS|APPLICATION_ACCESS|EMAIL_ACCESS|EMAIL_ACCESS|APPLICATION_ACCESS|APPLICATION_ACCESS|APPLICATION_ACCESS|APPLICATION_ACCESS|APPLICATION_ACCESS|EMAIL_ACCESS|APPLICATION_ACCESS|APPLICATION_ACCESS|APPLICATION_ACCESS|APPLICATION_ACCESS|APPLICATION_ACCESS|APPLICATION_ACCESS|APPLICATION_ACCESS|APPLICATION_ACCESS|EMAIL_ACCESS|APPLICATION_ACCESS|APPLICATION_ACCESS|APPLICATION_ACCESS|APPLICATION_ACCESS|APPLICATION_ACCESS|APPLICATION_ACCESS|APPLICATION_ACCESS|EMAIL_ACCESS|APPLICATION_ACCESS|VPN_DISCONNECT|LOGOUT,37,1,1,0.01,0,0,1,1,1,0.5273,0.15,0,6.7473,0,0.35,3.1065,7.6875,0.0,0,26,2,normal,,
EMP-119,2026-03-10,DEVICE_CONNECT|LOGIN|RESOURCE_ACCESS|RESOURCE_ACCESS|EMAIL_ACCESS|APPLICATION_ACCESS|RESOURCE_ACCESS|RESOURCE_ACCESS|RESOURCE_ACCESS|RESOURCE_ACCESS|RESOURCE_ACCESS|APPLICATION_ACCESS|RESOURCE_ACCESS|RESOURCE_ACCESS|EMAIL_ACCESS|RESOURCE_ACCESS|RESOURCE_ACCESS|EMAIL_ACCESS|BREAK_START|BREAK_END|RESOURCE_ACCESS|RESOURCE_ACCESS|RESOURCE_ACCESS|RESOURCE_ACCESS|RESOURCE_ACCESS|RESOURCE_ACCESS|APPLICATION_ACCESS|APPLICATION_ACCESS|RESOURCE_ACCESS|MEETING_JOIN|RESOURCE_ACCESS|RESOURCE_ACCESS|RESOURCE_ACCESS|EMAIL_ACCESS|EMAIL_ACCESS|RESOURCE_ACCESS|LOGOUT,37,1,1,0.015,0,0,1,1,1,0.552,0.15,0,7.5332,0,0.05,3.7759,8.3946,0.0,0,4,2,normal,,
EMP-120,2026-03-10,DEVICE_CONNECT|LOGIN|APPLICATION_ACCESS|EMAIL_ACCESS|RESOURCE_ACCESS|APPLICATION_ACCESS|RESOURCE_ACCESS|RESOURCE_ACCESS|MEETING_JOIN|APPLICATION_ACCESS|APPLICATION_ACCESS|RESOURCE_ACCESS|RESOURCE_ACCESS|APPLICATION_ACCESS|APPLICATION_ACCESS|RESOURCE_ACCESS|BREAK_START|BREAK_END|EMAIL_ACCESS|RESOURCE_ACCESS|RESOURCE_ACCESS|RESOURCE_ACCESS|APPLICATION_ACCESS|EMAIL_ACCESS|APPLICATION_ACCESS|APPLICATION_ACCESS|APPLICATION_ACCESS|APPLICATION_ACCESS|RESOURCE_ACCESS|APPLICATION_ACCESS|RESOURCE_ACCESS|RESOURCE_ACCESS|LOGOUT,33,1,1,0.02,0,0,1,1,1,0.6173,0.15,0,8.9951,0,0.05,4.5172,8.1096,0.0,0,12,2,normal,,
EMP-121,2026-03-10,DEVICE_CONNECT|LOGIN|VPN_CONNECT|APPLICATION_ACCESS|APPLICATION_ACCESS|APPLICATION_ACCESS|APPLICATION_ACCESS|EMAIL_ACCESS|APPLICATION_ACCESS|APPLICATION_ACCESS|APPLICATION_ACCESS|BREAK_START|BREAK_END|APPLICATION_ACCESS|APPLICATION_ACCESS|APPLICATION_ACCESS|APPLICATION_ACCESS|APPLICATION_ACCESS|APPLICATION_ACCESS|APPLICATION_ACCESS|EMAIL_ACCESS|VPN_DISCONNECT|LOGOUT,23,1,1,0.01,0,0,1,1,1,0.4685,0.15,0,3.5545,0,0.35,2.7023,7.6802,0.0,0,14,2,normal,,
EMP-122,2026-03-09,DEVICE_CONNECT|LOGIN|APPLICATION_ACCESS|APPLICATION_ACCESS|EMAIL_ACCESS|APPLICATION_ACCESS|EMAIL_ACCESS|APPLICATION_ACCESS|APPLICATION_ACCESS|EMAIL_ACCESS|BREAK_START|BREAK_END|APPLICATION_ACCESS|APPLICATION_ACCESS|APPLICATION_ACCESS|APPLICATION_ACCESS|APPLICATION_ACCESS|EMAIL_ACCESS|APPLICATION_ACCESS|APPLICATION_ACCESS|LOGOUT,21,1,1,0.015,0,0,1,1,1,0.4524,0.15,0,3.7758,0,0.05,4.1879,8.3508,0.0,0,12,2,normal,,
EMP-123,2026-03-06,DEVICE_CONNECT|LOGIN|VPN_CONNECT|MEETING_JOIN|RESOURCE_ACCESS|APPLICATION_ACCESS|APPLICATION_ACCESS|APPLICATION_ACCESS|APPLICATION_ACCESS|RESOURCE_ACCESS|APPLICATION_ACCESS|BREAK_START|BREAK_END|APPLICATION_ACCESS|EMAIL_ACCESS|EMAIL_ACCESS|APPLICATION_ACCESS|APPLICATION_ACCESS|EMAIL_ACCESS|RESOURCE_ACCESS|APPLICATION_ACCESS|VPN_DISCONNECT|LOGOUT,23,1,1,0.02,0,0,1,1,1,0.595,0.15,0,6.4142,0,0.35,4.544,8.6665,0.0,0,9,2,normal,,
EMP-124,2026-03-09,DEVICE_CONNECT|LOGIN|VPN_CONNECT|RESOURCE_ACCESS|RESOURCE_ACCESS|APPLICATION_ACCESS|EMAIL_ACCESS|RESOURCE_ACCESS|MEETING_JOIN|EMAIL_ACCESS|RESOURCE_ACCESS|RESOURCE_ACCESS|MEETING_JOIN|RESOURCE_ACCESS|APPLICATION_ACCESS|RESOURCE_ACCESS|RESOURCE_ACCESS|BREAK_START|BREAK_END|RESOURCE_ACCESS|RESOURCE_ACCESS|MEETING_JOIN|RESOURCE_ACCESS|MEETING_JOIN|MEETING_JOIN|RESOURCE_ACCESS|APPLICATION_ACCESS|MEETING_JOIN|MEETING_JOIN|RESOURCE_ACCESS|RESOURCE_ACCESS|RESOURCE_ACCESS|RESOURCE_ACCESS|MEETING_JOIN|VPN_DISCONNECT|LOGOUT,36,1,1,0.01,0,0,1,1,1,0.563,0.15,0,7.4692,0,0.35,3.0793,7.8199,0.0,0,3,2,normal,,
EMP-125,2026-03-10,DEVICE_CONNECT|LOGIN|VPN_CONNECT|MEETING_JOIN|RESOURCE_ACCESS|RESOURCE_ACCESS|APPLICATION_ACCESS|EMAIL_ACCESS|RESOURCE_ACCESS|RESOURCE_ACCESS|EMAIL_ACCESS|RESOURCE_ACCESS|RESOURCE_ACCESS|RESOURCE_ACCESS|MEETING_JOIN|RESOURCE_ACCESS|MEETING_JOIN|EMAIL_ACCESS|BREAK_START|BREAK_END|RESOURCE_ACCESS|APPLICATION_ACCESS|RESOURCE_ACCESS|RESOURCE_ACCESS|APPLICATION_ACCESS|RESOURCE_ACCESS|APPLICATION_ACCESS|MEETING_JOIN|RESOURCE_ACCESS|RESOURCE_ACCESS|RESOURCE_ACCESS|MEETING_JOIN|RESOURCE_ACCESS|EMAIL_ACCESS|RESOURCE_ACCESS|VPN_DISCONNECT|LOGOUT,37,1,1,0.015,0,0,1,1,1,0.4896,0.15,0,8.587,0,0.35,3.9603,7.8027,0.0,0,4,2,normal,,
EMP-126,2026-03-08,DEVICE_CONNECT|LOGIN|APPLICATION_ACCESS|APPLICATION_ACCESS|APPLICATION_ACCESS|APPLICATION_ACCESS|APPLICATION_ACCESS|APPLICATION_ACCESS|APPLICATION_ACCESS|APPLICATION_ACCESS|BREAK_START|BREAK_END|APPLICATION_ACCESS|APPLICATION_ACCESS|APPLICATION_ACCESS|APPLICATION_ACCESS|APPLICATION_ACCESS|APPLICATION_ACCESS|MEETING_JOIN|EMAIL_ACCESS|LOGOUT,21,1,1,0.02,0,0,1,1,1,0.5139,0.15,0,5.2681,0,0.05,4.9124,8.3211,0.0,0,14,2,normal,,
EMP-127,2026-03-07,DEVICE_CONNECT|LOGIN|VPN_CONNECT|APPLICATION_ACCESS|MEETING_JOIN|APPLICATION_ACCESS|APPLICATION_ACCESS|APPLICATION_ACCESS|APPLICATION_ACCESS|APPLICATION_ACCESS|APPLICATION_ACCESS|APPLICATION_ACCESS|APPLICATION_ACCESS|APPLICATION_ACCESS|BREAK_START|BREAK_END|EMAIL_ACCESS|APPLICATION_ACCESS|EMAIL_ACCESS|MEETING_JOIN|APPLICATION_ACCESS|APPLICATION_ACCESS|APPLICATION_ACCESS|APPLICATION_ACCESS|APPLICATION_ACCESS|APPLICATION_ACCESS|APPLICATION_ACCESS|APPLICATION_ACCESS|VPN_DISCONNECT|LOGOUT,30,1,1,0.01,0,0,1,1,1,0.5257,0.15,0,5.8422,0,0.35,2.4749,7.3218,0.0,0,19,2,normal,,
EMP-128,2026-03-07,DEVICE_CONNECT|LOGIN|VPN_CONNECT|APPLICATION_ACCESS|EMAIL_ACCESS|APPLICATION_ACCESS|MEETING_JOIN|APPLICATION_ACCESS|EMAIL_ACCESS|APPLICATION_ACCESS|FILE_ACCESS|APPLICATION_ACCESS|APPLICATION_ACCESS|APPLICATION_ACCESS|APPLICATION_ACCESS|MEETING_JOIN|APPLICATION_ACCESS|FILE_ACCESS|APPLICATION_ACCESS|BREAK_START|BREAK_END|MEETING_JOIN|APPLICATION_ACCESS|APPLICATION_ACCESS|MEETING_JOIN|MEETING_JOIN|FILE_ACCESS|EMAIL_ACCESS|FILE_ACCESS|EMAIL_ACCESS|APPLICATION_ACCESS|APPLICATION_ACCESS|EMAIL_ACCESS|MEETING_JOIN|EMAIL_ACCESS|APPLICATION_ACCESS|EMAIL_ACCESS|VPN_DISCONNECT|LOGOUT,39,1,1,0.015,0,0,1,1,1,0.5833,0.15,0,4.6802,0,0.35,3.7176,8.3645,0.10256410256410256,0,15,4,normal,,
EMP-129,2026-03-07,DEVICE_CONNECT|LOGIN|VPN_CONNECT|APPLICATION_ACCESS|APPLICATION_ACCESS|MEETING_JOIN|APPLICATION_ACCESS|APPLICATION_ACCESS|APPLICATION_ACCESS|APPLICATION_ACCESS|APPLICATION_ACCESS|APPLICATION_ACCESS|APPLICATION_ACCESS|BREAK_START|BREAK_END|APPLICATION_ACCESS|APPLICATION_ACCESS|APPLICATION_ACCESS|MEETING_JOIN|APPLICATION_ACCESS|APPLICATION_ACCESS|EMAIL_ACCESS|APPLICATION_ACCESS|MEETING_JOIN|APPLICATION_ACCESS|VPN_DISCONNECT|LOGOUT,27,1,1,0.02,0,0,1,1,1,0.4069,0.15,0,8.4383,0,0.35,4.8712,8.2605,0.0,0,16,2,normal,,
EMP-130,2026-03-10,DEVICE_CONNECT|LOGIN|APPLICATION_ACCESS|APPLICATION_ACCESS|APPLICATION_ACCESS|EMAIL_ACCESS|APPLICATION_ACCESS|EMAIL_ACCESS|EMAIL_ACCESS|APPLICATION_ACCESS|BREAK_START|BREAK_END|APPLICATION_ACCESS|APPLICATION_ACCESS|APPLICATION_ACCESS|APPLICATION_ACCESS|APPLICATION_ACCESS|APPLICATION_ACCESS|APPLICATION_ACCESS|APPLICATION_ACCESS|LOGOUT,21,1,1,0.01,0,0,1,1,1,0.4608,0.15,0,8.1219,0,0.05,3.1368,7.445,0.0,0,13,2,normal,,
EMP-131,2026-03-06,DEVICE_CONNECT|LOGIN|VPN_CONNECT|APPLICATION_ACCESS|RESOURCE_ACCESS|APPLICATION_ACCESS|APPLICATION_ACCESS|MEETING_JOIN|EMAIL_ACCESS|MEETING_JOIN|RESOURCE_ACCESS|RESOURCE_ACCESS|RESOURCE_ACCESS|RESOURCE_ACCESS|APPLICATION_ACCESS|RESOURCE_ACCESS|APPLICATION_ACCESS|APPLICATION_ACCESS|MEETING_JOIN|BREAK_START|BREAK_END|RESOURCE_ACCESS|RESOURCE_ACCESS|MEETING_JOIN|EMAIL_ACCESS|RESOURCE_ACCESS|APPLICATION_ACCESS|APPLICATION_ACCESS|APPLICATION_ACCESS|RESOURCE_ACCESS|EMAIL_ACCESS|APPLICATION_ACCESS|EMAIL_ACCESS|APPLICATION_ACCESS|RESOURCE_ACCESS|RESOURCE_ACCESS|APPLICATION_ACCESS|VPN_DISCONNECT|LOGOUT,39,1,1,0.015,0,0,1,1,1,0.5913,0.15,0,4.6462,0,0.35,3.4875,7.6826,0.0,0,12,2,normal,,
EMP-132,2026-03-10,DEVICE_CONNECT|LOGIN|VPN_CONNECT|APPLICATION_ACCESS|MEETING_JOIN|MEETING_JOIN|APPLICATION_ACCESS|RESOURCE_ACCESS|APPLICATION_ACCESS|APPLICATION_ACCESS|APPLICATION_ACCESS|APPLICATION_ACCESS|RESOURCE_ACCESS|RESOURCE_ACCESS|RESOURCE_ACCESS|BREAK_START|BREAK_END|RESOURCE_ACCESS|EMAIL_ACCESS|MEETING_JOIN|EMAIL_ACCESS|APPLICATION_ACCESS|RESOURCE_ACCESS|EMAIL_ACCESS|APPLICATION_ACCESS|EMAIL_ACCESS|APPLICATION_ACCESS|RESOURCE_ACCESS|RESOURCE_ACCESS|EMAIL_ACCESS|VPN_DISCONNECT|LOGOUT,32,1,1,0.02,0,0,1,1,1,0.6228,0.15,0,5.8317,0,0.35,4.9972,8.115,0.0,0,9,2,normal,,
EMP-133,2026-03-07,DEVICE_CONNECT|LOGIN|APPLICATION_ACCESS|APPLICATION_ACCESS|APPLICATION_ACCESS|APPLICATION_ACCESS|EMAIL_ACCESS|APPLICATION_ACCESS|APPLICATION_ACCESS|APPLICATION_ACCESS|APPLICATION_ACCESS|APPLICATION_ACCESS|APPLICATION_ACCESS|APPLICATION_ACCESS|APPLICATION_ACCESS|APPLICATION_ACCESS|APPLICATION_ACCESS|APPLICATION_ACCESS|APPLICATION_ACCESS|APPLICATION_ACCESS|APPLICATION_ACCESS|APPLICATION_ACCESS|APPLICATION_ACCESS|APPLICATION_ACCESS|EMAIL_ACCESS|EMAIL_ACCESS|APPLICATION_ACCESS|APPLICATION_ACCESS|APPLICATION_ACCESS|APPLICATION_ACCESS|APPLICATION_ACCESS|EMAIL_ACCESS|APPLICATION_ACCESS|LOGOUT,34,1,1,0.01,0,0,1,1,1,0.4933,0.15,0,6.4938,0,0.05,3.2401,7.3131,0.0,0,27,2,normal,,
EMP-134,2026-03-07,DEVICE_CONNECT|LOGIN|VPN_CONNECT|APPLICATION_ACCESS|APPLICATION_ACCESS|APPLICATION_ACCESS|APPLICATION_ACCESS|MEETING_JOIN|EMAIL_ACCESS|APPLICATION_ACCESS|APPLICATION_ACCESS|EMAIL_ACCESS|EMAIL_ACCESS|MEETING_JOIN|APPLICATION_ACCESS|APPLICATION_ACCESS|APPLICATION_ACCESS|APPLICATION_ACCESS|BREAK_START|BREAK_END|APPLICATION_ACCESS|APPLICATION_ACCESS|EMAIL_ACCESS|MEETING_JOIN|APPLICATION_ACCESS|APPLICATION_ACCESS|APPLICATION_ACCESS|APPLICATION_ACCESS|APPLICATION_ACCESS|MEETING_JOIN|APPLICATION_ACCESS|APPLICATION_ACCESS|EMAIL_ACCESS|APPLICATION_ACCESS|EMAIL_ACCESS|VPN_DISCONNECT|LOGOUT,37,1,1,0.015,0,0,1,1,1,0.5075,0.15,0,7.0461,0,0.35,3.9888,8.3519,0.0,0,20,2,normal,,
EMP-135,2026-03-09,DEVICE_CONNECT|LOGIN|MEETING_JOIN|MEETING_JOIN|EMAIL_ACCESS|RESOURCE_ACCESS|RESOURCE_ACCESS|RESOURCE_ACCESS|EMAIL_ACCESS|APPLICATION_ACCESS|APPLICATION_ACCESS|APPLICATION_ACCESS|APPLICATION_ACCESS|RESOURCE_ACCESS|RESOURCE_ACCESS|RESOURCE_ACCESS|BREAK_START|BREAK_END|APPLICATION_ACCESS|EMAIL_ACCESS|APPLICATION_ACCESS|APPLICATION_ACCESS|EMAIL_ACCESS|RESOURCE_ACCESS|RESOURCE_ACCESS|RESOURCE_ACCESS|MEETING_JOIN|EMAIL_ACCESS|MEETING_JOIN|RESOURCE_ACCESS|RESOURCE_ACCESS|RESOURCE_ACCESS|RESOURCE_ACCESS|LOGOUT,34,1,1,0.02,0,0,1,1,1,0.5404,0.15,0,8.6833,0,0.05,4.4841,8.7498,0.0,0,7,2,normal,,
EMP-136,2026-03-06,DEVICE_CONNECT|LOGIN|VPN_CONNECT|MEETING_JOIN|APPLICATION_ACCESS|APPLICATION_ACCESS|APPLICATION_ACCESS|APPLICATION_ACCESS|APPLICATION_ACCESS|APPLICATION_ACCESS|APPLICATION_ACCESS|APPLICATION_ACCESS|MEETING_JOIN|APPLICATION_ACCESS|APPLICATION_ACCESS|APPLICATION_ACCESS|APPLICATION_ACCESS|BREAK_START|BREAK_END|EMAIL_ACCESS|APPLICATION_ACCESS|EMAIL_ACCESS|EMAIL_ACCESS|APPLICATION_ACCESS|EMAIL_ACCESS|APPLICATION_ACCESS|EMAIL_ACCESS|APPLICATION_ACCESS|APPLICATION_ACCESS|MEETING_JOIN|APPLICATION_ACCESS|APPLICATION_ACCESS|EMAIL_ACCESS|EMAIL_ACCESS|VPN_DISCONNECT|LOGOUT,36,1,1,0.01,0,0,1,1,1,0.5503,0.15,0,5.3625,0,0.35,2.9785,7.7544,0.0,0,19,2,normal,,
EMP-137,2026-03-10,DEVICE_CONNECT|LOGIN|VPN_CONNECT|APPLICATION_ACCESS|EMAIL_ACCESS|APPLICATION_ACCESS|APPLICATION_ACCESS|APPLICATION_ACCESS|APPLICATION_ACCESS|APPLICATION_ACCESS|APPLICATION_ACCESS|APPLICATION_ACCESS|APPLICATION_ACCESS|APPLICATION_ACCESS|APPLICATION_ACCESS|APPLICATION_ACCESS|APPLICATION_ACCESS|APPLICATION_ACCESS|APPLICATION_ACCESS|APPLICATION_ACCESS|APPLICATION_ACCESS|APPLICATION_ACCESS|APPLICATION_ACCESS|APPLICATION_ACCESS|EMAIL_ACCESS|APPLICATION_ACCESS|VPN_DISCONNECT|LOGOUT,28,1,1,0.015,0,0,1,1,1,0.4535,0.15,0,6.4748,0,0.35,3.7634,7.8668,0.0,0,21,2,normal,,
EMP-138,2026-03-08,DEVICE_CONNECT|LOGIN|VPN_CONNECT|EMAIL_ACCESS|APPLICATION_ACCESS|APPLICATION_ACCESS|MEETING_JOIN|APPLICATION_ACCESS|MEETING_JOIN|APPLICATION_ACCESS|EMAIL_ACCESS|APPLICATION_ACCESS|APPLICATION_ACCESS|APPLICATION_ACCESS|APPLICATION_ACCESS|APPLICATION_ACCESS|BREAK_START|BREAK_END|APPLICATION_ACCESS|EMAIL_ACCESS|EMAIL_ACCESS|APPLICATION_ACCESS|APPLICATION_ACCESS|APPLICATION_ACCESS|APPLICATION_ACCESS|EMAIL_ACCESS|APPLICATION_ACCESS|APPLICATION_ACCESS|APPLICATION_ACCESS|APPLICATION_ACCESS|APPLICATION_ACCESS|VPN_DISCONNECT|LOGOUT,33,1,1,0.02,0,0,1,1,1,0.5132,0.15,0,7.3765,0,0.35,5.0416,8.1725,0.0,0,19,2,normal,,
EMP-139,2026-03-09,DEVICE_CONNECT|LOGIN|VPN_CONNECT|APPLICATION_ACCESS|APPLICATION_ACCESS|APPLICATION_ACCESS|APPLICATION_ACCESS|EMAIL_ACCESS|EMAIL_ACCESS|EMAIL_ACCESS|EMAIL_ACCESS|APPLICATION_ACCESS|APPLICATION_ACCESS|APPLICATION_ACCESS|APPLICATION_ACCESS|APPLICATION_ACCESS|APPLICATION_ACCESS|BREAK_START|BREAK_END|MEETING_JOIN|APPLICATION_ACCESS|APPLICATION_ACCESS|EMAIL_ACCESS|APPLICATION_ACCESS|APPLICATION_ACCESS|APPLICATION_ACCESS|EMAIL_ACCESS|APPLICATION_ACCESS|APPLICATION_ACCESS|MEETING_JOIN|APPLICATION_ACCESS|APPLICATION_ACCESS|APPLICATION_ACCESS|MEETING_JOIN|VPN_DISCONNECT|LOGOUT,36,1,1,0.01,0,0,1,1,1,0.508,0.15,0,6.8789,0,0.35,3.1774,7.7132,0.0,0,20,2,normal,,
EMP-140,2026-03-07,DEVICE_CONNECT|LOGIN|VPN_CONNECT|RESOURCE_ACCESS|RESOURCE_ACCESS|RESOURCE_ACCESS|EMAIL_ACCESS|APPLICATION_ACCESS|RESOURCE_ACCESS|APPLICATION_ACCESS|RESOURCE_ACCESS|APPLICATION_ACCESS|APPLICATION_ACCESS|RESOURCE_ACCESS|BREAK_START|BREAK_END|APPLICATION_ACCESS|RESOURCE_ACCESS|APPLICATION_ACCESS|RESOURCE_ACCESS|APPLICATION_ACCESS|RESOURCE_ACCESS|MEETING_JOIN|RESOURCE_ACCESS|APPLICATION_ACCESS|MEETING_JOIN|EMAIL_ACCESS|VPN_DISCONNECT|LOGOUT,29,1,1,0.015,0,0,1,1,1,0.6054,0.15,0,9.4025,0,0.35,3.7586,8.1286,0.0,0,8,2,normal,,
EMP-141,2026-03-07,DEVICE_CONNECT|LOGIN|MEETING_JOIN|APPLICATION_ACCESS|APPLICATION_ACCESS|APPLICATION_ACCESS|APPLICATION_ACCESS|EMAIL_ACCESS|MEETING_JOIN|APPLICATION_ACCESS|APPLICATION_ACCESS|EMAIL_ACCESS|APPLICATION_ACCESS|APPLICATION_ACCESS|MEETING_JOIN|APPLICATION_ACCESS|BREAK_START|BREAK_END|APPLICATION_ACCESS|APPLICATION_ACCESS|APPLICATION_ACCESS|APPLICATION_ACCESS|APPLICATION_ACCESS|EMAIL_ACCESS|APPLICATION_ACCESS|APPLICATION_ACCESS|APPLICATION_ACCESS|APPLICATION_ACCESS|EMAIL_ACCESS|EMAIL_ACCESS|APPLICATION_ACCESS|APPLICATION_ACCESS|LOGOUT,33,1,1,0.02,0,0,1,1,1,0.4896,0.15,0,4.3919,0,0.05,4.5018,8.3874,0.0,0,20,2,normal,,
EMP-142,2026-03-06,DEVICE_CONNECT|LOGIN|APPLICATION_ACCESS|APPLICATION_ACCESS|APPLICATION_ACCESS|APPLICATION_ACCESS|APPLICATION_ACCESS|APPLICATION_ACCESS|EMAIL_ACCESS|EMAIL_ACCESS|APPLICATION_ACCESS|APPLICATION_ACCESS|EMAIL_ACCESS|EMAIL_ACCESS|EMAIL_ACCESS|APPLICATION_ACCESS|APPLICATION_ACCESS|EMAIL_ACCESS|APPLICATION_ACCESS|APPLICATION_ACCESS|APPLICATION_ACCESS|APPLICATION_ACCESS|EMAIL_ACCESS|APPLICATION_ACCESS|APPLICATION_ACCESS|APPLICATION_ACCESS|LOGOUT,27,1,1,0.01,0,0,1,1,1,0.5235,0.15,0,3.9198,0,0.05,3.2637,7.2545,0.0,0,17,2,normal,,
EMP-143,2026-03-07,DEVICE_CONNECT|LOGIN|APPLICATION_ACCESS|EMAIL_ACCESS|APPLICATION_ACCESS|APPLICATION_ACCESS|APPLICATION_ACCESS|FILE_ACCESS|APPLICATION_ACCESS|EMAIL_ACCESS|FILE_ACCESS|APPLICATION_ACCESS|EMAIL_ACCESS|APPLICATION_ACCESS|APPLICATION_ACCESS|BREAK_START|BREAK_END|APPLICATION_ACCESS|EMAIL_ACCESS|FILE_ACCESS|APPLICATION_ACCESS|APPLICATION_ACCESS|APPLICATION_ACCESS|APPLICATION_ACCESS|APPLICATION_ACCESS|APPLICATION_ACCESS|APPLICATION_ACCESS|APPLICATION_ACCESS|APPLICATION_ACCESS|APPLICATION_ACCESS|LOGOUT,31,1,1,0.015,0,0,1,1,1,0.5238,0.15,0,5.6663,0,0.05,4.1721,8.2342,0.0967741935483871,0,19,3,normal,,
EMP-144,2026-03-10,DEVICE_CONNECT|LOGIN|VPN_CONNECT|RESOURCE_ACCESS|MEETING_JOIN|EMAIL_ACCESS|RESOURCE_ACCESS|APPLICATION_ACCESS|APPLICATION_ACCESS|RESOURCE_ACCESS|RESOURCE_ACCESS|EMAIL_ACCESS|EMAIL_ACCESS|RESOURCE_ACCESS|RESOURCE_ACCESS|RESOURCE_ACCESS|RESOURCE_ACCESS|BREAK_START|BREAK_END|RESOURCE_ACCESS|APPLICATION_ACCESS|APPLICATION_ACCESS|APPLICATION_ACCESS|APPLICATION_ACCESS|RESOURCE_ACCESS|APPLICATION_ACCESS|RESOURCE_ACCESS|RESOURCE_ACCESS|MEETING_JOIN|RESOURCE_ACCESS|APPLICATION_ACCESS|APPLICATION_ACCESS|APPLICATION_ACCESS|VPN_DISCONNECT|LOGOUT,35,1,1,0.02,0,0,1,1,1,0.6034,0.15,0,8.0028,0,0.35,5.5,8.4594,0.0,0,10,2,normal,,
EMP-145,2026-03-09,DEVICE_CONNECT|LOGIN|APPLICATION_ACCESS|APPLICATION_ACCESS|MEETING_JOIN|APPLICATION_ACCESS|APPLICATION_ACCESS|FILE_ACCESS|APPLICATION_ACCESS|EMAIL_ACCESS|APPLICATION_ACCESS|APPLICATION_ACCESS|BREAK_START|BREAK_END|EMAIL_ACCESS|APPLICATION_ACCESS|APPLICATION_ACCESS|APPLICATION_ACCESS|APPLICATION_ACCESS|APPLICATION_ACCESS|APPLICATION_ACCESS|APPLICATION_ACCESS|MEETING_JOIN|APPLICATION_ACCESS|LOGOUT,25,1,1,0.01,0,0,1,1,1,0.4339,0.15,0,7.5132,0,0.05,2.8866,7.6768,0.04,0,15,2,normal,,
EMP-146,2026-03-06,DEVICE_CONNECT|LOGIN|APPLICATION_ACCESS|MEETING_JOIN|APPLICATION_ACCESS|APPLICATION_ACCESS|APPLICATION_ACCESS|APPLICATION_ACCESS|APPLICATION_ACCESS|MEETING_JOIN|APPLICATION_ACCESS|APPLICATION_ACCESS|APPLICATION_ACCESS|BREAK_START|BREAK_END|EMAIL_ACCESS|MEETING_JOIN|APPLICATION_ACCESS|APPLICATION_ACCESS|APPLICATION_ACCESS|APPLICATION_ACCESS|APPLICATION_ACCESS|EMAIL_ACCESS|MEETING_JOIN|APPLICATION_ACCESS|APPLICATION_ACCESS|APPLICATION_ACCESS|LOGOUT,28,1,1,0.015,0,0,1,1,1,0.5307,0.15,0,4.5019,0,0.05,4.2137,7.9667,0.0,0,17,2,normal,,
EMP-147,2026-03-09,DEVICE_CONNECT|LOGIN|RESOURCE_ACCESS|RESOURCE_ACCESS|MEETING_JOIN|RESOURCE_ACCESS|RESOURCE_ACCESS|MEETING_JOIN|RESOURCE_ACCESS|EMAIL_ACCESS|RESOURCE_ACCESS|APPLICATION_ACCESS|RESOURCE_ACCESS|MEETING_JOIN|APPLICATION_ACCESS|RESOURCE_ACCESS|RESOURCE_ACCESS|BREAK_START|BREAK_END|RESOURCE_ACCESS|MEETING_JOIN|EMAIL_ACCESS|EMAIL_ACCESS|RESOURCE_ACCESS|RESOURCE_ACCESS|RESOURCE_ACCESS|MEETING_JOIN|APPLICATION_ACCESS|RESOURCE_ACCESS|RESOURCE_ACCESS|APPLICATION_ACCESS|RESOURCE_ACCESS|APPLICATION_ACCESS|RESOURCE_ACCESS|LOGOUT,35,1,1,0.02,0,0,1,1,1,0.5149,0.15,0,5.238,0,0.05,4.4443,8.8399,0.0,0,5,2,normal,,
EMP-148,2026-03-09,DEVICE_CONNECT|LOGIN|MEETING_JOIN|EMAIL_ACCESS|APPLICATION_ACCESS|APPLICATION_ACCESS|MEETING_JOIN|APPLICATION_ACCESS|APPLICATION_ACCESS|APPLICATION_ACCESS|BREAK_START|BREAK_END|APPLICATION_ACCESS|APPLICATION_ACCESS|APPLICATION_ACCESS|APPLICATION_ACCESS|APPLICATION_ACCESS|APPLICATION_ACCESS|APPLICATION_ACCESS|APPLICATION_ACCESS|LOGOUT,21,1,1,0.01,0,0,1,1,1,0.5989,0.15,0,4.5572,0,0.05,3.142,7.8257,0.0,0,13,2,normal,,
EMP-149,2026-03-08,DEVICE_CONNECT|LOGIN|VPN_CONNECT|APPLICATION_ACCESS|APPLICATION_ACCESS|APPLICATION_ACCESS|EMAIL_ACCESS|APPLICATION_ACCESS|APPLICATION_ACCESS|APPLICATION_ACCESS|APPLICATION_ACCESS|EMAIL_ACCESS|MEETING_JOIN|EMAIL_ACCESS|APPLICATION_ACCESS|EMAIL_ACCESS|APPLICATION_ACCESS|APPLICATION_ACCESS|BREAK_START|BREAK_END|APPLICATION_ACCESS|APPLICATION_ACCESS|MEETING_JOIN|APPLICATION_ACCESS|APPLICATION_ACCESS|EMAIL_ACCESS|APPLICATION_ACCESS|MEETING_JOIN|APPLICATION_ACCESS|APPLICATION_ACCESS|APPLICATION_ACCESS|APPLICATION_ACCESS|APPLICATION_ACCESS|APPLICATION_ACCESS|MEETING_JOIN|VPN_DISCONNECT|LOGOUT,37,1,1,0.015,0,0,1,1,1,0.4701,0.15,0,5.8916,0,0.35,3.4599,7.7378,0.0,0,21,2,normal,,
EMP-150,2026-03-10,DEVICE_CONNECT|LOGIN|VPN_CONNECT|APPLICATION_ACCESS|APPLICATION_ACCESS|EMAIL_ACCESS|APPLICATION_ACCESS|APPLICATION_ACCESS|APPLICATION_ACCESS|APPLICATION_ACCESS|APPLICATION_ACCESS|APPLICATION_ACCESS|EMAIL_ACCESS|APPLICATION_ACCESS|EMAIL_ACCESS|APPLICATION_ACCESS|APPLICATION_ACCESS|APPLICATION_ACCESS|APPLICATION_ACCESS|APPLICATION_ACCESS|EMAIL_ACCESS|EMAIL_ACCESS|EMAIL_ACCESS|APPLICATION_ACCESS|APPLICATION_ACCESS|APPLICATION_ACCESS|APPLICATION_ACCESS|VPN_DISCONNECT|LOGOUT,29,1,1,0.02,0,0,1,1,1,0.5321,0.15,0,6.7919,0,0.35,5.4024,8.589,0.0,0,18,2,normal,,
EMP-151,2026-03-09,DEVICE_CONNECT|LOGIN|EMAIL_ACCESS|APPLICATION_ACCESS|APPLICATION_ACCESS|APPLICATION_ACCESS|EMAIL_ACCESS|APPLICATION_ACCESS|APPLICATION_ACCESS|EMAIL_ACCESS|BREAK_START|BREAK_END|APPLICATION_ACCESS|APPLICATION_ACCESS|APPLICATION_ACCESS|APPLICATION_ACCESS|APPLICATION_ACCESS|APPLICATION_ACCESS|APPLICATION_ACCESS|APPLICATION_ACCESS|LOGOUT,21,1,1,0.01,0,0,1,1,1,0.5818,0.15,0,2.819,0,0.05,3.359,7.4977,0.0,0,13,2,normal,,
EMP-152,2026-03-07,DEVICE_CONNECT|LOGIN|VPN_CONNECT|RESOURCE_ACCESS|EMAIL_ACCESS|RESOURCE_ACCESS|RESOURCE_ACCESS|RESOURCE_ACCESS|APPLICATION_ACCESS|RESOURCE_ACCESS|APPLICATION_ACCESS|RESOURCE_ACCESS|RESOURCE_ACCESS|APPLICATION_ACCESS|RESOURCE_ACCESS|RESOURCE_ACCESS|RESOURCE_ACCESS|RESOURCE_ACCESS|EMAIL_ACCESS|BREAK_START|BREAK_END|RESOURCE_ACCESS|APPLICATION_ACCESS|EMAIL_ACCESS|APPLICATION_ACCESS|EMAIL_ACCESS|RESOURCE_ACCESS|RESOURCE_ACCESS|MEETING_JOIN|RESOURCE_ACCESS|RESOURCE_ACCESS|MEETING_JOIN|RESOURCE_ACCESS|RESOURCE_ACCESS|APPLICATION_ACCESS|RESOURCE_ACCESS|EMAIL_ACCESS|VPN_DISCONNECT|LOGOUT,39,1,1,0.015,0,0,1,1,1,0.5563,0.15,0,4.1079,0,0.35,4.4031,7.8699,0.0,0,6,2,normal,,
EMP-153,2026-03-09,DEVICE_CONNECT|LOGIN|APPLICATION_ACCESS|APPLICATION_ACCESS|APPLICATION_ACCESS|MEETING_JOIN|APPLICATION_ACCESS|APPLICATION_ACCESS|APPLICATION_ACCESS|APPLICATION_ACCESS|BREAK_START|BREAK_END|APPLICATION_ACCESS|APPLICATION_ACCESS|APPLICATION_ACCESS|APPLICATION_ACCESS|EMAIL_ACCESS|APPLICATION_ACCESS|APPLICATION_ACCESS|APPLICATION_ACCESS|LOGOUT,21,1,1,0.02,0,0,1,1,1,0.4324,0.15,0,7.4276,0,0.05,4.5648,8.5608,0.0,0,14,2,normal,,
EMP-154,2026-03-09,DEVICE_CONNECT|LOGIN|RESOURCE_ACCESS|EMAIL_ACCESS|RESOURCE_ACCESS|RESOURCE_ACCESS|MEETING_JOIN|RESOURCE_ACCESS|EMAIL_ACCESS|EMAIL_ACCESS|RESOURCE_ACCESS|RESOURCE_ACCESS|RESOURCE_ACCESS|MEETING_JOIN|MEETING_JOIN|APPLICATION_ACCESS|MEETING_JOIN|BREAK_START|BREAK_END|RESOURCE_ACCESS|EMAIL_ACCESS|RESOURCE_ACCESS|MEETING_JOIN|MEETING_JOIN|MEETING_JOIN|RESOURCE_ACCESS|EMAIL_ACCESS|RESOURCE_ACCESS|RESOURCE_ACCESS|RESOURCE_ACCESS|RESOURCE_ACCESS|EMAIL_ACCESS|RESOURCE_ACCESS|RESOURCE_ACCESS|MEETING_JOIN|LOGOUT,36,1,1,0.01,0,0,1,1,1,0.5264,0.15,0,7.2793,0,0.05,2.5449,7.3684,0.0,0,3,2,normal,,
EMP-155,2026-03-09,DEVICE_CONNECT|LOGIN|APPLICATION_ACCESS|APPLICATION_ACCESS|EMAIL_ACCESS|EMAIL_ACCESS|APPLICATION_ACCESS|EMAIL_ACCESS|APPLICATION_ACCESS|MEETING_JOIN|MEETING_JOIN|EMAIL_ACCESS|APPLICATION_ACCESS|APPLICATION_ACCESS|APPLICATION_ACCESS|APPLICATION_ACCESS|BREAK_START|BREAK_END|MEETING_JOIN|APPLICATION_ACCESS|APPLICATION_ACCESS|APPLICATION_ACCESS|APPLICATION_ACCESS|EMAIL_ACCESS|APPLICATION_ACCESS|EMAIL_ACCESS|MEETING_JOIN|EMAIL_ACCESS|APPLICATION_ACCESS|APPLICATION_ACCESS|APPLICATION_ACCESS|EMAIL_ACCESS|LOGOUT,33,1,1,0.015,0,0,1,1,1,0.5758,0.15,0,7.0042,0,0.05,3.598,7.8959,0.0,0,16,2,normal,,
EMP-156,2026-03-06,DEVICE_CONNECT|LOGIN|VPN_CONNECT|APPLICATION_ACCESS|MEETING_JOIN|FILE_ACCESS|EMAIL_ACCESS|APPLICATION_ACCESS|MEETING_JOIN|APPLICATION_ACCESS|APPLICATION_ACCESS|APPLICATION_ACCESS|APPLICATION_ACCESS|APPLICATION_ACCESS|APPLICATION_ACCESS|APPLICATION_ACCESS|APPLICATION_ACCESS|EMAIL_ACCESS|BREAK_START|BREAK_END|EMAIL_ACCESS|APPLICATION_ACCESS|APPLICATION_ACCESS|APPLICATION_ACCESS|EMAIL_ACCESS|APPLICATION_ACCESS|APPLICATION_ACCESS|APPLICATION_ACCESS|APPLICATION_ACCESS|APPLICATION_ACCESS|APPLICATION_ACCESS|EMAIL_ACCESS|FILE_ACCESS|FILE_ACCESS|APPLICATION_ACCESS|VPN_DISCONNECT|LOGOUT,37,1,1,0.02,0,0,1,1,1,0.6426,0.15,0,2.6221,0,0.35,5.4168,8.18,0.08108108108108109,0,20,3,normal,,
EMP-157,2026-03-10,DEVICE_CONNECT|LOGIN|VPN_CONNECT|APPLICATION_ACCESS|EMAIL_ACCESS|APPLICATION_ACCESS|APPLICATION_ACCESS|MEETING_JOIN|APPLICATION_ACCESS|MEETING_JOIN|MEETING_JOIN|APPLICATION_ACCESS|APPLICATION_ACCESS|APPLICATION_ACCESS|BREAK_START|BREAK_END|APPLICATION_ACCESS|APPLICATION_ACCESS|APPLICATION_ACCESS|APPLICATION_ACCESS|APPLICATION_ACCESS|APPLICATION_ACCESS|APPLICATION_ACCESS|MEETING_JOIN|EMAIL_ACCESS|MEETING_JOIN|APPLICATION_ACCESS|APPLICATION_ACCESS|VPN_DISCONNECT|LOGOUT,30,1,1,0.01,0,0,1,1,1,0.4376,0.15,0,3.9733,0,0.35,2.4969,7.8037,0.0,0,16,2,normal,,
EMP-158,2026-03-07,DEVICE_CONNECT|LOGIN|VPN_CONNECT|APPLICATION_ACCESS|EMAIL_ACCESS|APPLICATION_ACCESS|APPLICATION_ACCESS|MEETING_JOIN|APPLICATION_ACCESS|APPLICATION_ACCESS|APPLICATION_ACCESS|APPLICATION_ACCESS|APPLICATION_ACCESS|APPLICATION_ACCESS|EMAIL_ACCESS|APPLICATION_ACCESS|BREAK_START|BREAK_END|EMAIL_ACCESS|APPLICATION_ACCESS|EMAIL_ACCESS|MEETING_JOIN|APPLICATION_ACCESS|APPLICATION_ACCESS|APPLICATION_ACCESS|APPLICATION_ACCESS|APPLICATION_ACCESS|APPLICATION_ACCESS|APPLICATION_ACCESS|APPLICATION_ACCESS|APPLICATION_ACCESS|MEETING_JOIN|VPN_DISCONNECT|LOGOUT,34,1,1,0.015,0,0,1,1,1,0.4679,0.15,0,4.7674,0,0.35,4.4643,8.1214,0.0,0,20,2,normal,,
EMP-159,2026-03-09,DEVICE_CONNECT|LOGIN|VPN_CONNECT|APPLICATION_ACCESS|EMAIL_ACCESS|EMAIL_ACCESS|APPLICATION_ACCESS|APPLICATION_ACCESS|EMAIL_ACCESS|MEETING_JOIN|MEETING_JOIN|APPLICATION_ACCESS|BREAK_START|BREAK_END|APPLICATION_ACCESS|APPLICATION_ACCESS|EMAIL_ACCESS|APPLICATION_ACCESS|APPLICATION_ACCESS|APPLICATION_ACCESS|APPLICATION_ACCESS|APPLICATION_ACCESS|APPLICATION_ACCESS|EMAIL_ACCESS|VPN_DISCONNECT|LOGOUT,26,1,1,0.02,0,0,1,1,1,0.5694,0.15,0,7.8767,0,0.35,4.5523,8.4808,0.0,0,12,2,normal,,
EMP-160,2026-03-06,DEVICE_CONNECT|LOGIN|RESOURCE_ACCESS|APPLICATION_ACCESS|APPLICATION_ACCESS|MEETING_JOIN|RESOURCE_ACCESS|RESOURCE_ACCESS|RESOURCE_ACCESS|EMAIL_ACCESS|RESOURCE_ACCESS|EMAIL_ACCESS|RESOURCE_ACCESS|MEETING_JOIN|MEETING_JOIN|MEETING_JOIN|MEETING_JOIN|RESOURCE_ACCESS|BREAK_START|BREAK_END|RESOURCE_ACCESS|APPLICATION_ACCESS|RESOURCE_ACCESS|RESOURCE_ACCESS|RESOURCE_ACCESS|EMAIL_ACCESS|RESOURCE_ACCESS|RESOURCE_ACCESS|RESOURCE_ACCESS|RESOURCE_ACCESS|RESOURCE_ACCESS|EMAIL_ACCESS|RESOURCE_ACCESS|APPLICATION_ACCESS|RESOURCE_ACCESS|APPLICATION_ACCESS|LOGOUT,37,1,1,0.01,0,0,1,1,1,0.614,0.15,0,8.0693,0,0.05,3.5257,7.4296,0.0,0,5,2,normal,,
EMP-161,2026-03-10,DEVICE_CONNECT|LOGIN|APPLICATION_ACCESS|EMAIL_ACCESS|APPLICATION_ACCESS|MEETING_JOIN|APPLICATION_ACCESS|APPLICATION_ACCESS|EMAIL_ACCESS|FILE_ACCESS|EMAIL_ACCESS|APPLICATION_ACCESS|APPLICATION_ACCESS|EMAIL_ACCESS|APPLICATION_ACCESS|APPLICATION_ACCESS|APPLICATION_ACCESS|BREAK_START|BREAK_END|EMAIL_ACCESS|EMAIL_ACCESS|APPLICATION_ACCESS|APPLICATION_ACCESS|APPLICATION_ACCESS|EMAIL_ACCESS|APPLICATION_ACCESS|APPLICATION_ACCESS|APPLICATION_ACCESS|APPLICATION_ACCESS|APPLICATION_ACCESS|APPLICATION_ACCESS|APPLICATION_ACCESS|APPLICATION_ACCESS|APPLICATION_ACCESS|LOGOUT,35,1,1,0.015,0,0,1,1,1,0.4692,0.15,0,4.2888,0,0.05,4.1345,8.1738,0.02857142857142857,0,21,2,normal,,
EMP-162,2026-03-09,DEVICE_CONNECT|LOGIN|VPN_CONNECT|APPLICATION_ACCESS|EMAIL_ACCESS|EMAIL_ACCESS|APPLICATION_ACCESS|APPLICATION_ACCESS|EMAIL_ACCESS|APPLICATION_ACCESS|APPLICATION_ACCESS|APPLICATION_ACCESS|APPLICATION_ACCESS|APPLICATION_ACCESS|APPLICATION_ACCESS|APPLICATION_ACCESS|APPLICATION_ACCESS|APPLICATION_ACCESS|APPLICATION_ACCESS|APPLICATION_ACCESS|EMAIL_ACCESS|APPLICATION_ACCESS|APPLICATION_ACCESS|APPLICATION_ACCESS|EMAIL_ACCESS|APPLICATION_ACCESS|APPLICATION_ACCESS|APPLICATION_ACCESS|APPLICATION_ACCESS|VPN_DISCONNECT|LOGOUT,31,1,1,0.02,0,0,1,1,1,0.5127,0.15,0,5.8477,0,0.35,4.4055,8.3783,0.0,0,21,2,normal,,
EMP-163,2026-03-06,DEVICE_CONNECT|LOGIN|VPN_CONNECT|APPLICATION_ACCESS|APPLICATION_ACCESS|APPLICATION_ACCESS|APPLICATION_ACCESS|APPLICATION_ACCESS|EMAIL_ACCESS|APPLICATION_ACCESS|APPLICATION_ACCESS|APPLICATION_ACCESS|APPLICATION_ACCESS|APPLICATION_ACCESS|APPLICATION_ACCESS|EMAIL_ACCESS|APPLICATION_ACCESS|APPLICATION_ACCESS|BREAK_START|BREAK_END|APPLICATION_ACCESS|APPLICATION_ACCESS|APPLICATION_ACCESS|APPLICATION_ACCESS|APPLICATION_ACCESS|APPLICATION_ACCESS|APPLICATION_ACCESS|APPLICATION_ACCESS|EMAIL_ACCESS|APPLICATION_ACCESS|EMAIL_ACCESS|APPLICATION_ACCESS|EMAIL_ACCESS|APPLICATION_ACCESS|APPLICATION_ACCESS|APPLICATION_ACCESS|VPN_DISCONNECT|LOGOUT,38,1,1,0.01,0,0,1,1,1,0.5192,0.15,0,7.4598,0,0.35,3.1427,7.8814,0.0,0,26,2,normal,,
EMP-164,2026-03-10,DEVICE_CONNECT|LOGIN|VPN_CONNECT|APPLICATION_ACCESS|APPLICATION_ACCESS|RESOURCE_ACCESS|APPLICATION_ACCESS|APPLICATION_ACCESS|APPLICATION_ACCESS|RESOURCE_ACCESS|RESOURCE_ACCESS|RESOURCE_ACCESS|APPLICATION_ACCESS|MEETING_JOIN|APPLICATION_ACCESS|BREAK_START|BREAK_END|APPLICATION_ACCESS|RESOURCE_ACCESS|APPLICATION_ACCESS|MEETING_JOIN|APPLICATION_ACCESS|RESOURCE_ACCESS|RESOURCE_ACCESS|MEETING_JOIN|EMAIL_ACCESS|RESOURCE_ACCESS|MEETING_JOIN|APPLICATION_ACCESS|APPLICATION_ACCESS|VPN_DISCONNECT|LOGOUT,32,1,1,0.015,0,0,1,1,1,0.6008,0.15,0,6.8926,0,0.35,3.6497,8.1012,0.0,0,12,2,normal,,
EMP-165,2026-03-07,DEVICE_CONNECT|LOGIN|VPN_CONNECT|MEETING_JOIN|APPLICATION_ACCESS|MEETING_JOIN|APPLICATION_ACCESS|APPLICATION_ACCESS|APPLICATION_ACCESS|APPLICATION_ACCESS|APPLICATION_ACCESS|APPLICATION_ACCESS|EMAIL_ACCESS|BREAK_START|BREAK_END|APPLICATION_ACCESS|APPLICATION_ACCESS|EMAIL_ACCESS|APPLICATION_ACCESS|APPLICATION_ACCESS|APPLICATION_ACCESS|EMAIL_ACCESS|APPLICATION_ACCESS|APPLICATION_ACCESS|APPLICATION_ACCESS|VPN_DISCONNECT|LOGOUT,27,1,1,0.02,0,0,1,1,1,0.4194,0.15,0,8.8898,0,0.35,5.5,8.6482,0.0,0,15,2,normal,,
EMP-166,2026-03-08,DEVICE_CONNECT|LOGIN|APPLICATION_ACCESS|APPLICATION_ACCESS|APPLICATION_ACCESS|APPLICATION_ACCESS|EMAIL_ACCESS|APPLICATION_ACCESS|APPLICATION_ACCESS|APPLICATION_ACCESS|BREAK_START|BREAK_END|APPLICATION_ACCESS|APPLICATION_ACCESS|APPLICATION_ACCESS|APPLICATION_ACCESS|APPLICATION_ACCESS|EMAIL_ACCESS|APPLICATION_ACCESS|APPLICATION_ACCESS|LOGOUT,21,1,1,0.01,0,0,1,1,1,0.4998,0.15,0,2.9793,0,0.05,2.4648,7.8381,0.0,0,14,2,normal,,
EMP-167,2026-03-07,DEVICE_CONNECT|LOGIN|VPN_CONNECT|EMAIL_ACCESS|RESOURCE_ACCESS|MEETING_JOIN|RESOURCE_ACCESS|RESOURCE_ACCESS|RESOURCE_ACCESS|RESOURCE_ACCESS|RESOURCE_ACCESS|RESOURCE_ACCESS|APPLICATION_ACCESS|APPLICATION_ACCESS|EMAIL_ACCESS|RESOURCE_ACCESS|RESOURCE_ACCESS|APPLICATION_ACCESS|BREAK_START|BREAK_END|APPLICATION_ACCESS|RESOURCE_ACCESS|RESOURCE_ACCESS|RESOURCE_ACCESS|RESOURCE_ACCESS|RESOURCE_ACCESS|MEETING_JOIN|APPLICATION_ACCESS|RESOURCE_ACCESS|RESOURCE_ACCESS|RESOURCE_ACCESS|APPLICATION_ACCESS|RESOURCE_ACCESS|EMAIL_ACCESS|MEETING_JOIN|VPN_DISCONNECT|LOGOUT,37,1,1,0.015,0,0,1,1,1,0.5285,0.15,0,4.804,0,0.35,4.3662,7.8674,0.0,0,6,2,normal,,
EMP-168,2026-03-10,DEVICE_CONNECT|LOGIN|APPLICATION_ACCESS|RESOURCE_ACCESS|RESOURCE_ACCESS|APPLICATION_ACCESS|RESOURCE_ACCESS|APPLICATION_ACCESS|RESOURCE_ACCESS|RESOURCE_ACCESS|APPLICATION_ACCESS|RESOURCE_ACCESS|MEETING_JOIN|RESOURCE_ACCESS|APPLICATION_ACCESS|APPLICATION_ACCESS|RESOURCE_ACCESS|BREAK_START|BREAK_END|APPLICATION_ACCESS|APPLICATION_ACCESS|APPLICATION_ACCESS|MEETING_JOIN|EMAIL_ACCESS|EMAIL_ACCESS|RESOURCE_ACCESS|APPLICATION_ACCESS|RESOURCE_ACCESS|APPLICATION_ACCESS|RESOURCE_ACCESS|EMAIL_ACCESS|MEETING_JOIN|APPLICATION_ACCESS|RESOURCE_ACCESS|EMAIL_ACCESS|LOGOUT,36,1,1,0.02,0,0,1,1,1,0.5543,0.15,0,6.7213,0,0.05,4.6111,8.8399,0.0,0,12,2,normal,,
EMP-169,2026-03-06,DEVICE_CONNECT|LOGIN|VPN_CONNECT|MEETING_JOIN|APPLICATION_ACCESS|MEETING_JOIN|APPLICATION_ACCESS|APPLICATION_ACCESS|RESOURCE_ACCESS|APPLICATION_ACCESS|MEETING_JOIN|RESOURCE_ACCESS|APPLICATION_ACCESS|EMAIL_ACCESS|RESOURCE_ACCESS|EMAIL_ACCESS|MEETING_JOIN|BREAK_START|BREAK_END|RESOURCE_ACCESS|RESOURCE_ACCESS|EMAIL_ACCESS|APPLICATION_ACCESS|EMAIL_ACCESS|APPLICATION_ACCESS|RESOURCE_ACCESS|APPLICATION_ACCESS|APPLICATION_ACCESS|APPLICATION_ACCESS|RESOURCE_ACCESS|RESOURCE_ACCESS|RESOURCE_ACCESS|APPLICATION_ACCESS|VPN_DISCONNECT|LOGOUT,35,1,1,0.01,0,0,1,1,1,0.4485,0.15,0,5.8482,0,0.35,3.2657,7.8161,0.0,0,11,2,normal,,
EMP-170,2026-03-09,DEVICE_CONNECT|LOGIN|VPN_CONNECT|APPLICATION_ACCESS|EMAIL_ACCESS|APPLICATION_ACCESS|APPLICATION_ACCESS|EMAIL_ACCESS|APPLICATION_ACCESS|EMAIL_ACCESS|APPLICATION_ACCESS|APPLICATION_ACCESS|APPLICATION_ACCESS|MEETING_JOIN|BREAK_START|BREAK_END|EMAIL_ACCESS|APPLICATION_ACCESS|APPLICATION_ACCESS|APPLICATION_ACCESS|MEETING_JOIN|EMAIL_ACCESS|APPLICATION_ACCESS|APPLICATION_ACCESS|EMAIL_ACCESS|MEETING_JOIN|EMAIL_ACCESS|VPN_DISCONNECT|LOGOUT,29,1,1,0.015,0,0,1,1,1,0.508,0.15,0,7.7572,0,0.35,4.478,8.1977,0.0,0,12,2,normal,,
EMP-171,2026-03-09,DEVICE_CONNECT|LOGIN|VPN_CONNECT|EMAIL_ACCESS|EMAIL_ACCESS|APPLICATION_ACCESS|APPLICATION_ACCESS|APPLICATION_ACCESS|APPLICATION_ACCESS|APPLICATION_ACCESS|APPLICATION_ACCESS|EMAIL_ACCESS|APPLICATION_ACCESS|APPLICATION_ACCESS|EMAIL_ACCESS|BREAK_START|BREAK_END|APPLICATION_ACCESS|APPLICATION_ACCESS|APPLICATION_ACCESS|APPLICATION_ACCESS|APPLICATION_ACCESS|FILE_ACCESS|APPLICATION_ACCESS|APPLICATION_ACCESS|APPLICATION_ACCESS|EMAIL_ACCESS|FILE_ACCESS|APPLICATION_ACCESS|APPLICATION_ACCESS|VPN_DISCONNECT|LOGOUT,32,1,1,0.02,0,0,1,1,1,0.5779,0.15,0,3.4784,0,0.35,5.2853,8.1785,0.0625,0,18,2,normal,,
EMP-172,2026-03-07,DEVICE_CONNECT|LOGIN|APPLICATION_ACCESS|APPLICATION_ACCESS|APPLICATION_ACCESS|APPLICATION_ACCESS|APPLICATION_ACCESS|APPLICATION_ACCESS|EMAIL_ACCESS|EMAIL_ACCESS|APPLICATION_ACCESS|EMAIL_ACCESS|APPLICATION_ACCESS|EMAIL_ACCESS|APPLICATION_ACCESS|MEETING_JOIN|BREAK_START|BREAK_END|MEETING_JOIN|APPLICATION_ACCESS|EMAIL_ACCESS|EMAIL_ACCESS|MEETING_JOIN|APPLICATION_ACCESS|EMAIL_ACCESS|APPLICATION_ACCESS|APPLICATION_ACCESS|MEETING_JOIN|EMAIL_ACCESS|EMAIL_ACCESS|EMAIL_ACCESS|APPLICATION_ACCESS|LOGOUT,33,1,1,0.01,0,0,1,1,1,0.5876,0.15,0,4.162,0,0.05,2.9813,7.4768,0.0,0,14,2,normal,,
EMP-173,2026-03-09,DEVICE_CONNECT|LOGIN|APPLICATION_ACCESS|MEETING_JOIN|APPLICATION_ACCESS|APPLICATION_ACCESS|FILE_ACCESS|APPLICATION_ACCESS|APPLICATION_ACCESS|EMAIL_ACCESS|APPLICATION_ACCESS|MEETING_JOIN|APPLICATION_ACCESS|BREAK_START|BREAK_END|APPLICATION_ACCESS|APPLICATION_ACCESS|EMAIL_ACCESS|MEETING_JOIN|APPLICATION_ACCESS|APPLICATION_ACCESS|APPLICATION_ACCESS|APPLICATION_ACCESS|EMAIL_ACCESS|APPLICATION_ACCESS|FILE_ACCESS|LOGOUT,27,1,1,0.015,0,0,1,1,1,0.4145,0.15,0,7.2837,0,0.05,3.8648,7.964,0.07407407407407407,0,14,2,normal,,
EMP-174,2026-03-08,DEVICE_CONNECT|LOGIN|APPLICATION_ACCESS|APPLICATION_ACCESS|RESOURCE_ACCESS|APPLICATION_ACCESS|EMAIL_ACCESS|MEETING_JOIN|RESOURCE_ACCESS|MEETING_JOIN|APPLICATION_ACCESS|EMAIL_ACCESS|MEETING_JOIN|MEETING_JOIN|BREAK_START|BREAK_END|EMAIL_ACCESS|RESOURCE_ACCESS|APPLICATION_ACCESS|APPLICATION_ACCESS|RESOURCE_ACCESS|APPLICATION_ACCESS|RESOURCE_ACCESS|RESOURCE_ACCESS|RESOURCE_ACCESS|RESOURCE_ACCESS|APPLICATION_ACCESS|APPLICATION_ACCESS|LOGOUT,29,1,1,0.02,0,0,1,1,1,0.4958,0.15,0,6.0825,0,0.05,4.7236,8.3869,0.0,0,9,2,normal,,
EMP-175,2026-03-07,DEVICE_CONNECT|LOGIN|MEETING_JOIN|APPLICATION_ACCESS|EMAIL_ACCESS|RESOURCE_ACCESS|RESOURCE_ACCESS|EMAIL_ACCESS|APPLICATION_ACCESS|EMAIL_ACCESS|MEETING_JOIN|APPLICATION_ACCESS|RESOURCE_ACCESS|RESOURCE_ACCESS|APPLICATION_ACCESS|BREAK_START|BREAK_END|MEETING_JOIN|MEETING_JOIN|MEETING_JOIN|APPLICATION_ACCESS|APPLICATION_ACCESS|RESOURCE_ACCESS|MEETING_JOIN|APPLICATION_ACCESS|RESOURCE_ACCESS|MEETING_JOIN|RESOURCE_ACCESS|RESOURCE_ACCESS|EMAIL_ACCESS|LOGOUT,31,1,1,0.01,0,0,1,1,1,0.5127,0.15,0,8.5766,0,0.05,2.5638,7.1477,0.0,0,7,2,normal,,
EMP-176,2026-03-06,DEVICE_CONNECT|LOGIN|VPN_CONNECT|APPLICATION_ACCESS|APPLICATION_ACCESS|EMAIL_ACCESS|APPLICATION_ACCESS|EMAIL_ACCESS|APPLICATION_ACCESS|APPLICATION_ACCESS|FILE_ACCESS|APPLICATION_ACCESS|APPLICATION_ACCESS|EMAIL_ACCESS|APPLICATION_ACCESS|APPLICATION_ACCESS|APPLICATION_ACCESS|APPLICATION_ACCESS|EMAIL_ACCESS|BREAK_START|BREAK_END|APPLICATION_ACCESS|APPLICATION_ACCESS|APPLICATION_ACCESS|APPLICATION_ACCESS|APPLICATION_ACCESS|APPLICATION_ACCESS|APPLICATION_ACCESS|APPLICATION_ACCESS|APPLICATION_ACCESS|APPLICATION_ACCESS|APPLICATION_ACCESS|EMAIL_ACCESS|FILE_ACCESS|FILE_ACCESS|APPLICATION_ACCESS|EMAIL_ACCESS|VPN_DISCONNECT|LOGOUT,39,1,1,0.015,0,0,1,1,1,0.5959,0.15,0,3.0136,0,0.35,4.4637,7.8749,0.07692307692307693,0,23,3,normal,,
EMP-177,2026-03-06,DEVICE_CONNECT|LOGIN|MEETING_JOIN|APPLICATION_ACCESS|APPLICATION_ACCESS|APPLICATION_ACCESS|EMAIL_ACCESS|APPLICATION_ACCESS|APPLICATION_ACCESS|EMAIL_ACCESS|APPLICATION_ACCESS|BREAK_START|BREAK_END|APPLICATION_ACCESS|APPLICATION_ACCESS|APPLICATION_ACCESS|APPLICATION_ACCESS|APPLICATION_ACCESS|EMAIL_ACCESS|APPLICATION_ACCESS|APPLICATION_ACCESS|APPLICATION_ACCESS|LOGOUT,23,1,1,0.02,0,0,1,1,1,0.4157,0.15,0,5.8837,0,0.05,5.4867,8.8622,0.0,0,14,2,normal,,
EMP-178,2026-03-07,DEVICE_CONNECT|LOGIN|APPLICATION_ACCESS|FILE_ACCESS|APPLICATION_ACCESS|APPLICATION_ACCESS|APPLICATION_ACCESS|APPLICATION_ACCESS|APPLICATION_ACCESS|APPLICATION_ACCESS|BREAK_START|BREAK_END|APPLICATION_ACCESS|APPLICATION_ACCESS|APPLICATION_ACCESS|APPLICATION_ACCESS|APPLICATION_ACCESS|EMAIL_ACCESS|APPLICATION_ACCESS|APPLICATION_ACCESS|LOGOUT,21,1,1,0.01,0,0,1,1,1,0.547,0.15,0,7.065,0,0.05,3.4284,7.1692,0.047619047619047616,0,14,2,normal,,
EMP-179,2026-03-10,DEVICE_CONNECT|LOGIN|EMAIL_ACCESS|EMAIL_ACCESS|MEETING_JOIN|APPLICATION_ACCESS|APPLICATION_ACCESS|APPLICATION_ACCESS|APPLICATION_ACCESS|APPLICATION_ACCESS|APPLICATION_ACCESS|APPLICATION_ACCESS|EMAIL_ACCESS|APPLICATION_ACCESS|APPLICATION_ACCESS|APPLICATION_ACCESS|BREAK_START|BREAK_END|FILE_ACCESS|APPLICATION_ACCESS|EMAIL_ACCESS|APPLICATION_ACCESS|EMAIL_ACCESS|APPLICATION_ACCESS|APPLICATION_ACCESS|APPLICATION_ACCESS|APPLICATION_ACCESS|MEETING_JOIN|APPLICATION_ACCESS|EMAIL_ACCESS|APPLICATION_ACCESS|APPLICATION_ACCESS|APPLICATION_ACCESS|LOGOUT,34,1,1,0.015,0,0,1,1,1,0.5862,0.15,0,6.1493,0,0.05,3.9553,7.9788,0.029411764705882353,0,20,2,normal,,
EMP-180,2026-03-06,DEVICE_CONNECT|LOGIN|VPN_CONNECT|MEETING_JOIN|APPLICATION_ACCESS|APPLICATION_ACCESS|APPLICATION_ACCESS|APPLICATION_ACCESS|APPLICATION_ACCESS|APPLICATION_ACCESS|MEETING_JOIN|APPLICATION_ACCESS|APPLICATION_ACCESS|APPLICATION_ACCESS|APPLICATION_ACCESS|APPLICATION_ACCESS|APPLICATION_ACCESS|APPLICATION_ACCESS|BREAK_START|BREAK_END|APPLICATION_ACCESS|EMAIL_ACCESS|MEETING_JOIN|EMAIL_ACCESS|APPLICATION_ACCESS|APPLICATION_ACCESS|MEETING_JOIN|MEETING_JOIN|EMAIL_ACCESS|APPLICATION_ACCESS|APPLICATION_ACCESS|APPLICATION_ACCESS|APPLICATION_ACCESS|APPLICATION_ACCESS|APPLICATION_ACCESS|VPN_DISCONNECT|LOGOUT,37,1,1,0.02,0,0,1,1,1,0.623,0.15,0,8.7085,0,0.35,4.7928,8.2973,0.0,0,22,2,normal,,
EMP-181,2026-03-10,DEVICE_CONNECT|LOGIN|VPN_CONNECT|MEETING_JOIN|APPLICATION_ACCESS|APPLICATION_ACCESS|EMAIL_ACCESS|EMAIL_ACCESS|APPLICATION_ACCESS|EMAIL_ACCESS|APPLICATION_ACCESS|APPLICATION_ACCESS|APPLICATION_ACCESS|APPLICATION_ACCESS|FILE_ACCESS|EMAIL_ACCESS|BREAK_START|BREAK_END|APPLICATION_ACCESS|EMAIL_ACCESS|EMAIL_ACCESS|APPLICATION_ACCESS|APPLICATION_ACCESS|APPLICATION_ACCESS|FILE_ACCESS|APPLICATION_ACCESS|EMAIL_ACCESS|MEETING_JOIN|APPLICATION_ACCESS|APPLICATION_ACCESS|APPLICATION_ACCESS|VPN_DISCONNECT|LOGOUT,33,1,1,0.01,0,0,1,1,1,0.4222,0.15,0,5.2824,0,0.35,3.4965,7.857,0.06060606060606061,0,15,2,normal,,
EMP-182,2026-03-06,DEVICE_CONNECT|LOGIN|VPN_CONNECT|RESOURCE_ACCESS|MEETING_JOIN|APPLICATION_ACCESS|RESOURCE_ACCESS|RESOURCE_ACCESS|MEETING_JOIN|RESOURCE_ACCESS|EMAIL_ACCESS|APPLICATION_ACCESS|RESOURCE_ACCESS|EMAIL_ACCESS|EMAIL_ACCESS|APPLICATION_ACCESS|APPLICATION_ACCESS|RESOURCE_ACCESS|BREAK_START|BREAK_END|RESOURCE_ACCESS|RESOURCE_ACCESS|APPLICATION_ACCESS|APPLICATION_ACCESS|RESOURCE_ACCESS|RESOURCE_ACCESS|RESOURCE_ACCESS|EMAIL_ACCESS|EMAIL_ACCESS|APPLICATION_ACCESS|RESOURCE_ACCESS|EMAIL_ACCESS|RESOURCE_ACCESS|APPLICATION_ACCESS|APPLICATION_ACCESS|VPN_DISCONNECT|LOGOUT,37,1,1,0.015,0,0,1,1,1,0.4918,0.15,0,3.6327,0,0.35,4.2802,8.393,0.0,0,9,2,normal,,
EMP-183,2026-03-10,DEVICE_CONNECT|LOGIN|VPN_CONNECT|EMAIL_ACCESS|EMAIL_ACCESS|MEETING_JOIN|APPLICATION_ACCESS|APPLICATION_ACCESS|APPLICATION_ACCESS|APPLICATION_ACCESS|APPLICATION_ACCESS|APPLICATION_ACCESS|APPLICATION_ACCESS|BREAK_START|BREAK_END|APPLICATION_ACCESS|APPLICATION_ACCESS|EMAIL_ACCESS|APPLICATION_ACCESS|APPLICATION_ACCESS|APPLICATION_ACCESS|APPLICATION_ACCESS|APPLICATION_ACCESS|APPLICATION_ACCESS|EMAIL_ACCESS|APPLICATION_ACCESS|VPN_DISCONNECT|LOGOUT,28,1,1,0.02,0,0,1,1,1,0.5034,0.15,0,6.0934,0,0.35,5.3576,8.4834,0.0,0,16,2,normal,,
EMP-184,2026-03-07,DEVICE_CONNECT|LOGIN|VPN_CONNECT|APPLICATION_ACCESS|APPLICATION_ACCESS|MEETING_JOIN|APPLICATION_ACCESS|APPLICATION_ACCESS|APPLICATION_ACCESS|APPLICATION_ACCESS|APPLICATION_ACCESS|APPLICATION_ACCESS|EMAIL_ACCESS|EMAIL_ACCESS|EMAIL_ACCESS|BREAK_START|BREAK_END|APPLICATION_ACCESS|APPLICATION_ACCESS|APPLICATION_ACCESS|APPLICATION_ACCESS|APPLICATION_ACCESS|EMAIL_ACCESS|APPLICATION_ACCESS|APPLICATION_ACCESS|EMAIL_ACCESS|APPLICATION_ACCESS|APPLICATION_ACCESS|APPLICATION_ACCESS|EMAIL_ACCESS|VPN_DISCONNECT|LOGOUT,32,1,1,0.01,0,0,1,1,1,0.5952,0.15,0,6.2215,0,0.35,2.4149,7.5468,0.0,0,18,2,normal,,
EMP-185,2026-03-10,DEVICE_CONNECT|LOGIN|APPLICATION_ACCESS|APPLICATION_ACCESS|EMAIL_ACCESS|APPLICATION_ACCESS|APPLICATION_ACCESS|APPLICATION_ACCESS|APPLICATION_ACCESS|APPLICATION_ACCESS|APPLICATION_ACCESS|APPLICATION_ACCESS|MEETING_JOIN|EMAIL_ACCESS|APPLICATION_ACCESS|EMAIL_ACCESS|EMAIL_ACCESS|BREAK_START|BREAK_END|APPLICATION_ACCESS|EMAIL_ACCESS|APPLICATION_ACCESS|APPLICATION_ACCESS|APPLICATION_ACCESS|APPLICATION_ACCESS|APPLICATION_ACCESS|APPLICATION_ACCESS|MEETING_JOIN|APPLICATION_ACCESS|APPLICATION_ACCESS|MEETING_JOIN|APPLICATION_ACCESS|APPLICATION_ACCESS|APPLICATION_ACCESS|LOGOUT,35,1,1,0.015,0,0,1,1,1,0.495,0.15,0,6.8981,0,0.05,4.1772,7.8366,0.0,0,22,2,normal,,
EMP-186,2026-03-06,DEVICE_CONNECT|LOGIN|VPN_CONNECT|MEETING_JOIN|RESOURCE_ACCESS|EMAIL_ACCESS|MEETING_JOIN|EMAIL_ACCESS|MEETING_JOIN|APPLICATION_ACCESS|EMAIL_ACCESS|APPLICATION_ACCESS|EMAIL_ACCESS|RESOURCE_ACCESS|APPLICATION_ACCESS|APPLICATION_ACCESS|APPLICATION_ACCESS|BREAK_START|BREAK_END|APPLICATION_ACCESS|EMAIL_ACCESS|EMAIL_ACCESS|APPLICATION_ACCESS|MEETING_JOIN|APPLICATION_ACCESS|APPLICATION_ACCESS|MEETING_JOIN|RESOURCE_ACCESS|APPLICATION_ACCESS|EMAIL_ACCESS|APPLICATION_ACCESS|APPLICATION_ACCESS|EMAIL_ACCESS|APPLICATION_ACCESS|VPN_DISCONNECT|LOGOUT,36,1,1,0.02,0,0,1,1,1,0.4516,0.15,0,4.5071,0,0.35,4.9511,8.2294,0.0,0,13,2,normal,,
EMP-187,2026-03-07,DEVICE_CONNECT|LOGIN|VPN_CONNECT|MEETING_JOIN|RESOURCE_ACCESS|RESOURCE_ACCESS|APPLICATION_ACCESS|RESOURCE_ACCESS|APPLICATION_ACCESS|MEETING_JOIN|RESOURCE_ACCESS|APPLICATION_ACCESS|APPLICATION_ACCESS|RESOURCE_ACCESS|RESOURCE_ACCESS|BREAK_START|BREAK_END|APPLICATION_ACCESS|MEETING_JOIN|APPLICATION_ACCESS|APPLICATION_ACCESS|RESOURCE_ACCESS|APPLICATION_ACCESS|APPLICATION_ACCESS|APPLICATION_ACCESS|APPLICATION_ACCESS|MEETING_JOIN|RESOURCE_ACCESS|MEETING_JOIN|VPN_DISCONNECT|LOGOUT,31,1,1,0.01,0,0,1,1,1,0.5747,0.15,0,3.5732,0,0.35,3.3262,7.4639,0.0,0,11,2,normal,,
EMP-188,2026-03-10,DEVICE_CONNECT|LOGIN|APPLICATION_ACCESS|APPLICATION_ACCESS|APPLICATION_ACCESS|APPLICATION_ACCESS|APPLICATION_ACCESS|MEETING_JOIN|APPLICATION_ACCESS|APPLICATION_ACCESS|EMAIL_ACCESS|APPLICATION_ACCESS|BREAK_START|BREAK_END|APPLICATION_ACCESS|APPLICATION_ACCESS|APPLICATION_ACCESS|EMAIL_ACCESS|EMAIL_ACCESS|APPLICATION_ACCESS|APPLICATION_ACCESS|APPLICATION_ACCESS|MEETING_JOIN|MEETING_JOIN|APPLICATION_ACCESS|LOGOUT,26,1,1,0.015,0,0,1,1,1,0.5685,0.15,0,7.1147,0,0.05,4.2447,8.1014,0.0,0,15,2,normal,,
EMP-189,2026-03-10,DEVICE_CONNECT|LOGIN|APPLICATION_ACCESS|EMAIL_ACCESS|RESOURCE_ACCESS|RESOURCE_ACCESS|APPLICATION_ACCESS|RESOURCE_ACCESS|APPLICATION_ACCESS|RESOURCE_ACCESS|APPLICATION_ACCESS|APPLICATION_ACCESS|APPLICATION_ACCESS|RESOURCE_ACCESS|EMAIL_ACCESS|MEETING_JOIN|BREAK_START|BREAK_END|RESOURCE_ACCESS|RESOURCE_ACCESS|MEETING_JOIN|MEETING_JOIN|RESOURCE_ACCESS|APPLICATION_ACCESS|RESOURCE_ACCESS|RESOURCE_ACCESS|RESOURCE_ACCESS|RESOURCE_ACCESS|APPLICATION_ACCESS|EMAIL_ACCESS|RESOURCE_ACCESS|RESOURCE_ACCESS|LOGOUT,33,1,1,0.02,0,0,1,1,1,0.486,0.15,0,5.7121,0,0.05,4.7995,8.8147,0.0,0,8,2,normal,,
EMP-190,2026-03-06,DEVICE_CONNECT|LOGIN|MEETING_JOIN|APPLICATION_ACCESS|APPLICATION_ACCESS|APPLICATION_ACCESS|APPLICATION_ACCESS|APPLICATION_ACCESS|APPLICATION_ACCESS|APPLICATION_ACCESS|BREAK_START|BREAK_END|EMAIL_ACCESS|APPLICATION_ACCESS|APPLICATION_ACCESS|EMAIL_ACCESS|APPLICATION_ACCESS|APPLICATION_ACCESS|APPLICATION_ACCESS|APPLICATION_ACCESS|LOGOUT,21,1,1,0.01,0,0,1,1,1,0.4797,0.15,0,8.7587,0,0.05,3.135,7.6584,0.0,0,13,2,normal,,
EMP-191,2026-03-10,DEVICE_CONNECT|LOGIN|VPN_CONNECT|APPLICATION_ACCESS|APPLICATION_ACCESS|APPLICATION_ACCESS|APPLICATION_ACCESS|APPLICATION_ACCESS|APPLICATION_ACCESS|APPLICATION_ACCESS|EMAIL_ACCESS|APPLICATION_ACCESS|APPLICATION_ACCESS|APPLICATION_ACCESS|EMAIL_ACCESS|EMAIL_ACCESS|APPLICATION_ACCESS|APPLICATION_ACCESS|APPLICATION_ACCESS|VPN_DISCONNECT|LOGOUT,21,1,1,0.015,0,0,1,1,1,0.5794,0.15,0,4.8631,0,0.35,4.457,7.6648,0.0,0,13,2,normal,,
EMP-192,2026-03-07,DEVICE_CONNECT|LOGIN|VPN_CONNECT|APPLICATION_ACCESS|APPLICATION_ACCESS|APPLICATION_ACCESS|APPLICATION_ACCESS|RESOURCE_ACCESS|APPLICATION_ACCESS|RESOURCE_ACCESS|EMAIL_ACCESS|MEETING_JOIN|APPLICATION_ACCESS|APPLICATION_ACCESS|RESOURCE_ACCESS|BREAK_START|BREAK_END|MEETING_JOIN|RESOURCE_ACCESS|RESOURCE_ACCESS|EMAIL_ACCESS|RESOURCE_ACCESS|RESOURCE_ACCESS|EMAIL_ACCESS|MEETING_JOIN|EMAIL_ACCESS|APPLICATION_ACCESS|RESOURCE_ACCESS|MEETING_JOIN|RESOURCE_ACCESS|VPN_DISCONNECT|LOGOUT,32,1,1,0.02,0,0,1,1,1,0.6015,0.15,0,6.23,0,0.35,4.4619,8.3912,0.0,0,8,2,normal,,
EMP-193,2026-03-06,DEVICE_CONNECT|LOGIN|RESOURCE_ACCESS|EMAIL_ACCESS|EMAIL_ACCESS|RESOURCE_ACCESS|EMAIL_ACCESS|EMAIL_ACCESS|RESOURCE_ACCESS|EMAIL_ACCESS|MEETING_JOIN|RESOURCE_ACCESS|MEETING_JOIN|APPLICATION_ACCESS|MEETING_JOIN|RESOURCE_ACCESS|APPLICATION_ACCESS|BREAK_START|BREAK_END|APPLICATION_ACCESS|MEETING_JOIN|EMAIL_ACCESS|RESOURCE_ACCESS|RESOURCE_ACCESS|EMAIL_ACCESS|RESOURCE_ACCESS|RESOURCE_ACCESS|RESOURCE_ACCESS|EMAIL_ACCESS|APPLICATION_ACCESS|RESOURCE_ACCESS|EMAIL_ACCESS|APPLICATION_ACCESS|RESOURCE_ACCESS|LOGOUT,35,1,1,0.01,0,0,1,1,1,0.4366,0.15,0,6.3574,0,0.05,2.6103,7.3925,0.0,0,5,2,normal,,
EMP-194,2026-03-08,DEVICE_CONNECT|LOGIN|VPN_CONNECT|APPLICATION_ACCESS|RESOURCE_ACCESS|MEETING_JOIN|APPLICATION_ACCESS|RESOURCE_ACCESS|APPLICATION_ACCESS|RESOURCE_ACCESS|RESOURCE_ACCESS|RESOURCE_ACCESS|APPLICATION_ACCESS|EMAIL_ACCESS|RESOURCE_ACCESS|EMAIL_ACCESS|APPLICATION_ACCESS|EMAIL_ACCESS|BREAK_START|BREAK_END|APPLICATION_ACCESS|RESOURCE_ACCESS|RESOURCE_ACCESS|APPLICATION_ACCESS|RESOURCE_ACCESS|RESOURCE_ACCESS|MEETING_JOIN|APPLICATION_ACCESS|APPLICATION_ACCESS|RESOURCE_ACCESS|APPLICATION_ACCESS|APPLICATION_ACCESS|EMAIL_ACCESS|EMAIL_ACCESS|RESOURCE_ACCESS|RESOURCE_ACCESS|VPN_DISCONNECT|LOGOUT,38,1,1,0.015,0,0,1,1,1,0.5205,0.15,0,7.1823,0,0.35,3.5661,8.2189,0.0,0,11,2,normal,,
EMP-195,2026-03-06,DEVICE_CONNECT|LOGIN|VPN_CONNECT|APPLICATION_ACCESS|APPLICATION_ACCESS|APPLICATION_ACCESS|APPLICATION_ACCESS|APPLICATION_ACCESS|APPLICATION_ACCESS|APPLICATION_ACCESS|APPLICATION_ACCESS|APPLICATION_ACCESS|APPLICATION_ACCESS|EMAIL_ACCESS|APPLICATION_ACCESS|APPLICATION_ACCESS|APPLICATION_ACCESS|APPLICATION_ACCESS|APPLICATION_ACCESS|BREAK_START|BREAK_END|APPLICATION_ACCESS|APPLICATION_ACCESS|APPLICATION_ACCESS|APPLICATION_ACCESS|EMAIL_ACCESS|FILE_ACCESS|APPLICATION_ACCESS|APPLICATION_ACCESS|APPLICATION_ACCESS|APPLICATION_ACCESS|FILE_ACCESS|EMAIL_ACCESS|FILE_ACCESS|APPLICATION_ACCESS|APPLICATION_ACCESS|APPLICATION_ACCESS|VPN_DISCONNECT|LOGOUT,39,1,1,0.02,0,0,1,1,1,0.5239,0.15,0,6.8407,0,0.35,5.5,8.4828,0.07692307692307693,0,26,3,normal,,
EMP-196,2026-03-08,DEVICE_CONNECT|LOGIN|VPN_CONNECT|APPLICATION_ACCESS|APPLICATION_ACCESS|APPLICATION_ACCESS|EMAIL_ACCESS|RESOURCE_ACCESS|RESOURCE_ACCESS|APPLICATION_ACCESS|EMAIL_ACCESS|RESOURCE_ACCESS|APPLICATION_ACCESS|MEETING_JOIN|APPLICATION_ACCESS|MEETING_JOIN|APPLICATION_ACCESS|RESOURCE_ACCESS|BREAK_START|BREAK_END|APPLICATION_ACCESS|EMAIL_ACCESS|EMAIL_ACCESS|RESOURCE_ACCESS|RESOURCE_ACCESS|APPLICATION_ACCESS|RESOURCE_ACCESS|RESOURCE_ACCESS|APPLICATION_ACCESS|RESOURCE_ACCESS|EMAIL_ACCESS|EMAIL_ACCESS|APPLICATION_ACCESS|RESOURCE_ACCESS|MEETING_JOIN|VPN_DISCONNECT|LOGOUT,37,1,1,0.01,0,0,1,1,1,0.6371,0.15,0,4.6085,0,0.35,3.3131,7.7025,0.0,0,11,2,normal,,
EMP-197,2026-03-10,DEVICE_CONNECT|LOGIN|VPN_CONNECT|APPLICATION_ACCESS|APPLICATION_ACCESS|MEETING_JOIN|APPLICATION_ACCESS|EMAIL_ACCESS|APPLICATION_ACCESS|APPLICATION_ACCESS|EMAIL_ACCESS|APPLICATION_ACCESS|APPLICATION_ACCESS|MEETING_JOIN|APPLICATION_ACCESS|APPLICATION_ACCESS|BREAK_START|BREAK_END|EMAIL_ACCESS|MEETING_JOIN|EMAIL_ACCESS|FILE_ACCESS|MEETING_JOIN|APPLICATION_ACCESS|APPLICATION_ACCESS|APPLICATION_ACCESS|APPLICATION_ACCESS|APPLICATION_ACCESS|FILE_ACCESS|FILE_ACCESS|APPLICATION_ACCESS|APPLICATION_ACCESS|VPN_DISCONNECT|LOGOUT,34,1,1,0.015,0,0,1,1,1,0.4353,0.15,0,4.3021,0,0.35,3.7326,8.1442,0.08823529411764706,0,16,3,normal,,
EMP-198,2026-03-07,DEVICE_CONNECT|LOGIN|VPN_CONNECT|APPLICATION_ACCESS|APPLICATION_ACCESS|APPLICATION_ACCESS|APPLICATION_ACCESS|APPLICATION_ACCESS|APPLICATION_ACCESS|APPLICATION_ACCESS|APPLICATION_ACCESS|BREAK_START|BREAK_END|APPLICATION_ACCESS|APPLICATION_ACCESS|APPLICATION_ACCESS|EMAIL_ACCESS|APPLICATION_ACCESS|APPLICATION_ACCESS|APPLICATION_ACCESS|APPLICATION_ACCESS|VPN_DISCONNECT|LOGOUT,23,1,1,0.02,0,0,1,1,1,0.4873,0.15,0,5.8572,0,0.35,5.3955,8.5012,0.0,0,15,2,normal,,
EMP-199,2026-03-06,DEVICE_CONNECT|LOGIN|VPN_CONNECT|APPLICATION_ACCESS|EMAIL_ACCESS|APPLICATION_ACCESS|APPLICATION_ACCESS|APPLICATION_ACCESS|APPLICATION_ACCESS|APPLICATION_ACCESS|EMAIL_ACCESS|APPLICATION_ACCESS|APPLICATION_ACCESS|APPLICATION_ACCESS|APPLICATION_ACCESS|APPLICATION_ACCESS|APPLICATION_ACCESS|APPLICATION_ACCESS|EMAIL_ACCESS|APPLICATION_ACCESS|APPLICATION_ACCESS|APPLICATION_ACCESS|APPLICATION_ACCESS|APPLICATION_ACCESS|APPLICATION_ACCESS|APPLICATION_ACCESS|APPLICATION_ACCESS|APPLICATION_ACCESS|VPN_DISCONNECT|LOGOUT,30,1,1,0.01,0,0,1,1,1,0.571,0.15,0,7.5349,0,0.35,2.7507,7.5263,0.0,0,22,2,normal,,
EMP-200,2026-03-10,DEVICE_CONNECT|LOGIN|APPLICATION_ACCESS|APPLICATION_ACCESS|APPLICATION_ACCESS|APPLICATION_ACCESS|APPLICATION_ACCESS|FILE_ACCESS|APPLICATION_ACCESS|APPLICATION_ACCESS|EMAIL_ACCESS|BREAK_START|BREAK_END|APPLICATION_ACCESS|APPLICATION_ACCESS|APPLICATION_ACCESS|EMAIL_ACCESS|APPLICATION_ACCESS|APPLICATION_ACCESS|APPLICATION_ACCESS|APPLICATION_ACCESS|APPLICATION_ACCESS|FILE_ACCESS|LOGOUT,24,1,1,0.015,0,0,1,1,1,0.5868,0.15,0,8.5199,0,0.05,4.5737,8.1546,0.08333333333333333,0,15,2,normal,,
EMP-201,2026-03-09,DEVICE_CONNECT|LOGIN|VPN_CONNECT|EMAIL_ACCESS|APPLICATION_ACCESS|APPLICATION_ACCESS|APPLICATION_ACCESS|APPLICATION_ACCESS|APPLICATION_ACCESS|EMAIL_ACCESS|APPLICATION_ACCESS|BREAK_START|BREAK_END|APPLICATION_ACCESS|APPLICATION_ACCESS|EMAIL_ACCESS|APPLICATION_ACCESS|APPLICATION_ACCESS|APPLICATION_ACCESS|EMAIL_ACCESS|EMAIL_ACCESS|APPLICATION_ACCESS|VPN_DISCONNECT|LOGOUT,24,1,1,0.02,0,0,1,1,1,0.4188,0.15,0,5.1519,0,0.35,4.8688,8.1698,0.0,0,12,2,normal,,
EMP-202,2026-03-09,DEVICE_CONNECT|LOGIN|VPN_CONNECT|APPLICATION_ACCESS|APPLICATION_ACCESS|APPLICATION_ACCESS|APPLICATION_ACCESS|APPLICATION_ACCESS|MEETING_JOIN|APPLICATION_ACCESS|APPLICATION_ACCESS|APPLICATION_ACCESS|APPLICATION_ACCESS|APPLICATION_ACCESS|MEETING_JOIN|APPLICATION_ACCESS|EMAIL_ACCESS|BREAK_START|BREAK_END|APPLICATION_ACCESS|APPLICATION_ACCESS|MEETING_JOIN|APPLICATION_ACCESS|MEETING_JOIN|MEETING_JOIN|APPLICATION_ACCESS|APPLICATION_ACCESS|APPLICATION_ACCESS|APPLICATION_ACCESS|APPLICATION_ACCESS|EMAIL_ACCESS|EMAIL_ACCESS|APPLICATION_ACCESS|VPN_DISCONNECT|LOGOUT,35,1,1,0.01,0,0,1,1,1,0.4788,0.15,0,6.3699,0,0.35,2.7311,7.1875,0.0,0,20,2,normal,,
EMP-203,2026-03-08,DEVICE_CONNECT|LOGIN|RESOURCE_ACCESS|MEETING_JOIN|RESOURCE_ACCESS|APPLICATION_ACCESS|EMAIL_ACCESS|RESOURCE_ACCESS|APPLICATION_ACCESS|RESOURCE_ACCESS|APPLICATION_ACCESS|APPLICATION_ACCESS|RESOURCE_ACCESS|APPLICATION_ACCESS|EMAIL_ACCESS|RESOURCE_ACCESS|BREAK_START|BREAK_END|EMAIL_ACCESS|APPLICATION_ACCESS|EMAIL_ACCESS|EMAIL_ACCESS|EMAIL_ACCESS|RESOURCE_ACCESS|RESOURCE_ACCESS|APPLICATION_ACCESS|RESOURCE_ACCESS|EMAIL_ACCESS|EMAIL_ACCESS|RESOURCE_ACCESS|APPLICATION_ACCESS|RESOURCE_ACCESS|EMAIL_ACCESS|LOGOUT,34,1,1,0.015,0,0,1,1,1,0.5496,0.15,0,7.125,0,0.05,4.1527,8.0166,0.0,0,8,2,normal,,
EMP-204,2026-03-07,DEVICE_CONNECT|LOGIN|APPLICATION_ACCESS|APPLICATION_ACCESS|MEETING_JOIN|APPLICATION_ACCESS|EMAIL_ACCESS|MEETING_JOIN|MEETING_JOIN|MEETING_JOIN|APPLICATION_ACCESS|APPLICATION_ACCESS|BREAK_START|BREAK_END|APPLICATION_ACCESS|APPLICATION_ACCESS|APPLICATION_ACCESS|APPLICATION_ACCESS|EMAIL_ACCESS|APPLICATION_ACCESS|APPLICATION_ACCESS|MEETING_JOIN|APPLICATION_ACCESS|MEETING_JOIN|LOGOUT,25,1,1,0.02,0,0,1,1,1,0.5917,0.15,0,7.5472,0,0.05,4.9687,8.8454,0.0,0,12,2,normal,,
EMP-205,2026-03-09,DEVICE_CONNECT|LOGIN|VPN_CONNECT|APPLICATION_ACCESS|APPLICATION_ACCESS|EMAIL_ACCESS|APPLICATION_ACCESS|APPLICATION_ACCESS|APPLICATION_ACCESS|APPLICATION_ACCESS|APPLICATION_ACCESS|APPLICATION_ACCESS|EMAIL_ACCESS|APPLICATION_ACCESS|EMAIL_ACCESS|APPLICATION_ACCESS|APPLICATION_ACCESS|EMAIL_ACCESS|APPLICATION_ACCESS|APPLICATION_ACCESS|APPLICATION_ACCESS|APPLICATION_ACCESS|APPLICATION_ACCESS|EMAIL_ACCESS|VPN_DISCONNECT|LOGOUT,26,1,1,0.01,0,0,1,1,1,0.4444,0.15,0,8.4341,0,0.35,2.4755,7.3332,0.0,0,16,2,normal,,
EMP-206,2026-03-08,DEVICE_CONNECT|LOGIN|RESOURCE_ACCESS|RESOURCE_ACCESS|APPLICATION_ACCESS|MEETING_JOIN|APPLICATION_ACCESS|APPLICATION_ACCESS|APPLICATION_ACCESS|EMAIL_ACCESS|MEETING_JOIN|BREAK_START|BREAK_END|RESOURCE_ACCESS|MEETING_JOIN|APPLICATION_ACCESS|APPLICATION_ACCESS|EMAIL_ACCESS|EMAIL_ACCESS|RESOURCE_ACCESS|RESOURCE_ACCESS|RESOURCE_ACCESS|APPLICATION_ACCESS|LOGOUT,24,1,1,0.015,0,0,1,1,1,0.5335,0.15,0,4.0589,0,0.05,4.0944,7.8687,0.0,0,7,2,normal,,
EMP-207,2026-03-07,DEVICE_CONNECT|LOGIN|APPLICATION_ACCESS|APPLICATION_ACCESS|RESOURCE_ACCESS|EMAIL_ACCESS|RESOURCE_ACCESS|EMAIL_ACCESS|EMAIL_ACCESS|RESOURCE_ACCESS|MEETING_JOIN|RESOURCE_ACCESS|APPLICATION_ACCESS|APPLICATION_ACCESS|RESOURCE_ACCESS|EMAIL_ACCESS|EMAIL_ACCESS|BREAK_START|BREAK_END|APPLICATION_ACCESS|MEETING_JOIN|APPLICATION_ACCESS|EMAIL_ACCESS|APPLICATION_ACCESS|RESOURCE_ACCESS|RESOURCE_ACCESS|RESOURCE_ACCESS|RESOURCE_ACCESS|RESOURCE_ACCESS|RESOURCE_ACCESS|RESOURCE_ACCESS|APPLICATION_ACCESS|RESOURCE_ACCESS|EMAIL_ACCESS|MEETING_JOIN|LOGOUT,36,1,1,0.02,0,0,1,1,1,0.5486,0.15,0,5.4976,0,0.05,5.0582,8.5241,0.0,0,8,2,normal,,
EMP-208,2026-03-08,DEVICE_CONNECT|LOGIN|APPLICATION_ACCESS|APPLICATION_ACCESS|APPLICATION_ACCESS|APPLICATION_ACCESS|APPLICATION_ACCESS|APPLICATION_ACCESS|APPLICATION_ACCESS|APPLICATION_ACCESS|APPLICATION_ACCESS|APPLICATION_ACCESS|APPLICATION_ACCESS|APPLICATION_ACCESS|BREAK_START|BREAK_END|APPLICATION_ACCESS|APPLICATION_ACCESS|APPLICATION_ACCESS|APPLICATION_ACCESS|APPLICATION_ACCESS|EMAIL_ACCESS|APPLICATION_ACCESS|APPLICATION_ACCESS|APPLICATION_ACCESS|APPLICATION_ACCESS|APPLICATION_ACCESS|APPLICATION_ACCESS|EMAIL_ACCESS|LOGOUT,30,1,1,0.01,0,0,1,1,1,0.5804,0.15,0,4.8959,0,0.05,2.6061,7.7315,0.0,0,23,2,normal,,
EMP-209,2026-03-09,DEVICE_CONNECT|LOGIN|APPLICATION_ACCESS|APPLICATION_ACCESS|EMAIL_ACCESS|APPLICATION_ACCESS|APPLICATION_ACCESS|APPLICATION_ACCESS|EMAIL_ACCESS|APPLICATION_ACCESS|APPLICATION_ACCESS|APPLICATION_ACCESS|APPLICATION_ACCESS|APPLICATION_ACCESS|APPLICATION_ACCESS|APPLICATION_ACCESS|APPLICATION_ACCESS|APPLICATION_ACCESS|EMAIL_ACCESS|EMAIL_ACCESS|LOGOUT,21,1,1,0.015,0,0,1,1,1,0.4227,0.15,0,6.6157,0,0.05,4.4146,7.8305,0.0,0,14,2,normal,,
EMP-210,2026-03-06,DEVICE_CONNECT|LOGIN|VPN_CONNECT|APPLICATION_ACCESS|APPLICATION_ACCESS|APPLICATION_ACCESS|EMAIL_ACCESS|APPLICATION_ACCESS|APPLICATION_ACCESS|APPLICATION_ACCESS|EMAIL_ACCESS|EMAIL_ACCESS|APPLICATION_ACCESS|EMAIL_ACCESS|APPLICATION_ACCESS|APPLICATION_ACCESS|APPLICATION_ACCESS|APPLICATION_ACCESS|APPLICATION_ACCESS|EMAIL_ACCESS|APPLICATION_ACCESS|VPN_DISCONNECT|LOGOUT,23,1,1,0.02,0,0,1,1,1,0.4853,0.15,0,7.8678,0,0.35,5.5,8.2331,0.0,0,13,2,normal,,
EMP-211,2026-03-09,DEVICE_CONNECT|LOGIN|VPN_CONNECT|APPLICATION_ACCESS|APPLICATION_ACCESS|APPLICATION_ACCESS|APPLICATION_ACCESS|APPLICATION_ACCESS|APPLICATION_ACCESS|APPLICATION_ACCESS|APPLICATION_ACCESS|APPLICATION_ACCESS|APPLICATION_ACCESS|BREAK_START|BREAK_END|APPLICATION_ACCESS|EMAIL_ACCESS|APPLICATION_ACCESS|APPLICATION_ACCESS|APPLICATION_ACCESS|APPLICATION_ACCESS|EMAIL_ACCESS|EMAIL_ACCESS|APPLICATION_ACCESS|APPLICATION_ACCESS|VPN_DISCONNECT|LOGOUT,27,1,1,0.01,0,0,1,1,1,0.5285,0.15,0,5.4196,0,0.35,3.2314,7.7715,0.0,0,17,2,normal,,
EMP-212,2026-03-07,DEVICE_CONNECT|LOGIN|APPLICATION_ACCESS|EMAIL_ACCESS|APPLICATION_ACCESS|APPLICATION_ACCESS|APPLICATION_ACCESS|APPLICATION_ACCESS|APPLICATION_ACCESS|APPLICATION_ACCESS|BREAK_START|BREAK_END|APPLICATION_ACCESS|APPLICATION_ACCESS|APPLICATION_ACCESS|APPLICATION_ACCESS|MEETING_JOIN|APPLICATION_ACCESS|EMAIL_ACCESS|APPLICATION_ACCESS|LOGOUT,21,1,1,0.015,0,0,1,1,1,0.5661,0.15,0,3.8508,0,0.05,4.0894,8.395,0.0,0,13,2,normal,,
EMP-213,2026-03-08,DEVICE_CONNECT|LOGIN|APPLICATION_ACCESS|APPLICATION_ACCESS|APPLICATION_ACCESS|APPLICATION_ACCESS|EMAIL_ACCESS|APPLICATION_ACCESS|APPLICATION_ACCESS|APPLICATION_ACCESS|APPLICATION_ACCESS|EMAIL_ACCESS|APPLICATION_ACCESS|APPLICATION_ACCESS|APPLICATION_ACCESS|APPLICATION_ACCESS|APPLICATION_ACCESS|APPLICATION_ACCESS|APPLICATION_ACCESS|APPLICATION_ACCESS|APPLICATION_ACCESS|APPLICATION_ACCESS|APPLICATION_ACCESS|APPLICATION_ACCESS|APPLICATION_ACCESS|APPLICATION_ACCESS|APPLICATION_ACCESS|APPLICATION_ACCESS|EMAIL_ACCESS|LOGOUT,30,1,1,0.02,0,0,1,1,1,0.426,0.15,0,5.0535,0,0.05,4.4416,8.55,0.0,0,24,2,normal,,
EMP-214,2026-03-06,DEVICE_CONNECT|LOGIN|VPN_CONNECT|APPLICATION_ACCESS|APPLICATION_ACCESS|APPLICATION_ACCESS|APPLICATION_ACCESS|APPLICATION_ACCESS|APPLICATION_ACCESS|APPLICATION_ACCESS|EMAIL_ACCESS|BREAK_START|BREAK_END|APPLICATION_ACCESS|APPLICATION_ACCESS|MEETING_JOIN|APPLICATION_ACCESS|APPLICATION_ACCESS|APPLICATION_ACCESS|APPLICATION_ACCESS|APPLICATION_ACCESS|APPLICATION_ACCESS|VPN_DISCONNECT|LOGOUT,24,1,1,0.01,0,0,1,1,1,0.5478,0.15,0,5.9438,0,0.35,3.5706,7.4587,0.0,0,15,2,normal,,
EMP-215,2026-03-09,DEVICE_CONNECT|LOGIN|VPN_CONNECT|MEETING_JOIN|MEETING_JOIN|APPLICATION_ACCESS|EMAIL_ACCESS|APPLICATION_ACCESS|APPLICATION_ACCESS|APPLICATION_ACCESS|APPLICATION_ACCESS|APPLICATION_ACCESS|RESOURCE_ACCESS|RESOURCE_ACCESS|EMAIL_ACCESS|RESOURCE_ACCESS|RESOURCE_ACCESS|BREAK_START|BREAK_END|RESOURCE_ACCESS|APPLICATION_ACCESS|EMAIL_ACCESS|RESOURCE_ACCESS|RESOURCE_ACCESS|EMAIL_ACCESS|RESOURCE_ACCESS|APPLICATION_ACCESS|APPLICATION_ACCESS|APPLICATION_ACCESS|EMAIL_ACCESS|RESOURCE_ACCESS|MEETING_JOIN|RESOURCE_ACCESS|APPLICATION_ACCESS|VPN_DISCONNECT|LOGOUT,36,1,1,0.015,0,0,1,1,1,0.5302,0.15,0,9.2613,0,0.35,3.9993,7.9236,0.0,0,11,2,normal,,
EMP-216,2026-03-06,DEVICE_CONNECT|LOGIN|APPLICATION_ACCESS|MEETING_JOIN|RESOURCE_ACCESS|EMAIL_ACCESS|RESOURCE_ACCESS|RESOURCE_ACCESS|APPLICATION_ACCESS|RESOURCE_ACCESS|APPLICATION_ACCESS|APPLICATION_ACCESS|APPLICATION_ACCESS|EMAIL_ACCESS|RESOURCE_ACCESS|APPLICATION_ACCESS|BREAK_START|BREAK_END|APPLICATION_ACCESS|EMAIL_ACCESS|RESOURCE_ACCESS|RESOURCE_ACCESS|EMAIL_ACCESS|APPLICATION_ACCESS|RESOURCE_ACCESS|EMAIL_ACCESS|APPLICATION_ACCESS|APPLICATION_ACCESS|APPLICATION_ACCESS|RESOURCE_ACCESS|RESOURCE_ACCESS|RESOURCE_ACCESS|MEETING_JOIN|LOGOUT,34,1,1,0.02,0,0,1,1,1,0.6448,0.15,0,5.2834,0,0.05,5.5,8.2248,0.0,0,11,2,normal,,
EMP-217,2026-03-08,DEVICE_CONNECT|LOGIN|VPN_CONNECT|APPLICATION_ACCESS|APPLICATION_ACCESS|APPLICATION_ACCESS|MEETING_JOIN|RESOURCE_ACCESS|EMAIL_ACCESS|APPLICATION_ACCESS|RESOURCE_ACCESS|APPLICATION_ACCESS|RESOURCE_ACCESS|APPLICATION_ACCESS|MEETING_JOIN|APPLICATION_ACCESS|EMAIL_ACCESS|BREAK_START|BREAK_END|RESOURCE_ACCESS|EMAIL_ACCESS|RESOURCE_ACCESS|APPLICATION_ACCESS|EMAIL_ACCESS|MEETING_JOIN|RESOURCE_ACCESS|APPLICATION_ACCESS|MEETING_JOIN|APPLICATION_ACCESS|APPLICATION_ACCESS|RESOURCE_ACCESS|APPLICATION_ACCESS|MEETING_JOIN|APPLICATION_ACCESS|VPN_DISCONNECT|LOGOUT,36,1,1,0.01,0,0,1,1,1,0.4976,0.15,0,4.4938,0,0.35,2.9687,7.6644,0.0,0,13,2,normal,,
EMP-218,2026-03-06,DEVICE_CONNECT|LOGIN|RESOURCE_ACCESS|RESOURCE_ACCESS|EMAIL_ACCESS|APPLICATION_ACCESS|APPLICATION_ACCESS|RESOURCE_ACCESS|RESOURCE_ACCESS|APPLICATION_ACCESS|EMAIL_ACCESS|RESOURCE_ACCESS|RESOURCE_ACCESS|MEETING_JOIN|RESOURCE_ACCESS|APPLICATION_ACCESS|MEETING_JOIN|BREAK_START|BREAK_END|EMAIL_ACCESS|APPLICATION_ACCESS|EMAIL_ACCESS|RESOURCE_ACCESS|RESOURCE_ACCESS|RESOURCE_ACCESS|RESOURCE_ACCESS|RESOURCE_ACCESS|RESOURCE_ACCESS|RESOURCE_ACCESS|RESOURCE_ACCESS|EMAIL_ACCESS|RESOURCE_ACCESS|RESOURCE_ACCESS|RESOURCE_ACCESS|LOGOUT,35,1,1,0.015,0,0,1,1,1,0.547,0.15,0,6.7625,0,0.05,4.2003,8.3953,0.0,0,5,2,normal,,
EMP-219,2026-03-07,DEVICE_CONNECT|LOGIN|VPN_CONNECT|RESOURCE_ACCESS|APPLICATION_ACCESS|APPLICATION_ACCESS|APPLICATION_ACCESS|APPLICATION_ACCESS|EMAIL_ACCESS|APPLICATION_ACCESS|APPLICATION_ACCESS|APPLICATION_ACCESS|RESOURCE_ACCESS|EMAIL_ACCESS|RESOURCE_ACCESS|BREAK_START|BREAK_END|RESOURCE_ACCESS|RESOURCE_ACCESS|MEETING_JOIN|APPLICATION_ACCESS|RESOURCE_ACCESS|APPLICATION_ACCESS|MEETING_JOIN|MEETING_JOIN|MEETING_JOIN|MEETING_JOIN|APPLICATION_ACCESS|EMAIL_ACCESS|APPLICATION_ACCESS|VPN_DISCONNECT|LOGOUT,32,1,1,0.02,0,0,1,1,1,0.5729,0.15,0,8.2669,0,0.35,4.5348,8.3709,0.0,0,11,2,normal,,
EMP-220,2026-03-07,DEVICE_CONNECT|LOGIN|VPN_CONNECT|RESOURCE_ACCESS|APPLICATION_ACCESS|EMAIL_ACCESS|RESOURCE_ACCESS|MEETING_JOIN|EMAIL_ACCESS|APPLICATION_ACCESS|APPLICATION_ACCESS|APPLICATION_ACCESS|APPLICATION_ACCESS|EMAIL_ACCESS|BREAK_START|BREAK_END|APPLICATION_ACCESS|APPLICATION_ACCESS|APPLICATION_ACCESS|APPLICATION_ACCESS|APPLICATION_ACCESS|RESOURCE_ACCESS|APPLICATION_ACCESS|APPLICATION_ACCESS|MEETING_JOIN|MEETING_JOIN|APPLICATION_ACCESS|VPN_DISCONNECT|LOGOUT,29,1,1,0.01,0,0,1,1,1,0.64,0.15,0,6.9183,0,0.35,2.7697,7.5408,0.0,0,13,2,normal,,
EMP-221,2026-03-06,DEVICE_CONNECT|LOGIN|VPN_CONNECT|APPLICATION_ACCESS|RESOURCE_ACCESS|EMAIL_ACCESS|RESOURCE_ACCESS|EMAIL_ACCESS|APPLICATION_ACCESS|APPLICATION_ACCESS|EMAIL_ACCESS|RESOURCE_ACCESS|APPLICATION_ACCESS|EMAIL_ACCESS|RESOURCE_ACCESS|EMAIL_ACCESS|RESOURCE_ACCESS|RESOURCE_ACCESS|RESOURCE_ACCESS|BREAK_START|BREAK_END|EMAIL_ACCESS|APPLICATION_ACCESS|RESOURCE_ACCESS|EMAIL_ACCESS|RESOURCE_ACCESS|RESOURCE_ACCESS|RESOURCE_ACCESS|APPLICATION_ACCESS|EMAIL_ACCESS|APPLICATION_ACCESS|RESOURCE_ACCESS|APPLICATION_ACCESS|EMAIL_ACCESS|RESOURCE_ACCESS|RESOURCE_ACCESS|EMAIL_ACCESS|VPN_DISCONNECT|LOGOUT,39,1,1,0.015,0,0,1,1,1,0.4618,0.15,0,3.1611,0,0.35,3.7916,7.8859,0.0,0,8,2,normal,,
EMP-222,2026-03-08,DEVICE_CONNECT|LOGIN|EMAIL_ACCESS|APPLICATION_ACCESS|MEETING_JOIN|APPLICATION_ACCESS|APPLICATION_ACCESS|APPLICATION_ACCESS|MEETING_JOIN|APPLICATION_ACCESS|BREAK_START|BREAK_END|MEETING_JOIN|APPLICATION_ACCESS|APPLICATION_ACCESS|APPLICATION_ACCESS|APPLICATION_ACCESS|APPLICATION_ACCESS|APPLICATION_ACCESS|MEETING_JOIN|LOGOUT,21,1,1,0.02,0,0,1,1,1,0.5141,0.15,0,5.2503,0,0.05,5.5,8.2777,0.0,0,11,2,normal,,
EMP-223,2026-03-10,DEVICE_CONNECT|LOGIN|VPN_CONNECT|EMAIL_ACCESS|APPLICATION_ACCESS|APPLICATION_ACCESS|EMAIL_ACCESS|APPLICATION_ACCESS|APPLICATION_ACCESS|APPLICATION_ACCESS|APPLICATION_ACCESS|APPLICATION_ACCESS|APPLICATION_ACCESS|APPLICATION_ACCESS|APPLICATION_ACCESS|APPLICATION_ACCESS|APPLICATION_ACCESS|APPLICATION_ACCESS|APPLICATION_ACCESS|EMAIL_ACCESS|APPLICATION_ACCESS|APPLICATION_ACCESS|APPLICATION_ACCESS|APPLICATION_ACCESS|APPLICATION_ACCESS|APPLICATION_ACCESS|APPLICATION_ACCESS|VPN_DISCONNECT|LOGOUT,29,1,1,0.01,0,0,1,1,1,0.5196,0.15,0,4.7508,0,0.35,3.2125,7.7796,0.0,0,21,2,normal,,
EMP-224,2026-03-06,DEVICE_CONNECT|LOGIN|APPLICATION_ACCESS|RESOURCE_ACCESS|EMAIL_ACCESS|APPLICATION_ACCESS|APPLICATION_ACCESS|APPLICATION_ACCESS|APPLICATION_ACCESS|RESOURCE_ACCESS|EMAIL_ACCESS|BREAK_START|BREAK_END|APPLICATION_ACCESS|APPLICATION_ACCESS|APPLICATION_ACCESS|RESOURCE_ACCESS|APPLICATION_ACCESS|EMAIL_ACCESS|APPLICATION_ACCESS|RESOURCE_ACCESS|RESOURCE_ACCESS|MEETING_JOIN|LOGOUT,24,1,1,0.015,0,0,1,1,1,0.6476,0.15,0,6.6833,0,0.05,4.1238,7.9924,0.0,0,10,2,normal,,
EMP-225,2026-03-07,DEVICE_CONNECT|LOGIN|VPN_CONNECT|EMAIL_ACCESS|RESOURCE_ACCESS|EMAIL_ACCESS|APPLICATION_ACCESS|APPLICATION_ACCESS|APPLICATION_ACCESS|APPLICATION_ACCESS|APPLICATION_ACCESS|APPLICATION_ACCESS|BREAK_START|BREAK_END|APPLICATION_ACCESS|EMAIL_ACCESS|RESOURCE_ACCESS|RESOURCE_ACCESS|RESOURCE_ACCESS|APPLICATION_ACCESS|EMAIL_ACCESS|APPLICATION_ACCESS|APPLICATION_ACCESS|APPLICATION_ACCESS|VPN_DISCONNECT|LOGOUT,26,1,1,0.02,0,0,1,1,1,0.4943,0.15,0,9.2253,0,0.35,4.5775,8.3889,0.0,0,11,2,normal,,
EMP-226,2026-03-07,DEVICE_CONNECT|LOGIN|VPN_CONNECT|APPLICATION_ACCESS|APPLICATION_ACCESS|EMAIL_ACCESS|APPLICATION_ACCESS|APPLICATION_ACCESS|APPLICATION_ACCESS|APPLICATION_ACCESS|MEETING_JOIN|APPLICATION_ACCESS|APPLICATION_ACCESS|APPLICATION_ACCESS|EMAIL_ACCESS|APPLICATION_ACCESS|APPLICATION_ACCESS|BREAK_START|BREAK_END|APPLICATION_ACCESS|APPLICATION_ACCESS|MEETING_JOIN|APPLICATION_ACCESS|APPLICATION_ACCESS|APPLICATION_ACCESS|EMAIL_ACCESS|EMAIL_ACCESS|EMAIL_ACCESS|APPLICATION_ACCESS|EMAIL_ACCESS|MEETING_JOIN|APPLICATION_ACCESS|APPLICATION_ACCESS|VPN_DISCONNECT|LOGOUT,35,1,1,0.01,0,0,1,1,1,0.487,0.15,0,3.6185,0,0.35,2.8216,7.3277,0.0,0,19,2,normal,,
EMP-227,2026-03-07,DEVICE_CONNECT|LOGIN|VPN_CONNECT|APPLICATION_ACCESS|APPLICATION_ACCESS|APPLICATION_ACCESS|APPLICATION_ACCESS|APPLICATION_ACCESS|APPLICATION_ACCESS|APPLICATION_ACCESS|APPLICATION_ACCESS|BREAK_START|BREAK_END|APPLICATION_ACCESS|EMAIL_ACCESS|APPLICATION_ACCESS|APPLICATION_ACCESS|APPLICATION_ACCESS|EMAIL_ACCESS|APPLICATION_ACCESS|APPLICATION_ACCESS|VPN_DISCONNECT|LOGOUT,23,1,1,0.015,0,0,1,1,1,0.5874,0.15,0,3.7628,0,0.35,3.9331,8.1823,0.0,0,14,2,normal,,
EMP-228,2026-03-07,DEVICE_CONNECT|LOGIN|VPN_CONNECT|APPLICATION_ACCESS|EMAIL_ACCESS|FILE_ACCESS|APPLICATION_ACCESS|EMAIL_ACCESS|APPLICATION_ACCESS|APPLICATION_ACCESS|EMAIL_ACCESS|EMAIL_ACCESS|EMAIL_ACCESS|APPLICATION_ACCESS|APPLICATION_ACCESS|APPLICATION_ACCESS|APPLICATION_ACCESS|APPLICATION_ACCESS|BREAK_START|BREAK_END|APPLICATION_ACCESS|APPLICATION_ACCESS|APPLICATION_ACCESS|APPLICATION_ACCESS|APPLICATION_ACCESS|FILE_ACCESS|FILE_ACCESS|APPLICATION_ACCESS|APPLICATION_ACCESS|FILE_ACCESS|APPLICATION_ACCESS|APPLICATION_ACCESS|APPLICATION_ACCESS|EMAIL_ACCESS|APPLICATION_ACCESS|VPN_DISCONNECT|LOGOUT,37,1,1,0.02,0,0,1,1,1,0.6304,0.15,0,5.3659,0,0.35,5.5,8.7445,0.10810810810810811,0,20,4,normal,,
EMP-229,2026-03-09,DEVICE_CONNECT|LOGIN|APPLICATION_ACCESS|APPLICATION_ACCESS|EMAIL_ACCESS|EMAIL_ACCESS|APPLICATION_ACCESS|APPLICATION_ACCESS|APPLICATION_ACCESS|APPLICATION_ACCESS|BREAK_START|BREAK_END|APPLICATION_ACCESS|APPLICATION_ACCESS|EMAIL_ACCESS|EMAIL_ACCESS|MEETING_JOIN|APPLICATION_ACCESS|APPLICATION_ACCESS|APPLICATION_ACCESS|LOGOUT,21,1,1,0.01,0,0,1,1,1,0.4729,0.15,0,6.7426,0,0.05,3.1175,7.7684,0.0,0,11,2,normal,,
EMP-230,2026-03-10,DEVICE_CONNECT|LOGIN|VPN_CONNECT|APPLICATION_ACCESS|MEETING_JOIN|APPLICATION_ACCESS|APPLICATION_ACCESS|APPLICATION_ACCESS|MEETING_JOIN|APPLICATION_ACCESS|EMAIL_ACCESS|APPLICATION_ACCESS|APPLICATION_ACCESS|APPLICATION_ACCESS|APPLICATION_ACCESS|APPLICATION_ACCESS|APPLICATION_ACCESS|APPLICATION_ACCESS|BREAK_START|BREAK_END|APPLICATION_ACCESS|APPLICATION_ACCESS|APPLICATION_ACCESS|APPLICATION_ACCESS|MEETING_JOIN|MEETING_JOIN|EMAIL_ACCESS|APPLICATION_ACCESS|APPLICATION_ACCESS|APPLICATION_ACCESS|EMAIL_ACCESS|APPLICATION_ACCESS|APPLICATION_ACCESS|APPLICATION_ACCESS|MEETING_JOIN|VPN_DISCONNECT|LOGOUT,37,1,1,0.015,0,0,1,1,1,0.4708,0.15,0,7.9238,0,0.35,4.584,8.294,0.0,0,22,2,normal,,
EMP-231,2026-03-08,DEVICE_CONNECT|LOGIN|APPLICATION_ACCESS|APPLICATION_ACCESS|APPLICATION_ACCESS|APPLICATION_ACCESS|EMAIL_ACCESS|APPLICATION_ACCESS|EMAIL_ACCESS|APPLICATION_ACCESS|BREAK_START|BREAK_END|APPLICATION_ACCESS|MEETING_JOIN|APPLICATION_ACCESS|APPLICATION_ACCESS|APPLICATION_ACCESS|EMAIL_ACCESS|APPLICATION_ACCESS|APPLICATION_ACCESS|LOGOUT,21,1,1,0.02,0,0,1,1,1,0.5933,0.15,0,4.272,0,0.05,4.4079,8.4006,0.0,0,12,2,normal,,
EMP-232,2026-03-09,DEVICE_CONNECT|LOGIN|VPN_CONNECT|APPLICATION_ACCESS|EMAIL_ACCESS|MEETING_JOIN|APPLICATION_ACCESS|APPLICATION_ACCESS|APPLICATION_ACCESS|APPLICATION_ACCESS|APPLICATION_ACCESS|APPLICATION_ACCESS|APPLICATION_ACCESS|APPLICATION_ACCESS|BREAK_START|BREAK_END|MEETING_JOIN|APPLICATION_ACCESS|APPLICATION_ACCESS|APPLICATION_ACCESS|EMAIL_ACCESS|EMAIL_ACCESS|APPLICATION_ACCESS|APPLICATION_ACCESS|EMAIL_ACCESS|EMAIL_ACCESS|APPLICATION_ACCESS|MEETING_JOIN|VPN_DISCONNECT|LOGOUT,30,1,1,0.01,0,0,1,1,1,0.5915,0.15,0,5.1674,0,0.35,3.3063,7.6682,0.0,0,15,2,normal,,
EMP-233,2026-03-08,DEVICE_CONNECT|LOGIN|VPN_CONNECT|RESOURCE_ACCESS|RESOURCE_ACCESS|EMAIL_ACCESS|RESOURCE_ACCESS|EMAIL_ACCESS|RESOURCE_ACCESS|RESOURCE_ACCESS|EMAIL_ACCESS|RESOURCE_ACCESS|RESOURCE_ACCESS|APPLICATION_ACCESS|APPLICATION_ACCESS|RESOURCE_ACCESS|RESOURCE_ACCESS|RESOURCE_ACCESS|BREAK_START|BREAK_END|APPLICATION_ACCESS|RESOURCE_ACCESS|RESOURCE_ACCESS|EMAIL_ACCESS|EMAIL_ACCESS|RESOURCE_ACCESS|EMAIL_ACCESS|RESOURCE_ACCESS|RESOURCE_ACCESS|RESOURCE_ACCESS|RESOURCE_ACCESS|APPLICATION_ACCESS|RESOURCE_ACCESS|RESOURCE_ACCESS|APPLICATION_ACCESS|EMAIL_ACCESS|VPN_DISCONNECT|LOGOUT,38,1,1,0.015,0,0,1,1,1,0.4199,0.15,0,6.9969,0,0.35,3.9887,7.8316,0.0,0,5,2,normal,,
EMP-234,2026-03-10,DEVICE_CONNECT|LOGIN|VPN_CONNECT|APPLICATION_ACCESS|APPLICATION_ACCESS|APPLICATION_ACCESS|RESOURCE_ACCESS|RESOURCE_ACCESS|RESOURCE_ACCESS|RESOURCE_ACCESS|APPLICATION_ACCESS|RESOURCE_ACCESS|APPLICATION_ACCESS|APPLICATION_ACCESS|BREAK_START|BREAK_END|APPLICATION_ACCESS|MEETING_JOIN|APPLICATION_ACCESS|RESOURCE_ACCESS|EMAIL_ACCESS|APPLICATION_ACCESS|APPLICATION_ACCESS|EMAIL_ACCESS|EMAIL_ACCESS|EMAIL_ACCESS|MEETING_JOIN|VPN_DISCONNECT|LOGOUT,29,1,1,0.02,0,0,1,1,1,0.5335,0.15,0,6.4117,0,0.35,4.9561,8.5474,0.0,0,10,2,normal,,
EMP-235,2026-03-07,DEVICE_CONNECT|LOGIN|VPN_CONNECT|MEETING_JOIN|EMAIL_ACCESS|APPLICATION_ACCESS|EMAIL_ACCESS|FILE_ACCESS|APPLICATION_ACCESS|APPLICATION_ACCESS|MEETING_JOIN|APPLICATION_ACCESS|APPLICATION_ACCESS|APPLICATION_ACCESS|BREAK_START|BREAK_END|APPLICATION_ACCESS|APPLICATION_ACCESS|FILE_ACCESS|APPLICATION_ACCESS|APPLICATION_ACCESS|APPLICATION_ACCESS|APPLICATION_ACCESS|APPLICATION_ACCESS|APPLICATION_ACCESS|APPLICATION_ACCESS|APPLICATION_ACCESS|VPN_DISCONNECT|LOGOUT,29,1,1,0.01,0,0,1,1,1,0.5791,0.15,0,6.9621,0,0.35,3.1687,7.3401,0.06896551724137931,0,16,2,normal,,
EMP-236,2026-03-09,DEVICE_CONNECT|LOGIN|VPN_CONNECT|RESOURCE_ACCESS|RESOURCE_ACCESS|RESOURCE_ACCESS|RESOURCE_ACCESS|MEETING_JOIN|EMAIL_ACCESS|APPLICATION_ACCESS|APPLICATION_ACCESS|APPLICATION_ACCESS|RESOURCE_ACCESS|RESOURCE_ACCESS|APPLICATION_ACCESS|APPLICATION_ACCESS|APPLICATION_ACCESS|BREAK_START|BREAK_END|EMAIL_ACCESS|APPLICATION_ACCESS|RESOURCE_ACCESS|RESOURCE_ACCESS|MEETING_JOIN|APPLICATION_ACCESS|APPLICATION_ACCESS|APPLICATION_ACCESS|RESOURCE_ACCESS|RESOURCE_ACCESS|APPLICATION_ACCESS|APPLICATION_ACCESS|APPLICATION_ACCESS|APPLICATION_ACCESS|VPN_DISCONNECT|LOGOUT,35,1,1,0.015,0,0,1,1,1,0.5624,0.15,0,4.4977,0,0.35,3.6152,7.8302,0.0,0,14,2,normal,,
EMP-237,2026-03-06,DEVICE_CONNECT|LOGIN|VPN_CONNECT|EMAIL_ACCESS|APPLICATION_ACCESS|EMAIL_ACCESS|EMAIL_ACCESS|EMAIL_ACCESS|APPLICATION_ACCESS|APPLICATION_ACCESS|EMAIL_ACCESS|APPLICATION_ACCESS|MEETING_JOIN|APPLICATION_ACCESS|APPLICATION_ACCESS|BREAK_START|BREAK_END|APPLICATION_ACCESS|APPLICATION_ACCESS|APPLICATION_ACCESS|MEETING_JOIN|APPLICATION_ACCESS|APPLICATION_ACCESS|APPLICATION_ACCESS|APPLICATION_ACCESS|MEETING_JOIN|EMAIL_ACCESS|APPLICATION_ACCESS|MEETING_JOIN|VPN_DISCONNECT|LOGOUT,31,1,1,0.02,0,0,1,1,1,0.4028,0.15,0,5.7942,0,0.35,5.5,8.4944,0.0,0,14,2,normal,,
EMP-238,2026-03-07,DEVICE_CONNECT|LOGIN|VPN_CONNECT|APPLICATION_ACCESS|APPLICATION_ACCESS|APPLICATION_ACCESS|APPLICATION_ACCESS|APPLICATION_ACCESS|APPLICATION_ACCESS|EMAIL_ACCESS|APPLICATION_ACCESS|EMAIL_ACCESS|MEETING_JOIN|APPLICATION_ACCESS|APPLICATION_ACCESS|APPLICATION_ACCESS|FILE_ACCESS|APPLICATION_ACCESS|BREAK_START|BREAK_END|EMAIL_ACCESS|FILE_ACCESS|FILE_ACCESS|APPLICATION_ACCESS|APPLICATION_ACCESS|APPLICATION_ACCESS|APPLICATION_ACCESS|APPLICATION_ACCESS|EMAIL_ACCESS|APPLICATION_ACCESS|FILE_ACCESS|APPLICATION_ACCESS|FILE_ACCESS|MEETING_JOIN|EMAIL_ACCESS|VPN_DISCONNECT|LOGOUT,37,1,1,0.01,0,0,1,1,1,0.5246,0.15,0,6.2432,0,0.35,3.442,7.5525,0.13513513513513514,0,18,5,normal,,
EMP-239,2026-03-10,DEVICE_CONNECT|LOGIN|VPN_CONNECT|APPLICATION_ACCESS|APPLICATION_ACCESS|APPLICATION_ACCESS|APPLICATION_ACCESS|FILE_ACCESS|APPLICATION_ACCESS|APPLICATION_ACCESS|APPLICATION_ACCESS|EMAIL_ACCESS|APPLICATION_ACCESS|APPLICATION_ACCESS|EMAIL_ACCESS|FILE_ACCESS|APPLICATION_ACCESS|BREAK_START|BREAK_END|FILE_ACCESS|APPLICATION_ACCESS|APPLICATION_ACCESS|APPLICATION_ACCESS|EMAIL_ACCESS|MEETING_JOIN|APPLICATION_ACCESS|EMAIL_ACCESS|EMAIL_ACCESS|APPLICATION_ACCESS|APPLICATION_ACCESS|APPLICATION_ACCESS|APPLICATION_ACCESS|MEETING_JOIN|VPN_DISCONNECT|LOGOUT,35,1,1,0.015,0,0,1,1,1,0.5974,0.15,0,7.9548,0,0.35,4.2795,7.8986,0.08571428571428572,0,18,3,normal,,
EMP-240,2026-03-09,DEVICE_CONNECT|LOGIN|APPLICATION_ACCESS|EMAIL_ACCESS|APPLICATION_ACCESS|APPLICATION_ACCESS|APPLICATION_ACCESS|APPLICATION_ACCESS|FILE_ACCESS|APPLICATION_ACCESS|APPLICATION_ACCESS|APPLICATION_ACCESS|EMAIL_ACCESS|EMAIL_ACCESS|APPLICATION_ACCESS|APPLICATION_ACCESS|EMAIL_ACCESS|BREAK_START|BREAK_END|FILE_ACCESS|EMAIL_ACCESS|APPLICATION_ACCESS|APPLICATION_ACCESS|APPLICATION_ACCESS|APPLICATION_ACCESS|APPLICATION_ACCESS|APPLICATION_ACCESS|APPLICATION_ACCESS|APPLICATION_ACCESS|APPLICATION_ACCESS|APPLICATION_ACCESS|APPLICATION_ACCESS|APPLICATION_ACCESS|APPLICATION_ACCESS|LOGOUT,35,1,1,0.02,0,0,1,1,1,0.6345,0.15,0,6.9885,0,0.05,4.7836,8.1468,0.05714285714285714,0,23,2,normal,,
EMP-241,2026-03-08,DEVICE_CONNECT|LOGIN|VPN_CONNECT|APPLICATION_ACCESS|APPLICATION_ACCESS|APPLICATION_ACCESS|APPLICATION_ACCESS|APPLICATION_ACCESS|APPLICATION_ACCESS|MEETING_JOIN|APPLICATION_ACCESS|APPLICATION_ACCESS|APPLICATION_ACCESS|EMAIL_ACCESS|BREAK_START|BREAK_END|APPLICATION_ACCESS|MEETING_JOIN|APPLICATION_ACCESS|APPLICATION_ACCESS|APPLICATION_ACCESS|EMAIL_ACCESS|MEETING_JOIN|APPLICATION_ACCESS|APPLICATION_ACCESS|APPLICATION_ACCESS|APPLICATION_ACCESS|APPLICATION_ACCESS|VPN_DISCONNECT|LOGOUT,30,1,1,0.01,0,0,1,1,1,0.4357,0.15,0,2.6587,0,0.35,3.1635,7.3889,0.0,0,18,2,normal,,
EMP-242,2026-03-09,DEVICE_CONNECT|LOGIN|APPLICATION_ACCESS|APPLICATION_ACCESS|APPLICATION_ACCESS|APPLICATION_ACCESS|APPLICATION_ACCESS|MEETING_JOIN|APPLICATION_ACCESS|MEETING_JOIN|BREAK_START|BREAK_END|APPLICATION_ACCESS|APPLICATION_ACCESS|MEETING_JOIN|APPLICATION_ACCESS|APPLICATION_ACCESS|MEETING_JOIN|APPLICATION_ACCESS|APPLICATION_ACCESS|LOGOUT,21,1,1,0.015,0,0,1,1,1,0.4549,0.15,0,4.375,0,0.05,3.4922,8.1112,0.0,0,12,2,normal,,
EMP-243,2026-03-06,DEVICE_CONNECT|LOGIN|VPN_CONNECT|APPLICATION_ACCESS|MEETING_JOIN|APPLICATION_ACCESS|APPLICATION_ACCESS|RESOURCE_ACCESS|APPLICATION_ACCESS|MEETING_JOIN|EMAIL_ACCESS|MEETING_JOIN|EMAIL_ACCESS|RESOURCE_ACCESS|MEETING_JOIN|APPLICATION_ACCESS|APPLICATION_ACCESS|BREAK_START|BREAK_END|RESOURCE_ACCESS|RESOURCE_ACCESS|EMAIL_ACCESS|EMAIL_ACCESS|APPLICATION_ACCESS|RESOURCE_ACCESS|RESOURCE_ACCESS|APPLICATION_ACCESS|APPLICATION_ACCESS|APPLICATION_ACCESS|APPLICATION_ACCESS|APPLICATION_ACCESS|EMAIL_ACCESS|APPLICATION_ACCESS|EMAIL_ACCESS|VPN_DISCONNECT|LOGOUT,36,1,1,0.02,0,0,1,1,1,0.5766,0.15,0,5.0497,0,0.35,5.3032,8.1756,0.0,0,13,2,normal,,
EMP-244,2026-03-08,DEVICE_CONNECT|LOGIN|MEETING_JOIN|MEETING_JOIN|EMAIL_ACCESS|EMAIL_ACCESS|MEETING_JOIN|APPLICATION_ACCESS|EMAIL_ACCESS|APPLICATION_ACCESS|APPLICATION_ACCESS|APPLICATION_ACCESS|BREAK_START|BREAK_END|APPLICATION_ACCESS|EMAIL_ACCESS|APPLICATION_ACCESS|APPLICATION_ACCESS|APPLICATION_ACCESS|EMAIL_ACCESS|APPLICATION_ACCESS|APPLICATION_ACCESS|APPLICATION_ACCESS|APPLICATION_ACCESS|APPLICATION_ACCESS|LOGOUT,26,1,1,0.01,0,0,1,1,1,0.5823,0.15,0,6.4486,0,0.05,3.3599,7.776,0.0,0,13,2,normal,,
EMP-245,2026-03-09,DEVICE_CONNECT|LOGIN|VPN_CONNECT|APPLICATION_ACCESS|APPLICATION_ACCESS|APPLICATION_ACCESS|APPLICATION_ACCESS|MEETING_JOIN|MEETING_JOIN|APPLICATION_ACCESS|APPLICATION_ACCESS|APPLICATION_ACCESS|APPLICATION_ACCESS|EMAIL_ACCESS|MEETING_JOIN|MEETING_JOIN|APPLICATION_ACCESS|BREAK_START|BREAK_END|APPLICATION_ACCESS|APPLICATION_ACCESS|FILE_ACCESS|APPLICATION_ACCESS|APPLICATION_ACCESS|EMAIL_ACCESS|EMAIL_ACCESS|APPLICATION_ACCESS|APPLICATION_ACCESS|APPLICATION_ACCESS|FILE_ACCESS|MEETING_JOIN|APPLICATION_ACCESS|APPLICATION_ACCESS|APPLICATION_ACCESS|VPN_DISCONNECT|LOGOUT,36,1,1,0.015,0,0,1,1,1,0.4685,0.15,0,8.565,0,0.35,4.0961,7.6767,0.05555555555555555,0,19,2,normal,,
EMP-246,2026-03-08,DEVICE_CONNECT|LOGIN|RESOURCE_ACCESS|RESOURCE_ACCESS|RESOURCE_ACCESS|RESOURCE_ACCESS|APPLICATION_ACCESS|RESOURCE_ACCESS|APPLICATION_ACCESS|RESOURCE_ACCESS|APPLICATION_ACCESS|RESOURCE_ACCESS|APPLICATION_ACCESS|APPLICATION_ACCESS|RESOURCE_ACCESS|EMAIL_ACCESS|EMAIL_ACCESS|RESOURCE_ACCESS|BREAK_START|BREAK_END|APPLICATION_ACCESS|APPLICATION_ACCESS|RESOURCE_ACCESS|EMAIL_ACCESS|RESOURCE_ACCESS|EMAIL_ACCESS|APPLICATION_ACCESS|APPLICATION_ACCESS|MEETING_JOIN|RESOURCE_ACCESS|RESOURCE_ACCESS|MEETING_JOIN|EMAIL_ACCESS|RESOURCE_ACCESS|APPLICATION_ACCESS|APPLICATION_ACCESS|LOGOUT,37,1,1,0.02,0,0,1,1,1,0.4513,0.15,0,4.0545,0,0.05,4.9819,8.3984,0.0,0,11,2,normal,,
EMP-247,2026-03-09,DEVICE_CONNECT|LOGIN|VPN_CONNECT|RESOURCE_ACCESS|RESOURCE_ACCESS|RESOURCE_ACCESS|RESOURCE_ACCESS|RESOURCE_ACCESS|EMAIL_ACCESS|RESOURCE_ACCESS|RESOURCE_ACCESS|RESOURCE_ACCESS|RESOURCE_ACCESS|RESOURCE_ACCESS|APPLICATION_ACCESS|MEETING_JOIN|MEETING_JOIN|APPLICATION_ACCESS|BREAK_START|BREAK_END|EMAIL_ACCESS|RESOURCE_ACCESS|MEETING_JOIN|RESOURCE_ACCESS|EMAIL_ACCESS|RESOURCE_ACCESS|APPLICATION_ACCESS|RESOURCE_ACCESS|EMAIL_ACCESS|RESOURCE_ACCESS|RESOURCE_ACCESS|EMAIL_ACCESS|RESOURCE_ACCESS|RESOURCE_ACCESS|MEETING_JOIN|EMAIL_ACCESS|VPN_DISCONNECT|LOGOUT,38,1,1,0.01,0,0,1,1,1,0.5921,0.15,0,3.9891,0,0.35,3.0041,7.2743,0.0,0,3,2,normal,,
EMP-248,2026-03-06,DEVICE_CONNECT|LOGIN|VPN_CONNECT|APPLICATION_ACCESS|APPLICATION_ACCESS|APPLICATION_ACCESS|EMAIL_ACCESS|APPLICATION_ACCESS|MEETING_JOIN|APPLICATION_ACCESS|APPLICATION_ACCESS|BREAK_START|BREAK_END|APPLICATION_ACCESS|APPLICATION_ACCESS|MEETING_JOIN|APPLICATION_ACCESS|EMAIL_ACCESS|APPLICATION_ACCESS|MEETING_JOIN|APPLICATION_ACCESS|VPN_DISCONNECT|LOGOUT,23,1,1,0.015,0,0,1,1,1,0.6295,0.15,0,6.176,0,0.35,4.543,8.1517,0.0,0,11,2,normal,,
EMP-249,2026-03-10,DEVICE_CONNECT|LOGIN|APPLICATION_ACCESS|EMAIL_ACCESS|APPLICATION_ACCESS|MEETING_JOIN|EMAIL_ACCESS|APPLICATION_ACCESS|APPLICATION_ACCESS|APPLICATION_ACCESS|APPLICATION_ACCESS|APPLICATION_ACCESS|APPLICATION_ACCESS|APPLICATION_ACCESS|APPLICATION_ACCESS|APPLICATION_ACCESS|BREAK_START|BREAK_END|APPLICATION_ACCESS|APPLICATION_ACCESS|APPLICATION_ACCESS|APPLICATION_ACCESS|APPLICATION_ACCESS|APPLICATION_ACCESS|APPLICATION_ACCESS|APPLICATION_ACCESS|MEETING_JOIN|APPLICATION_ACCESS|MEETING_JOIN|APPLICATION_ACCESS|APPLICATION_ACCESS|APPLICATION_ACCESS|APPLICATION_ACCESS|LOGOUT,34,1,1,0.02,0,0,1,1,1,0.4713,0.15,0,7.6068,0,0.05,4.9008,8.7421,0.0,0,24,2,normal,,
EMP-250,2026-03-08,DEVICE_CONNECT|LOGIN|VPN_CONNECT|APPLICATION_ACCESS|EMAIL_ACCESS|APPLICATION_ACCESS|APPLICATION_ACCESS|APPLICATION_ACCESS|APPLICATION_ACCESS|APPLICATION_ACCESS|APPLICATION_ACCESS|APPLICATION_ACCESS|APPLICATION_ACCESS|APPLICATION_ACCESS|EMAIL_ACCESS|APPLICATION_ACCESS|APPLICATION_ACCESS|APPLICATION_ACCESS|APPLICATION_ACCESS|EMAIL_ACCESS|APPLICATION_ACCESS|APPLICATION_ACCESS|APPLICATION_ACCESS|APPLICATION_ACCESS|APPLICATION_ACCESS|APPLICATION_ACCESS|APPLICATION_ACCESS|EMAIL_ACCESS|APPLICATION_ACCESS|APPLICATION_ACCESS|APPLICATION_ACCESS|APPLICATION_ACCESS|APPLICATION_ACCESS|APPLICATION_ACCESS|VPN_DISCONNECT|LOGOUT,36,1,1,0.01,0,0,1,1,1,0.4617,0.15,0,6.8937,0,0.35,2.8179,7.1139,0.0,0,27,2,normal,,
EMP-251,2026-03-08,DEVICE_CONNECT|LOGIN|VPN_CONNECT|APPLICATION_ACCESS|APPLICATION_ACCESS|APPLICATION_ACCESS|APPLICATION_ACCESS|APPLICATION_ACCESS|APPLICATION_ACCESS|EMAIL_ACCESS|EMAIL_ACCESS|BREAK_START|BREAK_END|EMAIL_ACCESS|APPLICATION_ACCESS|EMAIL_ACCESS|APPLICATION_ACCESS|MEETING_JOIN|MEETING_JOIN|APPLICATION_ACCESS|MEETING_JOIN|VPN_DISCONNECT|LOGOUT,23,1,1,0.015,0,0,1,1,1,0.5139,0.15,0,3.8258,0,0.35,4.0277,8.3901,0.0,0,9,2,normal,,
EMP-252,2026-03-09,DEVICE_CONNECT|LOGIN|VPN_CONNECT|EMAIL_ACCESS|APPLICATION_ACCESS|APPLICATION_ACCESS|APPLICATION_ACCESS|APPLICATION_ACCESS|EMAIL_ACCESS|APPLICATION_ACCESS|APPLICATION_ACCESS|APPLICATION_ACCESS|FILE_ACCESS|APPLICATION_ACCESS|APPLICATION_ACCESS|APPLICATION_ACCESS|BREAK_START|BREAK_END|FILE_ACCESS|APPLICATION_ACCESS|APPLICATION_ACCESS|APPLICATION_ACCESS|APPLICATION_ACCESS|FILE_ACCESS|APPLICATION_ACCESS|APPLICATION_ACCESS|APPLICATION_ACCESS|APPLICATION_ACCESS|APPLICATION_ACCESS|APPLICATION_ACCESS|APPLICATION_ACCESS|APPLICATION_ACCESS|VPN_DISCONNECT|LOGOUT,34,1,1,0.02,0,0,1,1,1,0.5672,0.15,0,4.4141,0,0.35,4.5423,8.6956,0.08823529411764706,0,22,3,normal,,
EMP-253,2026-03-09,DEVICE_CONNECT|LOGIN|VPN_CONNECT|APPLICATION_ACCESS|APPLICATION_ACCESS|FILE_ACCESS|APPLICATION_ACCESS|APPLICATION_ACCESS|APPLICATION_ACCESS|MEETING_JOIN|APPLICATION_ACCESS|EMAIL_ACCESS|FILE_ACCESS|APPLICATION_ACCESS|APPLICATION_ACCESS|APPLICATION_ACCESS|EMAIL_ACCESS|BREAK_START|BREAK_END|EMAIL_ACCESS|MEETING_JOIN|APPLICATION_ACCESS|FILE_ACCESS|EMAIL_ACCESS|EMAIL_ACCESS|EMAIL_ACCESS|APPLICATION_ACCESS|APPLICATION_ACCESS|EMAIL_ACCESS|MEETING_JOIN|MEETING_JOIN|APPLICATION_ACCESS|MEETING_JOIN|MEETING_JOIN|VPN_DISCONNECT|LOGOUT,36,1,1,0.01,0,0,1,1,1,0.4857,0.15,0,4.9271,0,0.35,2.5504,7.2813,0.08333333333333333,0,13,3,normal,,
EMP-254,2026-03-10,DEVICE_CONNECT|LOGIN|APPLICATION_ACCESS|EMAIL_ACCESS|EMAIL_ACCESS|APPLICATION_ACCESS|APPLICATION_ACCESS|EMAIL_ACCESS|APPLICATION_ACCESS|APPLICATION_ACCESS|BREAK_START|BREAK_END|APPLICATION_ACCESS|APPLICATION_ACCESS|APPLICATION_ACCESS|EMAIL_ACCESS|EMAIL_ACCESS|APPLICATION_ACCESS|APPLICATION_ACCESS|APPLICATION_ACCESS|LOGOUT,21,1,1,0.015,0,0,1,1,1,0.5481,0.15,0,6.7744,0,0.05,3.5341,8.2104,0.0,0,11,2,normal,,
EMP-255,2026-03-06,DEVICE_CONNECT|LOGIN|VPN_CONNECT|APPLICATION_ACCESS|APPLICATION_ACCESS|APPLICATION_ACCESS|APPLICATION_ACCESS|APPLICATION_ACCESS|MEETING_JOIN|APPLICATION_ACCESS|APPLICATION_ACCESS|MEETING_JOIN|APPLICATION_ACCESS|APPLICATION_ACCESS|APPLICATION_ACCESS|APPLICATION_ACCESS|EMAIL_ACCESS|APPLICATION_ACCESS|APPLICATION_ACCESS|BREAK_START|BREAK_END|APPLICATION_ACCESS|APPLICATION_ACCESS|EMAIL_ACCESS|MEETING_JOIN|APPLICATION_ACCESS|APPLICATION_ACCESS|EMAIL_ACCESS|MEETING_JOIN|APPLICATION_ACCESS|APPLICATION_ACCESS|APPLICATION_ACCESS|MEETING_JOIN|APPLICATION_ACCESS|MEETING_JOIN|APPLICATION_ACCESS|APPLICATION_ACCESS|VPN_DISCONNECT|LOGOUT,39,1,1,0.02,0,0,1,1,1,0.5775,0.15,0,8.772,0,0.35,4.5294,8.134,0.0,0,23,2,normal,,
EMP-256,2026-03-08,DEVICE_CONNECT|LOGIN|APPLICATION_ACCESS|APPLICATION_ACCESS|APPLICATION_ACCESS|APPLICATION_ACCESS|APPLICATION_ACCESS|APPLICATION_ACCESS|EMAIL_ACCESS|MEETING_JOIN|BREAK_START|BREAK_END|APPLICATION_ACCESS|APPLICATION_ACCESS|MEETING_JOIN|APPLICATION_ACCESS|APPLICATION_ACCESS|APPLICATION_ACCESS|MEETING_JOIN|APPLICATION_ACCESS|LOGOUT,21,1,1,0.01,0,0,1,1,1,0.6093,0.15,0,3.9072,0,0.05,2.4519,7.8268,0.0,0,12,2,normal,,
EMP-257,2026-03-09,DEVICE_CONNECT|LOGIN|VPN_CONNECT|APPLICATION_ACCESS|EMAIL_ACCESS|APPLICATION_ACCESS|EMAIL_ACCESS|APPLICATION_ACCESS|APPLICATION_ACCESS|RESOURCE_ACCESS|RESOURCE_ACCESS|APPLICATION_ACCESS|MEETING_JOIN|MEETING_JOIN|BREAK_START|BREAK_END|APPLICATION_ACCESS|APPLICATION_ACCESS|APPLICATION_ACCESS|APPLICATION_ACCESS|EMAIL_ACCESS|APPLICATION_ACCESS|APPLICATION_ACCESS|EMAIL_ACCESS|RESOURCE_ACCESS|RESOURCE_ACCESS|APPLICATION_ACCESS|RESOURCE_ACCESS|VPN_DISCONNECT|LOGOUT,30,1,1,0.015,0,0,1,1,1,0.4668,0.15,0,5.7637,0,0.35,4.5041,8.2259,0.0,0,12,2,normal,,
EMP-258,2026-03-09,DEVICE_CONNECT|LOGIN|VPN_CONNECT|APPLICATION_ACCESS|APPLICATION_ACCESS|EMAIL_ACCESS|APPLICATION_ACCESS|APPLICATION_ACCESS|APPLICATION_ACCESS|APPLICATION_ACCESS|APPLICATION_ACCESS|APPLICATION_ACCESS|APPLICATION_ACCESS|APPLICATION_ACCESS|APPLICATION_ACCESS|BREAK_START|BREAK_END|MEETING_JOIN|EMAIL_ACCESS|MEETING_JOIN|APPLICATION_ACCESS|FILE_ACCESS|MEETING_JOIN|APPLICATION_ACCESS|APPLICATION_ACCESS|FILE_ACCESS|APPLICATION_ACCESS|APPLICATION_ACCESS|APPLICATION_ACCESS|VPN_DISCONNECT|LOGOUT,31,1,1,0.02,0,0,1,1,1,0.5088,0.15,0,5.1001,0,0.35,4.4351,8.6365,0.06451612903225806,0,17,2,normal,,
EMP-259,2026-03-09,DEVICE_CONNECT|LOGIN|VPN_CONNECT|APPLICATION_ACCESS|APPLICATION_ACCESS|APPLICATION_ACCESS|APPLICATION_ACCESS|APPLICATION_ACCESS|APPLICATION_ACCESS|APPLICATION_ACCESS|APPLICATION_ACCESS|APPLICATION_ACCESS|EMAIL_ACCESS|EMAIL_ACCESS|APPLICATION_ACCESS|APPLICATION_ACCESS|APPLICATION_ACCESS|APPLICATION_ACCESS|APPLICATION_ACCESS|APPLICATION_ACCESS|APPLICATION_ACCESS|VPN_DISCONNECT|LOGOUT,23,1,1,0.01,0,0,1,1,1,0.5846,0.15,0,8.3255,0,0.35,2.8174,7.859,0.0,0,16,2,normal,,
EMP-260,2026-03-10,DEVICE_CONNECT|LOGIN|APPLICATION_ACCESS|APPLICATION_ACCESS|APPLICATION_ACCESS|APPLICATION_ACCESS|MEETING_JOIN|APPLICATION_ACCESS|APPLICATION_ACCESS|APPLICATION_ACCESS|APPLICATION_ACCESS|EMAIL_ACCESS|APPLICATION_ACCESS|EMAIL_ACCESS|BREAK_START|BREAK_END|APPLICATION_ACCESS|MEETING_JOIN|APPLICATION_ACCESS|FILE_ACCESS|APPLICATION_ACCESS|MEETING_JOIN|FILE_ACCESS|EMAIL_ACCESS|APPLICATION_ACCESS|MEETING_JOIN|EMAIL_ACCESS|APPLICATION_ACCESS|LOGOUT,29,1,1,0.015,0,0,1,1,1,0.6355,0.15,0,8.8424,0,0.05,4.0059,8.0904,0.06896551724137931,0,14,2,normal,,
EMP-261,2026-03-09,DEVICE_CONNECT|LOGIN|VPN_CONNECT|APPLICATION_ACCESS|EMAIL_ACCESS|APPLICATION_ACCESS|EMAIL_ACCESS|APPLICATION_ACCESS|APPLICATION_ACCESS|APPLICATION_ACCESS|APPLICATION_ACCESS|APPLICATION_ACCESS|APPLICATION_ACCESS|BREAK_START|BREAK_END|APPLICATION_ACCESS|APPLICATION_ACCESS|EMAIL_ACCESS|APPLICATION_ACCESS|APPLICATION_ACCESS|APPLICATION_ACCESS|APPLICATION_ACCESS|APPLICATION_ACCESS|EMAIL_ACCESS|APPLICATION_ACCESS|APPLICATION_ACCESS|VPN_DISCONNECT|LOGOUT,28,1,1,0.02,0,0,1,1,1,0.4099,0.15,0,4.2344,0,0.35,4.6604,8.1112,0.0,0,17,2,normal,,
EMP-262,2026-03-10,DEVICE_CONNECT|LOGIN|RESOURCE_ACCESS|MEETING_JOIN|MEETING_JOIN|RESOURCE_ACCESS|EMAIL_ACCESS|RESOURCE_ACCESS|RESOURCE_ACCESS|RESOURCE_ACCESS|EMAIL_ACCESS|MEETING_JOIN|MEETING_JOIN|RESOURCE_ACCESS|RESOURCE_ACCESS|EMAIL_ACCESS|RESOURCE_ACCESS|APPLICATION_ACCESS|BREAK_START|BREAK_END|APPLICATION_ACCESS|RESOURCE_ACCESS|RESOURCE_ACCESS|RESOURCE_ACCESS|EMAIL_ACCESS|RESOURCE_ACCESS|RESOURCE_ACCESS|RESOURCE_ACCESS|RESOURCE_ACCESS|RESOURCE_ACCESS|EMAIL_ACCESS|EMAIL_ACCESS|MEETING_JOIN|RESOURCE_ACCESS|EMAIL_ACCESS|RESOURCE_ACCESS|LOGOUT,37,1,1,0.01,0,0,1,1,1,0.5464,0.15,0,4.0153,0,0.05,2.4052,7.7032,0.0,0,3,2,normal,,
EMP-263,2026-03-06,DEVICE_CONNECT|LOGIN|APPLICATION_ACCESS|APPLICATION_ACCESS|EMAIL_ACCESS|EMAIL_ACCESS|APPLICATION_ACCESS|APPLICATION_ACCESS|EMAIL_ACCESS|APPLICATION_ACCESS|APPLICATION_ACCESS|EMAIL_ACCESS|APPLICATION_ACCESS|APPLICATION_ACCESS|BREAK_START|BREAK_END|APPLICATION_ACCESS|EMAIL_ACCESS|APPLICATION_ACCESS|APPLICATION_ACCESS|EMAIL_ACCESS|EMAIL_ACCESS|EMAIL_ACCESS|APPLICATION_ACCESS|APPLICATION_ACCESS|EMAIL_ACCESS|APPLICATION_ACCESS|APPLICATION_ACCESS|LOGOUT,29,1,1,0.015,0,0,1,1,1,0.5924,0.15,0,7.2614,0,0.05,3.9697,8.281,0.0,0,15,2,normal,,
EMP-264,2026-03-07,DEVICE_CONNECT|LOGIN|APPLICATION_ACCESS|EMAIL_ACCESS|APPLICATION_ACCESS|APPLICATION_ACCESS|MEETING_JOIN|APPLICATION_ACCESS|APPLICATION_ACCESS|APPLICATION_ACCESS|EMAIL_ACCESS|APPLICATION_ACCESS|BREAK_START|BREAK_END|APPLICATION_ACCESS|EMAIL_ACCESS|APPLICATION_ACCESS|APPLICATION_ACCESS|APPLICATION_ACCESS|APPLICATION_ACCESS|MEETING_JOIN|EMAIL_ACCESS|APPLICATION_ACCESS|APPLICATION_ACCESS|MEETING_JOIN|LOGOUT,26,1,1,0.02,0,0,1,1,1,0.5685,0.15,0,7.5206,0,0.05,5.4017,8.1859,0.0,0,14,2,normal,,
EMP-265,2026-03-08,DEVICE_CONNECT|LOGIN|APPLICATION_ACCESS|APPLICATION_ACCESS|APPLICATION_ACCESS|EMAIL_ACCESS|APPLICATION_ACCESS|EMAIL_ACCESS|EMAIL_ACCESS|APPLICATION_ACCESS|APPLICATION_ACCESS|APPLICATION_ACCESS|BREAK_START|BREAK_END|APPLICATION_ACCESS|APPLICATION_ACCESS|MEETING_JOIN|MEETING_JOIN|APPLICATION_ACCESS|APPLICATION_ACCESS|APPLICATION_ACCESS|EMAIL_ACCESS|FILE_ACCESS|APPLICATION_ACCESS|APPLICATION_ACCESS|LOGOUT,26,1,1,0.01,0,0,1,1,1,0.4424,0.15,0,8.0428,0,0.05,3.3137,7.4261,0.038461538461538464,0,14,2,normal,,
EMP-266,2026-03-08,DEVICE_CONNECT|LOGIN|APPLICATION_ACCESS|EMAIL_ACCESS|APPLICATION_ACCESS|APPLICATION_ACCESS|APPLICATION_ACCESS|MEETING_JOIN|APPLICATION_ACCESS|APPLICATION_ACCESS|APPLICATION_ACCESS|MEETING_JOIN|APPLICATION_ACCESS|APPLICATION_ACCESS|BREAK_START|BREAK_END|APPLICATION_ACCESS|MEETING_JOIN|EMAIL_ACCESS|APPLICATION_ACCESS|APPLICATION_ACCESS|FILE_ACCESS|MEETING_JOIN|APPLICATION_ACCESS|APPLICATION_ACCESS|APPLICATION_ACCESS|APPLICATION_ACCESS|APPLICATION_ACCESS|LOGOUT,29,1,1,0.015,0,0,1,1,1,0.4624,0.15,0,2.8309,0,0.05,4.3147,7.7087,0.034482758620689655,0,17,2,normal,,
EMP-267,2026-03-08,DEVICE_CONNECT|LOGIN|EMAIL_ACCESS|APPLICATION_ACCESS|EMAIL_ACCESS|EMAIL_ACCESS|APPLICATION_ACCESS|MEETING_JOIN|APPLICATION_ACCESS|APPLICATION_ACCESS|MEETING_JOIN|APPLICATION_ACCESS|APPLICATION_ACCESS|APPLICATION_ACCESS|EMAIL_ACCESS|APPLICATION_ACCESS|BREAK_START|BREAK_END|FILE_ACCESS|APPLICATION_ACCESS|APPLICATION_ACCESS|APPLICATION_ACCESS|APPLICATION_ACCESS|MEETING_JOIN|APPLICATION_ACCESS|APPLICATION_ACCESS|EMAIL_ACCESS|FILE_ACCESS|FILE_ACCESS|APPLICATION_ACCESS|APPLICATION_ACCESS|APPLICATION_ACCESS|APPLICATION_ACCESS|LOGOUT,34,1,1,0.02,0,0,1,1,1,0.5557,0.15,0,3.6218,0,0.05,4.5389,8.3625,0.08823529411764706,0,18,3,normal,,
EMP-268,2026-03-09,DEVICE_CONNECT|LOGIN|APPLICATION_ACCESS|EMAIL_ACCESS|APPLICATION_ACCESS|APPLICATION_ACCESS|APPLICATION_ACCESS|APPLICATION_ACCESS|APPLICATION_ACCESS|EMAIL_ACCESS|EMAIL_ACCESS|EMAIL_ACCESS|APPLICATION_ACCESS|APPLICATION_ACCESS|APPLICATION_ACCESS|APPLICATION_ACCESS|APPLICATION_ACCESS|BREAK_START|BREAK_END|EMAIL_ACCESS|APPLICATION_ACCESS|APPLICATION_ACCESS|APPLICATION_ACCESS|APPLICATION_ACCESS|APPLICATION_ACCESS|APPLICATION_ACCESS|APPLICATION_ACCESS|APPLICATION_ACCESS|APPLICATION_ACCESS|APPLICATION_ACCESS|APPLICATION_ACCESS|APPLICATION_ACCESS|EMAIL_ACCESS|EMAIL_ACCESS|APPLICATION_ACCESS|LOGOUT,36,1,1,0.01,0,0,1,1,1,0.5957,0.15,0,6.7085,0,0.05,3.4093,7.6496,0.0,0,24,2,normal,,
EMP-269,2026-03-10,DEVICE_CONNECT|LOGIN|VPN_CONNECT|APPLICATION_ACCESS|APPLICATION_ACCESS|APPLICATION_ACCESS|EMAIL_ACCESS|APPLICATION_ACCESS|APPLICATION_ACCESS|APPLICATION_ACCESS|APPLICATION_ACCESS|EMAIL_ACCESS|APPLICATION_ACCESS|APPLICATION_ACCESS|APPLICATION_ACCESS|APPLICATION_ACCESS|APPLICATION_ACCESS|BREAK_START|BREAK_END|APPLICATION_ACCESS|APPLICATION_ACCESS|APPLICATION_ACCESS|APPLICATION_ACCESS|APPLICATION_ACCESS|APPLICATION_ACCESS|APPLICATION_ACCESS|APPLICATION_ACCESS|APPLICATION_ACCESS|APPLICATION_ACCESS|APPLICATION_ACCESS|APPLICATION_ACCESS|EMAIL_ACCESS|APPLICATION_ACCESS|EMAIL_ACCESS|VPN_DISCONNECT|LOGOUT,36,1,1,0.015,0,0,1,1,1,0.4554,0.15,0,6.3718,0,0.35,3.6265,8.2843,0.0,0,25,2,normal,,
EMP-270,2026-03-10,DEVICE_CONNECT|LOGIN|VPN_CONNECT|APPLICATION_ACCESS|EMAIL_ACCESS|APPLICATION_ACCESS|APPLICATION_ACCESS|APPLICATION_ACCESS|APPLICATION_ACCESS|APPLICATION_ACCESS|APPLICATION_ACCESS|APPLICATION_ACCESS|EMAIL_ACCESS|APPLICATION_ACCESS|APPLICATION_ACCESS|APPLICATION_ACCESS|APPLICATION_ACCESS|APPLICATION_ACCESS|EMAIL_ACCESS|APPLICATION_ACCESS|APPLICATION_ACCESS|APPLICATION_ACCESS|APPLICATION_ACCESS|APPLICATION_ACCESS|APPLICATION_ACCESS|VPN_DISCONNECT|LOGOUT,27,1,1,0.02,0,0,1,1,1,0.5395,0.15,0,8.9073,0,0.35,4.8409,8.8513,0.0,0,19,2,normal,,
EMP-271,2026-03-10,DEVICE_CONNECT|LOGIN|APPLICATION_ACCESS|APPLICATION_ACCESS|EMAIL_ACCESS|MEETING_JOIN|APPLICATION_ACCESS|EMAIL_ACCESS|APPLICATION_ACCESS|APPLICATION_ACCESS|APPLICATION_ACCESS|EMAIL_ACCESS|EMAIL_ACCESS|APPLICATION_ACCESS|EMAIL_ACCESS|APPLICATION_ACCESS|FILE_ACCESS|BREAK_START|BREAK_END|APPLICATION_ACCESS|MEETING_JOIN|APPLICATION_ACCESS|FILE_ACCESS|APPLICATION_ACCESS|MEETING_JOIN|FILE_ACCESS|APPLICATION_ACCESS|APPLICATION_ACCESS|APPLICATION_ACCESS|APPLICATION_ACCESS|FILE_ACCESS|APPLICATION_ACCESS|EMAIL_ACCESS|EMAIL_ACCESS|LOGOUT,35,1,1,0.01,0,0,1,1,1,0.5999,0.15,0,3.9749,0,0.05,2.9257,7.1841,0.11428571428571428,0,16,4,normal,,
EMP-272,2026-03-09,DEVICE_CONNECT|LOGIN|VPN_CONNECT|APPLICATION_ACCESS|APPLICATION_ACCESS|EMAIL_ACCESS|APPLICATION_ACCESS|APPLICATION_ACCESS|EMAIL_ACCESS|APPLICATION_ACCESS|APPLICATION_ACCESS|APPLICATION_ACCESS|EMAIL_ACCESS|APPLICATION_ACCESS|BREAK_START|BREAK_END|EMAIL_ACCESS|APPLICATION_ACCESS|APPLICATION_ACCESS|APPLICATION_ACCESS|APPLICATION_ACCESS|APPLICATION_ACCESS|APPLICATION_ACCESS|APPLICATION_ACCESS|APPLICATION_ACCESS|EMAIL_ACCESS|APPLICATION_ACCESS|APPLICATION_ACCESS|VPN_DISCONNECT|LOGOUT,30,1,1,0.015,0,0,1,1,1,0.5619,0.15,0,4.6844,0,0.35,4.5731,8.156,0.0,0,18,2,normal,,
EMP-273,2026-03-07,DEVICE_CONNECT|LOGIN|VPN_CONNECT|APPLICATION_ACCESS|APPLICATION_ACCESS|APPLICATION_ACCESS|APPLICATION_ACCESS|APPLICATION_ACCESS|APPLICATION_ACCESS|EMAIL_ACCESS|MEETING_JOIN|EMAIL_ACCESS|APPLICATION_ACCESS|BREAK_START|BREAK_END|APPLICATION_ACCESS|APPLICATION_ACCESS|EMAIL_ACCESS|APPLICATION_ACCESS|APPLICATION_ACCESS|APPLICATION_ACCESS|APPLICATION_ACCESS|APPLICATION_ACCESS|EMAIL_ACCESS|APPLICATION_ACCESS|MEETING_JOIN|VPN_DISCONNECT|LOGOUT,28,1,1,0.02,0,0,1,1,1,0.4065,0.15,0,7.4256,0,0.35,5.114,8.3709,0.0,0,15,2,normal,,
EMP-274,2026-03-06,DEVICE_CONNECT|LOGIN|VPN_CONNECT|APPLICATION_ACCESS|APPLICATION_ACCESS|APPLICATION_ACCESS|EMAIL_ACCESS|APPLICATION_ACCESS|APPLICATION_ACCESS|EMAIL_ACCESS|EMAIL_ACCESS|APPLICATION_ACCESS|MEETING_JOIN|APPLICATION_ACCESS|BREAK_START|BREAK_END|APPLICATION_ACCESS|APPLICATION_ACCESS|APPLICATION_ACCESS|APPLICATION_ACCESS|APPLICATION_ACCESS|APPLICATION_ACCESS|APPLICATION_ACCESS|APPLICATION_ACCESS|APPLICATION_ACCESS|APPLICATION_ACCESS|APPLICATION_ACCESS|APPLICATION_ACCESS|VPN_DISCONNECT|LOGOUT,30,1,1,0.01,0,0,1,1,1,0.4623,0.15,0,8.0143,0,0.35,2.7342,7.6802,0.0,0,19,2,normal,,
EMP-275,2026-03-08,DEVICE_CONNECT|LOGIN|VPN_CONNECT|APPLICATION_ACCESS|APPLICATION_ACCESS|APPLICATION_ACCESS|APPLICATION_ACCESS|APPLICATION_ACCESS|EMAIL_ACCESS|EMAIL_ACCESS|APPLICATION_ACCESS|APPLICATION_ACCESS|APPLICATION_ACCESS|APPLICATION_ACCESS|APPLICATION_ACCESS|APPLICATION_ACCESS|APPLICATION_ACCESS|APPLICATION_ACCESS|APPLICATION_ACCESS|EMAIL_ACCESS|APPLICATION_ACCESS|VPN_DISCONNECT|LOGOUT,23,1,1,0.015,0,0,1,1,1,0.5594,0.15,0,8.7689,0,0.35,4.5319,8.2408,0.0,0,15,2,normal,,
EMP-276,2026-03-08,DEVICE_CONNECT|LOGIN|VPN_CONNECT|RESOURCE_ACCESS|RESOURCE_ACCESS|RESOURCE_ACCESS|EMAIL_ACCESS|EMAIL_ACCESS|RESOURCE_ACCESS|RESOURCE_ACCESS|APPLICATION_ACCESS|APPLICATION_ACCESS|APPLICATION_ACCESS|APPLICATION_ACCESS|MEETING_JOIN|RESOURCE_ACCESS|RESOURCE_ACCESS|APPLICATION_ACCESS|MEETING_JOIN|BREAK_START|BREAK_END|RESOURCE_ACCESS|RESOURCE_ACCESS|APPLICATION_ACCESS|APPLICATION_ACCESS|APPLICATION_ACCESS|RESOURCE_ACCESS|RESOURCE_ACCESS|MEETING_JOIN|RESOURCE_ACCESS|EMAIL_ACCESS|RESOURCE_ACCESS|APPLICATION_ACCESS|APPLICATION_ACCESS|RESOURCE_ACCESS|APPLICATION_ACCESS|APPLICATION_ACCESS|VPN_DISCONNECT|LOGOUT,39,1,1,0.02,0,0,1,1,1,0.5976,0.15,0,4.3095,0,0.35,4.9814,8.4236,0.0,0,12,2,normal,,
EMP-277,2026-03-09,DEVICE_CONNECT|LOGIN|VPN_CONNECT|MEETING_JOIN|APPLICATION_ACCESS|RESOURCE_ACCESS|APPLICATION_ACCESS|EMAIL_ACCESS|APPLICATION_ACCESS|MEETING_JOIN|RESOURCE_ACCESS|APPLICATION_ACCESS|APPLICATION_ACCESS|EMAIL_ACCESS|MEETING_JOIN|BREAK_START|BREAK_END|APPLICATION_ACCESS|APPLICATION_ACCESS|APPLICATION_ACCESS|MEETING_JOIN|EMAIL_ACCESS|RESOURCE_ACCESS|APPLICATION_ACCESS|APPLICATION_ACCESS|RESOURCE_ACCESS|APPLICATION_ACCESS|RESOURCE_ACCESS|APPLICATION_ACCESS|EMAIL_ACCESS|VPN_DISCONNECT|LOGOUT,32,1,1,0.01,0,0,1,1,1,0.4147,0.15,0,4.8639,0,0.35,2.9872,7.1978,0.0,0,12,2,normal,,
EMP-278,2026-03-10,DEVICE_CONNECT|LOGIN|VPN_CONNECT|RESOURCE_ACCESS|RESOURCE_ACCESS|APPLICATION_ACCESS|RESOURCE_ACCESS|APPLICATION_ACCESS|APPLICATION_ACCESS|MEETING_JOIN|MEETING_JOIN|APPLICATION_ACCESS|APPLICATION_ACCESS|BREAK_START|BREAK_END|APPLICATION_ACCESS|RESOURCE_ACCESS|RESOURCE_ACCESS|EMAIL_ACCESS|RESOURCE_ACCESS|APPLICATION_ACCESS|APPLICATION_ACCESS|MEETING_JOIN|RESOURCE_ACCESS|RESOURCE_ACCESS|VPN_DISCONNECT|LOGOUT,27,1,1,0.015,0,0,1,1,1,0.5128,0.15,0,4.9038,0,0.35,3.4634,7.6797,0.0,0,8,2,normal,,
EMP-279,2026-03-08,DEVICE_CONNECT|LOGIN|VPN_CONNECT|APPLICATION_ACCESS|EMAIL_ACCESS|APPLICATION_ACCESS|EMAIL_ACCESS|APPLICATION_ACCESS|APPLICATION_ACCESS|APPLICATION_ACCESS|APPLICATION_ACCESS|EMAIL_ACCESS|APPLICATION_ACCESS|EMAIL_ACCESS|APPLICATION_ACCESS|APPLICATION_ACCESS|EMAIL_ACCESS|APPLICATION_ACCESS|APPLICATION_ACCESS|EMAIL_ACCESS|APPLICATION_ACCESS|APPLICATION_ACCESS|APPLICATION_ACCESS|APPLICATION_ACCESS|APPLICATION_ACCESS|APPLICATION_ACCESS|APPLICATION_ACCESS|APPLICATION_ACCESS|APPLICATION_ACCESS|EMAIL_ACCESS|VPN_DISCONNECT|LOGOUT,32,1,1,0.02,0,0,1,1,1,0.5498,0.15,0,5.5802,0,0.35,5.1255,8.2433,0.0,0,20,2,normal,,
EMP-280,2026-03-06,DEVICE_CONNECT|LOGIN|VPN_CONNECT|APPLICATION_ACCESS|APPLICATION_ACCESS|APPLICATION_ACCESS|APPLICATION_ACCESS|APPLICATION_ACCESS|APPLICATION_ACCESS|EMAIL_ACCESS|APPLICATION_ACCESS|APPLICATION_ACCESS|APPLICATION_ACCESS|APPLICATION_ACCESS|BREAK_START|BREAK_END|EMAIL_ACCESS|APPLICATION_ACCESS|APPLICATION_ACCESS|APPLICATION_ACCESS|APPLICATION_ACCESS|APPLICATION_ACCESS|APPLICATION_ACCESS|APPLICATION_ACCESS|APPLICATION_ACCESS|APPLICATION_ACCESS|APPLICATION_ACCESS|VPN_DISCONNECT|LOGOUT,29,1,1,0.01,0,0,1,1,1,0.5653,0.15,0,8.3659,0,0.35,2.4918,7.1771,0.0,0,20,2,normal,,
EMP-281,2026-03-07,DEVICE_CONNECT|LOGIN|APPLICATION_ACCESS|APPLICATION_ACCESS|APPLICATION_ACCESS|EMAIL_ACCESS|APPLICATION_ACCESS|APPLICATION_ACCESS|RESOURCE_ACCESS|RESOURCE_ACCESS|MEETING_JOIN|RESOURCE_ACCESS|RESOURCE_ACCESS|RESOURCE_ACCESS|APPLICATION_ACCESS|BREAK_START|BREAK_END|EMAIL_ACCESS|APPLICATION_ACCESS|RESOURCE_ACCESS|RESOURCE_ACCESS|RESOURCE_ACCESS|RESOURCE_ACCESS|APPLICATION_ACCESS|EMAIL_ACCESS|RESOURCE_ACCESS|MEETING_JOIN|MEETING_JOIN|MEETING_JOIN|MEETING_JOIN|LOGOUT,31,1,1,0.015,0,0,1,1,1,0.4768,0.15,0,4.8782,0,0.05,4.1945,7.7615,0.0,0,8,2,normal,,
EMP-282,2026-03-10,DEVICE_CONNECT|LOGIN|VPN_CONNECT|RESOURCE_ACCESS|RESOURCE_ACCESS|RESOURCE_ACCESS|EMAIL_ACCESS|RESOURCE_ACCESS|RESOURCE_ACCESS|MEETING_JOIN|RESOURCE_ACCESS|RESOURCE_ACCESS|RESOURCE_ACCESS|MEETING_JOIN|RESOURCE_ACCESS|EMAIL_ACCESS|RESOURCE_ACCESS|APPLICATION_ACCESS|APPLICATION_ACCESS|BREAK_START|BREAK_END|RESOURCE_ACCESS|APPLICATION_ACCESS|RESOURCE_ACCESS|APPLICATION_ACCESS|RESOURCE_ACCESS|EMAIL_ACCESS|EMAIL_ACCESS|EMAIL_ACCESS|EMAIL_ACCESS|RESOURCE_ACCESS|RESOURCE_ACCESS|EMAIL_ACCESS|RESOURCE_ACCESS|MEETING_JOIN|RESOURCE_ACCESS|RESOURCE_ACCESS|VPN_DISCONNECT|LOGOUT,39,1,1,0.02,0,0,1,1,1,0.5005,0.15,0,5.1273,0,0.35,5.0486,8.7476,0.0,0,4,2,normal,,
EMP-283,2026-03-07,DEVICE_CONNECT|LOGIN|APPLICATION_ACCESS|APPLICATION_ACCESS|APPLICATION_ACCESS|MEETING_JOIN|EMAIL_ACCESS|EMAIL_ACCESS|EMAIL_ACCESS|EMAIL_ACCESS|BREAK_START|BREAK_END|APPLICATION_ACCESS|APPLICATION_ACCESS|APPLICATION_ACCESS|APPLICATION_ACCESS|APPLICATION_ACCESS|APPLICATION_ACCESS|APPLICATION_ACCESS|APPLICATION_ACCESS|LOGOUT,21,1,1,0.01,0,0,1,1,1,0.5953,0.15,0,4.5948,0,0.05,3.4979,7.4443,0.0,0,11,2,normal,,
EMP-284,2026-03-09,DEVICE_CONNECT|LOGIN|RESOURCE_ACCESS|APPLICATION_ACCESS|RESOURCE_ACCESS|RESOURCE_ACCESS|RESOURCE_ACCESS|EMAIL_ACCESS|MEETING_JOIN|APPLICATION_ACCESS|APPLICATION_ACCESS|RESOURCE_ACCESS|APPLICATION_ACCESS|EMAIL_ACCESS|BREAK_START|BREAK_END|RESOURCE_ACCESS|APPLICATION_ACCESS|APPLICATION_ACCESS|RESOURCE_ACCESS|MEETING_JOIN|APPLICATION_ACCESS|RESOURCE_ACCESS|RESOURCE_ACCESS|MEETING_JOIN|RESOURCE_ACCESS|RESOURCE_ACCESS|EMAIL_ACCESS|LOGOUT,29,1,1,0.015,0,0,1,1,1,0.595,0.15,0,8.0586,0,0.05,3.4432,7.954,0.0,0,7,2,normal,,
EMP-285,2026-03-07,DEVICE_CONNECT|LOGIN|APPLICATION_ACCESS|APPLICATION_ACCESS|APPLICATION_ACCESS|APPLICATION_ACCESS|EMAIL_ACCESS|APPLICATION_ACCESS|MEETING_JOIN|APPLICATION_ACCESS|APPLICATION_ACCESS|APPLICATION_ACCESS|BREAK_START|BREAK_END|MEETING_JOIN|APPLICATION_ACCESS|APPLICATION_ACCESS|EMAIL_ACCESS|APPLICATION_ACCESS|APPLICATION_ACCESS|EMAIL_ACCESS|EMAIL_ACCESS|APPLICATION_ACCESS|EMAIL_ACCESS|APPLICATION_ACCESS|LOGOUT,26,1,1,0.02,0,0,1,1,1,0.4557,0.15,0,9.0811,0,0.05,5.2473,8.3424,0.0,0,14,2,normal,,
EMP-286,2026-03-06,DEVICE_CONNECT|LOGIN|VPN_CONNECT|APPLICATION_ACCESS|APPLICATION_ACCESS|RESOURCE_ACCESS|RESOURCE_ACCESS|RESOURCE_ACCESS|APPLICATION_ACCESS|EMAIL_ACCESS|APPLICATION_ACCESS|RESOURCE_ACCESS|EMAIL_ACCESS|APPLICATION_ACCESS|EMAIL_ACCESS|APPLICATION_ACCESS|EMAIL_ACCESS|RESOURCE_ACCESS|BREAK_START|BREAK_END|APPLICATION_ACCESS|RESOURCE_ACCESS|MEETING_JOIN|APPLICATION_ACCESS|RESOURCE_ACCESS|APPLICATION_ACCESS|MEETING_JOIN|EMAIL_ACCESS|RESOURCE_ACCESS|EMAIL_ACCESS|EMAIL_ACCESS|APPLICATION_ACCESS|EMAIL_ACCESS|RESOURCE_ACCESS|EMAIL_ACCESS|VPN_DISCONNECT|LOGOUT,37,1,1,0.01,0,0,1,1,1,0.4931,0.15,0,3.4374,0,0.35,3.3168,7.4113,0.0,0,10,2,normal,,
EMP-287,2026-03-07,DEVICE_CONNECT|LOGIN|VPN_CONNECT|APPLICATION_ACCESS|APPLICATION_ACCESS|APPLICATION_ACCESS|APPLICATION_ACCESS|APPLICATION_ACCESS|APPLICATION_ACCESS|EMAIL_ACCESS|APPLICATION_ACCESS|EMAIL_ACCESS|APPLICATION_ACCESS|APPLICATION_ACCESS|APPLICATION_ACCESS|APPLICATION_ACCESS|APPLICATION_ACCESS|APPLICATION_ACCESS|APPLICATION_ACCESS|APPLICATION_ACCESS|APPLICATION_ACCESS|EMAIL_ACCESS|APPLICATION_ACCESS|EMAIL_ACCESS|APPLICATION_ACCESS|APPLICATION_ACCESS|APPLICATION_ACCESS|APPLICATION_ACCESS|APPLICATION_ACCESS|EMAIL_ACCESS|EMAIL_ACCESS|APPLICATION_ACCESS|APPLICATION_ACCESS|APPLICATION_ACCESS|VPN_DISCONNECT|LOGOUT,36,1,1,0.015,0,0,1,1,1,0.5675,0.15,0,5.4802,0,0.35,4.0867,8.1483,0.0,0,25,2,normal,,
EMP-288,2026-03-06,DEVICE_CONNECT|LOGIN|APPLICATION_ACCESS|APPLICATION_ACCESS|EMAIL_ACCESS|APPLICATION_ACCESS|APPLICATION_ACCESS|EMAIL_ACCESS|APPLICATION_ACCESS|APPLICATION_ACCESS|EMAIL_ACCESS|APPLICATION_ACCESS|APPLICATION_ACCESS|EMAIL_ACCESS|EMAIL_ACCESS|APPLICATION_ACCESS|EMAIL_ACCESS|EMAIL_ACCESS|APPLICATION_ACCESS|APPLICATION_ACCESS|EMAIL_ACCESS|APPLICATION_ACCESS|APPLICATION_ACCESS|EMAIL_ACCESS|APPLICATION_ACCESS|APPLICATION_ACCESS|APPLICATION_ACCESS|LOGOUT,28,1,1,0.02,0,0,1,1,1,0.6062,0.15,0,4.9689,0,0.05,4.7161,8.1446,0.0,0,16,2,normal,,
EMP-289,2026-03-08,DEVICE_CONNECT|LOGIN|VPN_CONNECT|APPLICATION_ACCESS|APPLICATION_ACCESS|APPLICATION_ACCESS|APPLICATION_ACCESS|APPLICATION_ACCESS|APPLICATION_ACCESS|APPLICATION_ACCESS|EMAIL_ACCESS|APPLICATION_ACCESS|APPLICATION_ACCESS|APPLICATION_ACCESS|APPLICATION_ACCESS|BREAK_START|BREAK_END|APPLICATION_ACCESS|APPLICATION_ACCESS|APPLICATION_ACCESS|APPLICATION_ACCESS|EMAIL_ACCESS|APPLICATION_ACCESS|APPLICATION_ACCESS|APPLICATION_ACCESS|APPLICATION_ACCESS|APPLICATION_ACCESS|EMAIL_ACCESS|EMAIL_ACCESS|APPLICATION_ACCESS|VPN_DISCONNECT|LOGOUT,32,1,1,0.01,0,0,1,1,1,0.4971,0.15,0,7.3508,0,0.35,3.5733,7.3822,0.0,0,21,2,normal,,
EMP-290,2026-03-06,DEVICE_CONNECT|LOGIN|VPN_CONNECT|APPLICATION_ACCESS|EMAIL_ACCESS|EMAIL_ACCESS|EMAIL_ACCESS|APPLICATION_ACCESS|EMAIL_ACCESS|APPLICATION_ACCESS|APPLICATION_ACCESS|APPLICATION_ACCESS|APPLICATION_ACCESS|APPLICATION_ACCESS|APPLICATION_ACCESS|APPLICATION_ACCESS|APPLICATION_ACCESS|EMAIL_ACCESS|BREAK_START|BREAK_END|APPLICATION_ACCESS|APPLICATION_ACCESS|APPLICATION_ACCESS|APPLICATION_ACCESS|APPLICATION_ACCESS|APPLICATION_ACCESS|APPLICATION_ACCESS|APPLICATION_ACCESS|EMAIL_ACCESS|APPLICATION_ACCESS|APPLICATION_ACCESS|APPLICATION_ACCESS|APPLICATION_ACCESS|APPLICATION_ACCESS|EMAIL_ACCESS|APPLICATION_ACCESS|VPN_DISCONNECT|LOGOUT,38,1,1,0.015,0,0,1,1,1,0.4561,0.15,0,8.2714,0,0.35,3.8397,7.7026,0.0,0,24,2,normal,,
EMP-291,2026-03-08,DEVICE_CONNECT|LOGIN|APPLICATION_ACCESS|APPLICATION_ACCESS|APPLICATION_ACCESS|EMAIL_ACCESS|EMAIL_ACCESS|APPLICATION_ACCESS|EMAIL_ACCESS|APPLICATION_ACCESS|APPLICATION_ACCESS|APPLICATION_ACCESS|EMAIL_ACCESS|APPLICATION_ACCESS|BREAK_START|BREAK_END|APPLICATION_ACCESS|APPLICATION_ACCESS|EMAIL_ACCESS|MEETING_JOIN|MEETING_JOIN|APPLICATION_ACCESS|APPLICATION_ACCESS|APPLICATION_ACCESS|APPLICATION_ACCESS|APPLICATION_ACCESS|APPLICATION_ACCESS|APPLICATION_ACCESS|APPLICATION_ACCESS|LOGOUT,30,1,1,0.02,0,0,1,1,1,0.5027,0.15,0,5.174,0,0.05,4.5168,8.373,0.0,0,18,2,normal,,
EMP-292,2026-03-09,DEVICE_CONNECT|LOGIN|VPN_CONNECT|APPLICATION_ACCESS|RESOURCE_ACCESS|RESOURCE_ACCESS|APPLICATION_ACCESS|APPLICATION_ACCESS|EMAIL_ACCESS|EMAIL_ACCESS|RESOURCE_ACCESS|RESOURCE_ACCESS|RESOURCE_ACCESS|RESOURCE_ACCESS|EMAIL_ACCESS|RESOURCE_ACCESS|EMAIL_ACCESS|BREAK_START|BREAK_END|APPLICATION_ACCESS|RESOURCE_ACCESS|EMAIL_ACCESS|APPLICATION_ACCESS|APPLICATION_ACCESS|APPLICATION_ACCESS|APPLICATION_ACCESS|APPLICATION_ACCESS|EMAIL_ACCESS|EMAIL_ACCESS|RESOURCE_ACCESS|EMAIL_ACCESS|APPLICATION_ACCESS|APPLICATION_ACCESS|VPN_DISCONNECT|LOGOUT,35,1,1,0.01,0,0,1,1,1,0.6492,0.15,0,4.7358,0,0.35,2.6931,7.1452,0.0,0,11,2,normal,,
EMP-293,2026-03-08,DEVICE_CONNECT|LOGIN|VPN_CONNECT|EMAIL_ACCESS|APPLICATION_ACCESS|APPLICATION_ACCESS|APPLICATION_ACCESS|APPLICATION_ACCESS|APPLICATION_ACCESS|APPLICATION_ACCESS|APPLICATION_ACCESS|APPLICATION_ACCESS|BREAK_START|BREAK_END|EMAIL_ACCESS|APPLICATION_ACCESS|APPLICATION_ACCESS|APPLICATION_ACCESS|APPLICATION_ACCESS|APPLICATION_ACCESS|APPLICATION_ACCESS|APPLICATION_ACCESS|APPLICATION_ACCESS|APPLICATION_ACCESS|VPN_DISCONNECT|LOGOUT,26,1,1,0.015,0,0,1,1,1,0.4648,0.15,0,6.2776,0,0.35,3.4786,8.3283,0.0,0,17,2,normal,,
EMP-294,2026-03-07,DEVICE_CONNECT|LOGIN|VPN_CONNECT|EMAIL_ACCESS|APPLICATION_ACCESS|APPLICATION_ACCESS|APPLICATION_ACCESS|APPLICATION_ACCESS|APPLICATION_ACCESS|APPLICATION_ACCESS|APPLICATION_ACCESS|APPLICATION_ACCESS|EMAIL_ACCESS|EMAIL_ACCESS|APPLICATION_ACCESS|APPLICATION_ACCESS|BREAK_START|BREAK_END|APPLICATION_ACCESS|EMAIL_ACCESS|APPLICATION_ACCESS|APPLICATION_ACCESS|APPLICATION_ACCESS|APPLICATION_ACCESS|APPLICATION_ACCESS|EMAIL_ACCESS|APPLICATION_ACCESS|APPLICATION_ACCESS|APPLICATION_ACCESS|APPLICATION_ACCESS|APPLICATION_ACCESS|APPLICATION_ACCESS|VPN_DISCONNECT|LOGOUT,34,1,1,0.02,0,0,1,1,1,0.4614,0.15,0,6.0093,0,0.35,4.4449,8.5307,0.0,0,22,2,normal,,
EMP-295,2026-03-06,DEVICE_CONNECT|LOGIN|VPN_CONNECT|APPLICATION_ACCESS|EMAIL_ACCESS|APPLICATION_ACCESS|EMAIL_ACCESS|APPLICATION_ACCESS|APPLICATION_ACCESS|APPLICATION_ACCESS|APPLICATION_ACCESS|APPLICATION_ACCESS|APPLICATION_ACCESS|APPLICATION_ACCESS|APPLICATION_ACCESS|EMAIL_ACCESS|BREAK_START|BREAK_END|APPLICATION_ACCESS|APPLICATION_ACCESS|APPLICATION_ACCESS|EMAIL_ACCESS|APPLICATION_ACCESS|APPLICATION_ACCESS|APPLICATION_ACCESS|APPLICATION_ACCESS|EMAIL_ACCESS|APPLICATION_ACCESS|APPLICATION_ACCESS|APPLICATION_ACCESS|APPLICATION_ACCESS|VPN_DISCONNECT|LOGOUT,33,1,1,0.01,0,0,1,1,1,0.5568,0.15,0,9.2042,0,0.35,3.2352,7.3133,0.0,0,21,2,normal,,
EMP-296,2026-03-10,DEVICE_CONNECT|LOGIN|APPLICATION_ACCESS|APPLICATION_ACCESS|MEETING_JOIN|APPLICATION_ACCESS|APPLICATION_ACCESS|APPLICATION_ACCESS|EMAIL_ACCESS|APPLICATION_ACCESS|EMAIL_ACCESS|EMAIL_ACCESS|APPLICATION_ACCESS|BREAK_START|BREAK_END|APPLICATION_ACCESS|APPLICATION_ACCESS|APPLICATION_ACCESS|APPLICATION_ACCESS|APPLICATION_ACCESS|APPLICATION_ACCESS|MEETING_JOIN|EMAIL_ACCESS|APPLICATION_ACCESS|APPLICATION_ACCESS|APPLICATION_ACCESS|MEETING_JOIN|LOGOUT,28,1,1,0.015,0,0,1,1,1,0.5522,0.15,0,3.4495,0,0.05,3.7869,8.0563,0.0,0,16,2,normal,,
EMP-297,2026-03-06,DEVICE_CONNECT|LOGIN|VPN_CONNECT|APPLICATION_ACCESS|FILE_ACCESS|EMAIL_ACCESS|APPLICATION_ACCESS|FILE_ACCESS|APPLICATION_ACCESS|APPLICATION_ACCESS|APPLICATION_ACCESS|MEETING_JOIN|APPLICATION_ACCESS|APPLICATION_ACCESS|APPLICATION_ACCESS|APPLICATION_ACCESS|APPLICATION_ACCESS|BREAK_START|BREAK_END|APPLICATION_ACCESS|APPLICATION_ACCESS|EMAIL_ACCESS|APPLICATION_ACCESS|APPLICATION_ACCESS|EMAIL_ACCESS|APPLICATION_ACCESS|APPLICATION_ACCESS|APPLICATION_ACCESS|APPLICATION_ACCESS|FILE_ACCESS|APPLICATION_ACCESS|APPLICATION_ACCESS|EMAIL_ACCESS|VPN_DISCONNECT|LOGOUT,35,1,1,0.02,0,0,1,1,1,0.4808,0.15,0,3.8002,0,0.35,4.8032,8.6401,0.08571428571428572,0,20,3,normal,,
EMP-298,2026-03-07,DEVICE_CONNECT|LOGIN|VPN_CONNECT|APPLICATION_ACCESS|EMAIL_ACCESS|APPLICATION_ACCESS|APPLICATION_ACCESS|APPLICATION_ACCESS|APPLICATION_ACCESS|APPLICATION_ACCESS|APPLICATION_ACCESS|EMAIL_ACCESS|APPLICATION_ACCESS|EMAIL_ACCESS|APPLICATION_ACCESS|APPLICATION_ACCESS|APPLICATION_ACCESS|APPLICATION_ACCESS|APPLICATION_ACCESS|APPLICATION_ACCESS|APPLICATION_ACCESS|APPLICATION_ACCESS|APPLICATION_ACCESS|APPLICATION_ACCESS|EMAIL_ACCESS|APPLICATION_ACCESS|APPLICATION_ACCESS|APPLICATION_ACCESS|APPLICATION_ACCESS|APPLICATION_ACCESS|APPLICATION_ACCESS|APPLICATION_ACCESS|EMAIL_ACCESS|APPLICATION_ACCESS|APPLICATION_ACCESS|VPN_DISCONNECT|LOGOUT,37,1,1,0.01,0,0,1,1,1,0.5311,0.15,0,6.5022,0,0.35,2.7594,7.2333,0.0,0,27,2,normal,,
EMP-299,2026-03-06,DEVICE_CONNECT|LOGIN|VPN_CONNECT|APPLICATION_ACCESS|EMAIL_ACCESS|APPLICATION_ACCESS|APPLICATION_ACCESS|APPLICATION_ACCESS|APPLICATION_ACCESS|EMAIL_ACCESS|APPLICATION_ACCESS|EMAIL_ACCESS|EMAIL_ACCESS|APPLICATION_ACCESS|APPLICATION_ACCESS|APPLICATION_ACCESS|BREAK_START|BREAK_END|APPLICATION_ACCESS|MEETING_JOIN|APPLICATION_ACCESS|APPLICATION_ACCESS|APPLICATION_ACCESS|APPLICATION_ACCESS|APPLICATION_ACCESS|APPLICATION_ACCESS|APPLICATION_ACCESS|APPLICATION_ACCESS|APPLICATION_ACCESS|APPLICATION_ACCESS|APPLICATION_ACCESS|VPN_DISCONNECT|LOGOUT,33,1,1,0.015,0,0,1,1,1,0.5202,0.15,0,7.4063,0,0.35,3.4904,8.3793,0.0,0,21,2,normal,,
EMP-300,2026-03-09,DEVICE_CONNECT|LOGIN|VPN_CONNECT|APPLICATION_ACCESS|APPLICATION_ACCESS|RESOURCE_ACCESS|APPLICATION_ACCESS|RESOURCE_ACCESS|EMAIL_ACCESS|APPLICATION_ACCESS|APPLICATION_ACCESS|APPLICATION_ACCESS|BREAK_START|BREAK_END|RESOURCE_ACCESS|MEETING_JOIN|APPLICATION_ACCESS|RESOURCE_ACCESS|APPLICATION_ACCESS|RESOURCE_ACCESS|RESOURCE_ACCESS|APPLICATION_ACCESS|RESOURCE_ACCESS|APPLICATION_ACCESS|VPN_DISCONNECT|LOGOUT,26,1,1,0.02,0,0,1,1,1,0.5714,0.15,0,7.2955,0,0.35,5.0882,8.3379,0.0,0,10,2,normal,,
EMP-301,2026-03-06,DEVICE_CONNECT|LOGIN|VPN_CONNECT|APPLICATION_ACCESS|APPLICATION_ACCESS|EMAIL_ACCESS|APPLICATION_ACCESS|APPLICATION_ACCESS|APPLICATION_ACCESS|FILE_ACCESS|APPLICATION_ACCESS|BREAK_START|BREAK_END|APPLICATION_ACCESS|APPLICATION_ACCESS|APPLICATION_ACCESS|APPLICATION_ACCESS|APPLICATION_ACCESS|APPLICATION_ACCESS|APPLICATION_ACCESS|APPLICATION_ACCESS|APPLICATION_ACCESS|VPN_DISCONNECT|LOGOUT,24,1,1,0.01,0,0,1,1,1,0.4625,0.15,0,5.3738,0,0.35,3.0938,7.6742,0.041666666666666664,0,15,2,normal,,
EMP-302,2026-03-09,DEVICE_CONNECT|LOGIN|VPN_CONNECT|APPLICATION_ACCESS|APPLICATION_ACCESS|APPLICATION_ACCESS|APPLICATION_ACCESS|EMAIL_ACCESS|APPLICATION_ACCESS|APPLICATION_ACCESS|APPLICATION_ACCESS|EMAIL_ACCESS|APPLICATION_ACCESS|APPLICATION_ACCESS|APPLICATION_ACCESS|APPLICATION_ACCESS|BREAK_START|BREAK_END|APPLICATION_ACCESS|APPLICATION_ACCESS|APPLICATION_ACCESS|APPLICATION_ACCESS|APPLICATION_ACCESS|EMAIL_ACCESS|MEETING_JOIN|APPLICATION_ACCESS|APPLICATION_ACCESS|APPLICATION_ACCESS|APPLICATION_ACCESS|MEETING_JOIN|MEETING_JOIN|APPLICATION_ACCESS|VPN_DISCONNECT|LOGOUT,34,1,1,0.015,0,0,1,1,1,0.4837,0.15,0,3.7018,0,0.35,3.9703,8.2409,0.0,0,21,2,normal,,
EMP-303,2026-03-08,DEVICE_CONNECT|LOGIN|APPLICATION_ACCESS|EMAIL_ACCESS|APPLICATION_ACCESS|APPLICATION_ACCESS|APPLICATION_ACCESS|APPLICATION_ACCESS|APPLICATION_ACCESS|APPLICATION_ACCESS|APPLICATION_ACCESS|APPLICATION_ACCESS|APPLICATION_ACCESS|BREAK_START|BREAK_END|APPLICATION_ACCESS|MEETING_JOIN|APPLICATION_ACCESS|APPLICATION_ACCESS|EMAIL_ACCESS|APPLICATION_ACCESS|APPLICATION_ACCESS|EMAIL_ACCESS|EMAIL_ACCESS|APPLICATION_ACCESS|APPLICATION_ACCESS|MEETING_JOIN|LOGOUT,28,1,1,0.02,0,0,1,1,1,0.5347,0.15,0,4.73,0,0.05,5.0056,8.759,0.0,0,17,2,normal,,
EMP-304,2026-03-06,DEVICE_CONNECT|LOGIN|APPLICATION_ACCESS|APPLICATION_ACCESS|EMAIL_ACCESS|APPLICATION_ACCESS|APPLICATION_ACCESS|EMAIL_ACCESS|APPLICATION_ACCESS|APPLICATION_ACCESS|EMAIL_ACCESS|EMAIL_ACCESS|EMAIL_ACCESS|APPLICATION_ACCESS|BREAK_START|BREAK_END|APPLICATION_ACCESS|APPLICATION_ACCESS|EMAIL_ACCESS|APPLICATION_ACCESS|EMAIL_ACCESS|APPLICATION_ACCESS|EMAIL_ACCESS|EMAIL_ACCESS|APPLICATION_ACCESS|APPLICATION_ACCESS|EMAIL_ACCESS|APPLICATION_ACCESS|APPLICATION_ACCESS|LOGOUT,30,1,1,0.01,0,0,1,1,1,0.5933,0.15,0,7.1198,0,0.05,2.8828,7.2601,0.0,0,15,2,normal,,
EMP-305,2026-03-06,DEVICE_CONNECT|LOGIN|VPN_CONNECT|APPLICATION_ACCESS|APPLICATION_ACCESS|APPLICATION_ACCESS|APPLICATION_ACCESS|MEETING_JOIN|EMAIL_ACCESS|MEETING_JOIN|MEETING_JOIN|BREAK_START|BREAK_END|APPLICATION_ACCESS|APPLICATION_ACCESS|APPLICATION_ACCESS|APPLICATION_ACCESS|APPLICATION_ACCESS|EMAIL_ACCESS|APPLICATION_ACCESS|APPLICATION_ACCESS|VPN_DISCONNECT|LOGOUT,23,1,1,0.015,0,0,1,1,1,0.4515,0.15,0,8.5147,0,0.35,4.4571,8.038,0.0,0,11,2,normal,,
EMP-306,2026-03-07,DEVICE_CONNECT|LOGIN|VPN_CONNECT|APPLICATION_ACCESS|APPLICATION_ACCESS|APPLICATION_ACCESS|MEETING_JOIN|EMAIL_ACCESS|APPLICATION_ACCESS|EMAIL_ACCESS|APPLICATION_ACCESS|BREAK_START|BREAK_END|APPLICATION_ACCESS|APPLICATION_ACCESS|APPLICATION_ACCESS|MEETING_JOIN|EMAIL_ACCESS|EMAIL_ACCESS|APPLICATION_ACCESS|APPLICATION_ACCESS|VPN_DISCONNECT|LOGOUT,23,1,1,0.02,0,0,1,1,1,0.5363,0.15,0,4.2305,0,0.35,5.5,8.2704,0.0,0,10,2,normal,,
EMP-307,2026-03-07,DEVICE_CONNECT|LOGIN|VPN_CONNECT|APPLICATION_ACCESS|EMAIL_ACCESS|APPLICATION_ACCESS|APPLICATION_ACCESS|APPLICATION_ACCESS|APPLICATION_ACCESS|APPLICATION_ACCESS|APPLICATION_ACCESS|APPLICATION_ACCESS|APPLICATION_ACCESS|APPLICATION_ACCESS|APPLICATION_ACCESS|APPLICATION_ACCESS|APPLICATION_ACCESS|EMAIL_ACCESS|APPLICATION_ACCESS|EMAIL_ACCESS|EMAIL_ACCESS|EMAIL_ACCESS|APPLICATION_ACCESS|APPLICATION_ACCESS|EMAIL_ACCESS|APPLICATION_ACCESS|EMAIL_ACCESS|APPLICATION_ACCESS|APPLICATION_ACCESS|EMAIL_ACCESS|EMAIL_ACCESS|APPLICATION_ACCESS|APPLICATION_ACCESS|APPLICATION_ACCESS|VPN_DISCONNECT|LOGOUT,36,1,1,0.01,0,0,1,1,1,0.5268,0.15,0,5.4138,0,0.35,3.4233,7.7471,0.0,0,22,2,normal,,
EMP-308,2026-03-07,DEVICE_CONNECT|LOGIN|APPLICATION_ACCESS|APPLICATION_ACCESS|APPLICATION_ACCESS|APPLICATION_ACCESS|APPLICATION_ACCESS|APPLICATION_ACCESS|APPLICATION_ACCESS|APPLICATION_ACCESS|EMAIL_ACCESS|APPLICATION_ACCESS|APPLICATION_ACCESS|EMAIL_ACCESS|EMAIL_ACCESS|APPLICATION_ACCESS|APPLICATION_ACCESS|APPLICATION_ACCESS|EMAIL_ACCESS|EMAIL_ACCESS|APPLICATION_ACCESS|LOGOUT,22,1,1,0.015,0,0,1,1,1,0.6435,0.15,0,6.6798,0,0.05,3.6408,7.6479,0.0,0,14,2,normal,,
EMP-309,2026-03-07,DEVICE_CONNECT|LOGIN|VPN_CONNECT|APPLICATION_ACCESS|APPLICATION_ACCESS|FILE_ACCESS|APPLICATION_ACCESS|APPLICATION_ACCESS|EMAIL_ACCESS|EMAIL_ACCESS|APPLICATION_ACCESS|APPLICATION_ACCESS|MEETING_JOIN|APPLICATION_ACCESS|BREAK_START|BREAK_END|EMAIL_ACCESS|EMAIL_ACCESS|APPLICATION_ACCESS|EMAIL_ACCESS|APPLICATION_ACCESS|APPLICATION_ACCESS|APPLICATION_ACCESS|MEETING_JOIN|APPLICATION_ACCESS|APPLICATION_ACCESS|FILE_ACCESS|APPLICATION_ACCESS|VPN_DISCONNECT|LOGOUT,30,1,1,0.02,0,0,1,1,1,0.4148,0.15,0,5.9514,0,0.35,4.7603,8.6482,0.06666666666666667,0,14,2,normal,,
EMP-310,2026-03-07,DEVICE_CONNECT|LOGIN|VPN_CONNECT|APPLICATION_ACCESS|APPLICATION_ACCESS|APPLICATION_ACCESS|APPLICATION_ACCESS|RESOURCE_ACCESS|APPLICATION_ACCESS|APPLICATION_ACCESS|RESOURCE_ACCESS|RESOURCE_ACCESS|RESOURCE_ACCESS|RESOURCE_ACCESS|BREAK_START|BREAK_END|RESOURCE_ACCESS|APPLICATION_ACCESS|APPLICATION_ACCESS|APPLICATION_ACCESS|EMAIL_ACCESS|APPLICATION_ACCESS|RESOURCE_ACCESS|APPLICATION_ACCESS|APPLICATION_ACCESS|RESOURCE_ACCESS|EMAIL_ACCESS|VPN_DISCONNECT|LOGOUT,29,1,1,0.01,0,0,1,1,1,0.491,0.15,0,9.0806,0,0.35,3.1607,7.8289,0.0,0,12,2,normal,,
EMP-311,2026-03-09,DEVICE_CONNECT|LOGIN|APPLICATION_ACCESS|APPLICATION_ACCESS|APPLICATION_ACCESS|APPLICATION_ACCESS|EMAIL_ACCESS|APPLICATION_ACCESS|APPLICATION_ACCESS|APPLICATION_ACCESS|EMAIL_ACCESS|APPLICATION_ACCESS|APPLICATION_ACCESS|APPLICATION_ACCESS|APPLICATION_ACCESS|APPLICATION_ACCESS|APPLICATION_ACCESS|BREAK_START|BREAK_END|EMAIL_ACCESS|EMAIL_ACCESS|EMAIL_ACCESS|APPLICATION_ACCESS|APPLICATION_ACCESS|APPLICATION_ACCESS|APPLICATION_ACCESS|APPLICATION_ACCESS|APPLICATION_ACCESS|APPLICATION_ACCESS|APPLICATION_ACCESS|EMAIL_ACCESS|APPLICATION_ACCESS|APPLICATION_ACCESS|EMAIL_ACCESS|LOGOUT,35,1,1,0.015,0,0,1,1,1,0.5267,0.15,0,3.3611,0,0.05,4.2242,7.7285,0.0,0,23,2,normal,,
EMP-312,2026-03-08,DEVICE_CONNECT|LOGIN|VPN_CONNECT|APPLICATION_ACCESS|APPLICATION_ACCESS|MEETING_JOIN|APPLICATION_ACCESS|FILE_ACCESS|MEETING_JOIN|APPLICATION_ACCESS|APPLICATION_ACCESS|MEETING_JOIN|APPLICATION_ACCESS|FILE_ACCESS|APPLICATION_ACCESS|APPLICATION_ACCESS|APPLICATION_ACCESS|BREAK_START|BREAK_END|APPLICATION_ACCESS|MEETING_JOIN|APPLICATION_ACCESS|MEETING_JOIN|APPLICATION_ACCESS|MEETING_JOIN|APPLICATION_ACCESS|APPLICATION_ACCESS|APPLICATION_ACCESS|APPLICATION_ACCESS|FILE_ACCESS|EMAIL_ACCESS|APPLICATION_ACCESS|APPLICATION_ACCESS|APPLICATION_ACCESS|VPN_DISCONNECT|LOGOUT,36,1,1,0.02,0,0,1,1,1,0.5906,0.15,0,3.8407,0,0.35,4.6947,8.2535,0.08333333333333333,0,19,3,normal,,
EMP-313,2026-03-10,DEVICE_CONNECT|LOGIN|VPN_CONNECT|APPLICATION_ACCESS|RESOURCE_ACCESS|APPLICATION_ACCESS|APPLICATION_ACCESS|RESOURCE_ACCESS|RESOURCE_ACCESS|APPLICATION_ACCESS|APPLICATION_ACCESS|APPLICATION_ACCESS|APPLICATION_ACCESS|APPLICATION_ACCESS|BREAK_START|BREAK_END|RESOURCE_ACCESS|APPLICATION_ACCESS|EMAIL_ACCESS|APPLICATION_ACCESS|APPLICATION_ACCESS|APPLICATION_ACCESS|MEETING_JOIN|APPLICATION_ACCESS|EMAIL_ACCESS|MEETING_JOIN|MEETING_JOIN|VPN_DISCONNECT|LOGOUT,29,1,1,0.01,0,0,1,1,1,0.4464,0.15,0,6.1795,0,0.35,3.1763,7.4489,0.0,0,13,2,normal,,
EMP-314,2026-03-08,DEVICE_CONNECT|LOGIN|VPN_CONNECT|APPLICATION_ACCESS|EMAIL_ACCESS|APPLICATION_ACCESS|APPLICATION_ACCESS|APPLICATION_ACCESS|EMAIL_ACCESS|APPLICATION_ACCESS|APPLICATION_ACCESS|APPLICATION_ACCESS|APPLICATION_ACCESS|APPLICATION_ACCESS|BREAK_START|BREAK_END|APPLICATION_ACCESS|APPLICATION_ACCESS|EMAIL_ACCESS|EMAIL_ACCESS|EMAIL_ACCESS|APPLICATION_ACCESS|APPLICATION_ACCESS|EMAIL_ACCESS|APPLICATION_ACCESS|APPLICATION_ACCESS|EMAIL_ACCESS|VPN_DISCONNECT|LOGOUT,29,1,1,0.015,0,0,1,1,1,0.4702,0.15,0,6.3181,0,0.35,4.3476,7.6233,0.0,0,15,2,normal,,
EMP-315,2026-03-07,DEVICE_CONNECT|LOGIN|RESOURCE_ACCESS|APPLICATION_ACCESS|RESOURCE_ACCESS|RESOURCE_ACCESS|RESOURCE_ACCESS|MEETING_JOIN|RESOURCE_ACCESS|EMAIL_ACCESS|MEETING_JOIN|RESOURCE_ACCESS|RESOURCE_ACCESS|BREAK_START|BREAK_END|MEETING_JOIN|APPLICATION_ACCESS|EMAIL_ACCESS|MEETING_JOIN|RESOURCE_ACCESS|APPLICATION_ACCESS|RESOURCE_ACCESS|APPLICATION_ACCESS|EMAIL_ACCESS|APPLICATION_ACCESS|APPLICATION_ACCESS|RESOURCE_ACCESS|LOGOUT,28,1,1,0.02,0,0,1,1,1,0.5659,0.15,0,7.028,0,0.05,5.5,8.782,0.0,0,6,2,normal,,
EMP-316,2026-03-08,DEVICE_CONNECT|LOGIN|VPN_CONNECT|APPLICATION_ACCESS|APPLICATION_ACCESS|APPLICATION_ACCESS|RESOURCE_ACCESS|MEETING_JOIN|RESOURCE_ACCESS|MEETING_JOIN|RESOURCE_ACCESS|RESOURCE_ACCESS|RESOURCE_ACCESS|RESOURCE_ACCESS|APPLICATION_ACCESS|APPLICATION_ACCESS|BREAK_START|BREAK_END|RESOURCE_ACCESS|RESOURCE_ACCESS|RESOURCE_ACCESS|EMAIL_ACCESS|RESOURCE_ACCESS|EMAIL_ACCESS|RESOURCE_ACCESS|EMAIL_ACCESS|EMAIL_ACCESS|APPLICATION_ACCESS|APPLICATION_ACCESS|RESOURCE_ACCESS|APPLICATION_ACCESS|VPN_DISCONNECT|LOGOUT,33,1,1,0.01,0,0,1,1,1,0.6282,0.15,0,2.666,0,0.35,2.7767,7.8172,0.0,0,8,2,normal,,
EMP-317,2026-03-10,DEVICE_CONNECT|LOGIN|EMAIL_ACCESS|APPLICATION_ACCESS|APPLICATION_ACCESS|EMAIL_ACCESS|APPLICATION_ACCESS|APPLICATION_ACCESS|APPLICATION_ACCESS|APPLICATION_ACCESS|APPLICATION_ACCESS|APPLICATION_ACCESS|APPLICATION_ACCESS|EMAIL_ACCESS|APPLICATION_ACCESS|EMAIL_ACCESS|BREAK_START|BREAK_END|APPLICATION_ACCESS|APPLICATION_ACCESS|APPLICATION_ACCESS|APPLICATION_ACCESS|APPLICATION_ACCESS|APPLICATION_ACCESS|APPLICATION_ACCESS|EMAIL_ACCESS|APPLICATION_ACCESS|APPLICATION_ACCESS|APPLICATION_ACCESS|APPLICATION_ACCESS|APPLICATION_ACCESS|EMAIL_ACCESS|LOGOUT,33,1,1,0.015,0,0,1,1,1,0.4867,0.15,0,6.2017,0,0.05,3.8361,7.9256,0.0,0,22,2,normal,,
EMP-318,2026-03-06,DEVICE_CONNECT|LOGIN|EMAIL_ACCESS|APPLICATION_ACCESS|APPLICATION_ACCESS|EMAIL_ACCESS|EMAIL_ACCESS|EMAIL_ACCESS|EMAIL_ACCESS|EMAIL_ACCESS|EMAIL_ACCESS|APPLICATION_ACCESS|BREAK_START|BREAK_END|APPLICATION_ACCESS|EMAIL_ACCESS|APPLICATION_ACCESS|APPLICATION_ACCESS|APPLICATION_ACCESS|APPLICATION_ACCESS|APPLICATION_ACCESS|APPLICATION_ACCESS|APPLICATION_ACCESS|APPLICATION_ACCESS|LOGOUT,25,1,1,0.02,0,0,1,1,1,0.4897,0.15,0,7.0194,0,0.05,4.6832,8.7742,0.0,0,12,2,normal,,
EMP-319,2026-03-06,DEVICE_CONNECT|LOGIN|RESOURCE_ACCESS|APPLICATION_ACCESS|MEETING_JOIN|APPLICATION_ACCESS|APPLICATION_ACCESS|APPLICATION_ACCESS|RESOURCE_ACCESS|RESOURCE_ACCESS|RESOURCE_ACCESS|RESOURCE_ACCESS|APPLICATION_ACCESS|MEETING_JOIN|APPLICATION_ACCESS|APPLICATION_ACCESS|EMAIL_ACCESS|RESOURCE_ACCESS|BREAK_START|BREAK_END|APPLICATION_ACCESS|RESOURCE_ACCESS|APPLICATION_ACCESS|EMAIL_ACCESS|RESOURCE_ACCESS|RESOURCE_ACCESS|RESOURCE_ACCESS|APPLICATION_ACCESS|APPLICATION_ACCESS|APPLICATION_ACCESS|APPLICATION_ACCESS|MEETING_JOIN|APPLICATION_ACCESS|APPLICATION_ACCESS|EMAIL_ACCESS|RESOURCE_ACCESS|LOGOUT,37,1,1,0.01,0,0,1,1,1,0.5734,0.15,0,8.2988,0,0.05,3.3948,7.5176,0.0,0,15,2,normal,,
EMP-320,2026-03-08,DEVICE_CONNECT|LOGIN|APPLICATION_ACCESS|APPLICATION_ACCESS|APPLICATION_ACCESS|APPLICATION_ACCESS|APPLICATION_ACCESS|APPLICATION_ACCESS|APPLICATION_ACCESS|APPLICATION_ACCESS|APPLICATION_ACCESS|APPLICATION_ACCESS|APPLICATION_ACCESS|EMAIL_ACCESS|APPLICATION_ACCESS|APPLICATION_ACCESS|APPLICATION_ACCESS|APPLICATION_ACCESS|APPLICATION_ACCESS|EMAIL_ACCESS|APPLICATION_ACCESS|APPLICATION_ACCESS|APPLICATION_ACCESS|EMAIL_ACCESS|APPLICATION_ACCESS|LOGOUT,26,1,1,0.015,0,0,1,1,1,0.5752,0.15,0,9.1537,0,0.05,3.5467,7.7905,0.0,0,20,2,normal,,
EMP-321,2026-03-09,DEVICE_CONNECT|LOGIN|APPLICATION_ACCESS|APPLICATION_ACCESS|APPLICATION_ACCESS|EMAIL_ACCESS|APPLICATION_ACCESS|APPLICATION_ACCESS|APPLICATION_ACCESS|MEETING_JOIN|BREAK_START|BREAK_END|APPLICATION_ACCESS|APPLICATION_ACCESS|APPLICATION_ACCESS|APPLICATION_ACCESS|MEETING_JOIN|APPLICATION_ACCESS|EMAIL_ACCESS|APPLICATION_ACCESS|LOGOUT,21,1,1,0.02,0,0,1,1,1,0.4329,0.15,0,4.253,0,0.05,5.298,8.412,0.0,0,12,2,normal,,
EMP-322,2026-03-08,DEVICE_CONNECT|LOGIN|VPN_CONNECT|APPLICATION_ACCESS|APPLICATION_ACCESS|APPLICATION_ACCESS|APPLICATION_ACCESS|APPLICATION_ACCESS|APPLICATION_ACCESS|APPLICATION_ACCESS|EMAIL_ACCESS|EMAIL_ACCESS|EMAIL_ACCESS|APPLICATION_ACCESS|APPLICATION_ACCESS|APPLICATION_ACCESS|APPLICATION_ACCESS|APPLICATION_ACCESS|APPLICATION_ACCESS|VPN_DISCONNECT|LOGOUT,21,1,1,0.01,0,0,1,1,1,0.5436,0.15,0,4.154,0,0.35,2.6569,7.1855,0.0,0,13,2,normal,,
EMP-323,2026-03-08,DEVICE_CONNECT|LOGIN|VPN_CONNECT|APPLICATION_ACCESS|APPLICATION_ACCESS|APPLICATION_ACCESS|APPLICATION_ACCESS|EMAIL_ACCESS|APPLICATION_ACCESS|APPLICATION_ACCESS|APPLICATION_ACCESS|BREAK_START|BREAK_END|EMAIL_ACCESS|APPLICATION_ACCESS|APPLICATION_ACCESS|APPLICATION_ACCESS|EMAIL_ACCESS|APPLICATION_ACCESS|APPLICATION_ACCESS|EMAIL_ACCESS|VPN_DISCONNECT|LOGOUT,23,1,1,0.015,0,0,1,1,1,0.5439,0.15,0,5.2629,0,0.35,3.9884,8.0716,0.0,0,12,2,normal,,
EMP-324,2026-03-09,DEVICE_CONNECT|LOGIN|APPLICATION_ACCESS|RESOURCE_ACCESS|RESOURCE_ACCESS|MEETING_JOIN|RESOURCE_ACCESS|APPLICATION_ACCESS|RESOURCE_ACCESS|APPLICATION_ACCESS|EMAIL_ACCESS|MEETING_JOIN|RESOURCE_ACCESS|RESOURCE_ACCESS|RESOURCE_ACCESS|APPLICATION_ACCESS|BREAK_START|BREAK_END|APPLICATION_ACCESS|EMAIL_ACCESS|APPLICATION_ACCESS|APPLICATION_ACCESS|EMAIL_ACCESS|APPLICATION_ACCESS|RESOURCE_ACCESS|RESOURCE_ACCESS|EMAIL_ACCESS|EMAIL_ACCESS|RESOURCE_ACCESS|RESOURCE_ACCESS|RESOURCE_ACCESS|EMAIL_ACCESS|RESOURCE_ACCESS|LOGOUT,34,1,1,0.02,0,0,1,1,1,0.62,0.15,0,5.8389,0,0.05,4.9698,8.5366,0.0,0,8,2,normal,,
EMP-325,2026-03-08,DEVICE_CONNECT|LOGIN|VPN_CONNECT|APPLICATION_ACCESS|APPLICATION_ACCESS|APPLICATION_ACCESS|APPLICATION_ACCESS|APPLICATION_ACCESS|MEETING_JOIN|APPLICATION_ACCESS|APPLICATION_ACCESS|BREAK_START|BREAK_END|APPLICATION_ACCESS|APPLICATION_ACCESS|MEETING_JOIN|APPLICATION_ACCESS|MEETING_JOIN|APPLICATION_ACCESS|APPLICATION_ACCESS|APPLICATION_ACCESS|VPN_DISCONNECT|LOGOUT,23,1,1,0.01,0,0,1,1,1,0.4963,0.15,0,9.1383,0,0.35,2.8356,7.8496,0.0,0,13,2,normal,,
EMP-326,2026-03-10,DEVICE_CONNECT|LOGIN|VPN_CONNECT|APPLICATION_ACCESS|APPLICATION_ACCESS|EMAIL_ACCESS|APPLICATION_ACCESS|APPLICATION_ACCESS|APPLICATION_ACCESS|APPLICATION_ACCESS|APPLICATION_ACCESS|APPLICATION_ACCESS|APPLICATION_ACCESS|APPLICATION_ACCESS|APPLICATION_ACCESS|APPLICATION_ACCESS|APPLICATION_ACCESS|APPLICATION_ACCESS|APPLICATION_ACCESS|APPLICATION_ACCESS|APPLICATION_ACCESS|EMAIL_ACCESS|APPLICATION_ACCESS|APPLICATION_ACCESS|APPLICATION_ACCESS|APPLICATION_ACCESS|VPN_DISCONNECT|LOGOUT,28,1,1,0.015,0,0,1,1,1,0.5321,0.15,0,2.5632,0,0.35,4.127,8.3734,0.0,0,21,2,normal,,
EMP-327,2026-03-08,DEVICE_CONNECT|LOGIN|APPLICATION_ACCESS|APPLICATION_ACCESS|APPLICATION_ACCESS|APPLICATION_ACCESS|APPLICATION_ACCESS|APPLICATION_ACCESS|EMAIL_ACCESS|EMAIL_ACCESS|APPLICATION_ACCESS|APPLICATION_ACCESS|APPLICATION_ACCESS|APPLICATION_ACCESS|BREAK_START|BREAK_END|EMAIL_ACCESS|EMAIL_ACCESS|APPLICATION_ACCESS|APPLICATION_ACCESS|APPLICATION_ACCESS|APPLICATION_ACCESS|APPLICATION_ACCESS|APPLICATION_ACCESS|APPLICATION_ACCESS|APPLICATION_ACCESS|APPLICATION_ACCESS|EMAIL_ACCESS|APPLICATION_ACCESS|LOGOUT,30,1,1,0.02,0,0,1,1,1,0.5691,0.15,0,5.8664,0,0.05,5.0633,8.2917,0.0,0,20,2,normal,,
EMP-328,2026-03-06,DEVICE_CONNECT|LOGIN|APPLICATION_ACCESS|APPLICATION_ACCESS|APPLICATION_ACCESS|EMAIL_ACCESS|APPLICATION_ACCESS|APPLICATION_ACCESS|FILE_ACCESS|APPLICATION_ACCESS|APPLICATION_ACCESS|APPLICATION_ACCESS|APPLICATION_ACCESS|APPLICATION_ACCESS|BREAK_START|BREAK_END|APPLICATION_ACCESS|EMAIL_ACCESS|APPLICATION_ACCESS|APPLICATION_ACCESS|APPLICATION_ACCESS|APPLICATION_ACCESS|APPLICATION_ACCESS|EMAIL_ACCESS|EMAIL_ACCESS|APPLICATION_ACCESS|EMAIL_ACCESS|APPLICATION_ACCESS|LOGOUT,29,1,1,0.01,0,0,1,1,1,0.6139,0.15,0,6.6019,0,0.05,3.2223,7.8225,0.034482758620689655,0,18,2,normal,,
EMP-329,2026-03-07,DEVICE_CONNECT|LOGIN|VPN_CONNECT|RESOURCE_ACCESS|RESOURCE_ACCESS|APPLICATION_ACCESS|EMAIL_ACCESS|RESOURCE_ACCESS|RESOURCE_ACCESS|EMAIL_ACCESS|EMAIL_ACCESS|APPLICATION_ACCESS|MEETING_JOIN|APPLICATION_ACCESS|RESOURCE_ACCESS|RESOURCE_ACCESS|APPLICATION_ACCESS|APPLICATION_ACCESS|BREAK_START|BREAK_END|APPLICATION_ACCESS|RESOURCE_ACCESS|RESOURCE_ACCESS|EMAIL_ACCESS|APPLICATION_ACCESS|RESOURCE_ACCESS|RESOURCE_ACCESS|EMAIL_ACCESS|APPLICATION_ACCESS|APPLICATION_ACCESS|RESOURCE_ACCESS|APPLICATION_ACCESS|APPLICATION_ACCESS|RESOURCE_ACCESS|APPLICATION_ACCESS|MEETING_JOIN|VPN_DISCONNECT|LOGOUT,38,1,1,0.015,0,0,1,1,1,0.4867,0.15,0,8.0729,0,0.35,4.4917,7.9108,0.0,0,12,2,normal,,
EMP-330,2026-03-09,DEVICE_CONNECT|LOGIN|VPN_CONNECT|EMAIL_ACCESS|EMAIL_ACCESS|APPLICATION_ACCESS|APPLICATION_ACCESS|APPLICATION_ACCESS|APPLICATION_ACCESS|APPLICATION_ACCESS|APPLICATION_ACCESS|APPLICATION_ACCESS|APPLICATION_ACCESS|APPLICATION_ACCESS|EMAIL_ACCESS|EMAIL_ACCESS|APPLICATION_ACCESS|APPLICATION_ACCESS|APPLICATION_ACCESS|APPLICATION_ACCESS|EMAIL_ACCESS|APPLICATION_ACCESS|APPLICATION_ACCESS|EMAIL_ACCESS|APPLICATION_ACCESS|APPLICATION_ACCESS|APPLICATION_ACCESS|APPLICATION_ACCESS|APPLICATION_ACCESS|APPLICATION_ACCESS|VPN_DISCONNECT|LOGOUT,32,1,1,0.02,0,0,1,1,1,0.5428,0.15,0,9.2538,0,0.35,5.5,8.3407,0.0,0,21,2,normal,,
EMP-331,2026-03-08,DEVICE_CONNECT|LOGIN|VPN_CONNECT|APPLICATION_ACCESS|MEETING_JOIN|APPLICATION_ACCESS|APPLICATION_ACCESS|APPLICATION_ACCESS|MEETING_JOIN|APPLICATION_ACCESS|APPLICATION_ACCESS|APPLICATION_ACCESS|APPLICATION_ACCESS|EMAIL_ACCESS|APPLICATION_ACCESS|BREAK_START|BREAK_END|EMAIL_ACCESS|APPLICATION_ACCESS|APPLICATION_ACCESS|MEETING_JOIN|APPLICATION_ACCESS|MEETING_JOIN|APPLICATION_ACCESS|EMAIL_ACCESS|APPLICATION_ACCESS|MEETING_JOIN|APPLICATION_ACCESS|EMAIL_ACCESS|VPN_DISCONNECT|LOGOUT,31,1,1,0.01,0,0,1,1,1,0.5297,0.15,0,5.0783,0,0.35,2.9266,7.2282,0.0,0,15,2,normal,,
EMP-332,2026-03-10,DEVICE_CONNECT|LOGIN|VPN_CONNECT|APPLICATION_ACCESS|APPLICATION_ACCESS|EMAIL_ACCESS|EMAIL_ACCESS|APPLICATION_ACCESS|APPLICATION_ACCESS|EMAIL_ACCESS|MEETING_JOIN|BREAK_START|BREAK_END|EMAIL_ACCESS|APPLICATION_ACCESS|APPLICATION_ACCESS|APPLICATION_ACCESS|MEETING_JOIN|EMAIL_ACCESS|EMAIL_ACCESS|APPLICATION_ACCESS|APPLICATION_ACCESS|VPN_DISCONNECT|LOGOUT,24,1,1,0.015,0,0,1,1,1,0.6379,0.15,0,5.8002,0,0.35,3.4407,7.925,0.0,0,9,2,normal,,
EMP-333,2026-03-08,DEVICE_CONNECT|LOGIN|VPN_CONNECT|APPLICATION_ACCESS|APPLICATION_ACCESS|APPLICATION_ACCESS|FILE_ACCESS|EMAIL_ACCESS|EMAIL_ACCESS|EMAIL_ACCESS|APPLICATION_ACCESS|APPLICATION_ACCESS|APPLICATION_ACCESS|EMAIL_ACCESS|APPLICATION_ACCESS|EMAIL_ACCESS|BREAK_START|BREAK_END|APPLICATION_ACCESS|APPLICATION_ACCESS|APPLICATION_ACCESS|MEETING_JOIN|APPLICATION_ACCESS|EMAIL_ACCESS|EMAIL_ACCESS|EMAIL_ACCESS|APPLICATION_ACCESS|EMAIL_ACCESS|APPLICATION_ACCESS|APPLICATION_ACCESS|APPLICATION_ACCESS|VPN_DISCONNECT|LOGOUT,33,1,1,0.02,0,0,1,1,1,0.4823,0.15,0,7.3215,0,0.35,4.8956,8.4769,0.030303030303030304,0,15,2,normal,,
EMP-334,2026-03-08,DEVICE_CONNECT|LOGIN|VPN_CONNECT|APPLICATION_ACCESS|APPLICATION_ACCESS|APPLICATION_ACCESS|APPLICATION_ACCESS|EMAIL_ACCESS|APPLICATION_ACCESS|APPLICATION_ACCESS|APPLICATION_ACCESS|MEETING_JOIN|APPLICATION_ACCESS|APPLICATION_ACCESS|MEETING_JOIN|APPLICATION_ACCESS|APPLICATION_ACCESS|BREAK_START|BREAK_END|MEETING_JOIN|APPLICATION_ACCESS|APPLICATION_ACCESS|APPLICATION_ACCESS|MEETING_JOIN|APPLICATION_ACCESS|EMAIL_ACCESS|APPLICATION_ACCESS|APPLICATION_ACCESS|APPLICATION_ACCESS|APPLICATION_ACCESS|APPLICATION_ACCESS|APPLICATION_ACCESS|APPLICATION_ACCESS|APPLICATION_ACCESS|VPN_DISCONNECT|LOGOUT,36,1,1,0.01,0,0,1,1,1,0.5217,0.15,0,8.1303,0,0.35,3.3893,7.7562,0.0,0,23,2,normal,,
EMP-335,2026-03-08,DEVICE_CONNECT|LOGIN|APPLICATION_ACCESS|APPLICATION_ACCESS|APPLICATION_ACCESS|APPLICATION_ACCESS|APPLICATION_ACCESS|EMAIL_ACCESS|EMAIL_ACCESS|APPLICATION_ACCESS|APPLICATION_ACCESS|APPLICATION_ACCESS|APPLICATION_ACCESS|EMAIL_ACCESS|APPLICATION_ACCESS|APPLICATION_ACCESS|APPLICATION_ACCESS|APPLICATION_ACCESS|APPLICATION_ACCESS|APPLICATION_ACCESS|APPLICATION_ACCESS|APPLICATION_ACCESS|APPLICATION_ACCESS|APPLICATION_ACCESS|APPLICATION_ACCESS|APPLICATION_ACCESS|APPLICATION_ACCESS|LOGOUT,28,1,1,0.015,0,0,1,1,1,0.5506,0.15,0,7.5556,0,0.05,4.3761,8.0817,0.0,0,22,2,normal,,
EMP-336,2026-03-07,DEVICE_CONNECT|LOGIN|APPLICATION_ACCESS|APPLICATION_ACCESS|APPLICATION_ACCESS|APPLICATION_ACCESS|APPLICATION_ACCESS|APPLICATION_ACCESS|APPLICATION_ACCESS|MEETING_JOIN|MEETING_JOIN|MEETING_JOIN|APPLICATION_ACCESS|APPLICATION_ACCESS|APPLICATION_ACCESS|BREAK_START|BREAK_END|EMAIL_ACCESS|APPLICATION_ACCESS|APPLICATION_ACCESS|APPLICATION_ACCESS|APPLICATION_ACCESS|APPLICATION_ACCESS|APPLICATION_ACCESS|APPLICATION_ACCESS|APPLICATION_ACCESS|APPLICATION_ACCESS|EMAIL_ACCESS|APPLICATION_ACCESS|APPLICATION_ACCESS|APPLICATION_ACCESS|LOGOUT,32,1,1,0.02,0,0,1,1,1,0.5953,0.15,0,2.5821,0,0.05,5.1699,8.1417,0.0,0,22,2,normal,,
EMP-337,2026-03-08,DEVICE_CONNECT|LOGIN|VPN_CONNECT|EMAIL_ACCESS|APPLICATION_ACCESS|APPLICATION_ACCESS|EMAIL_ACCESS|EMAIL_ACCESS|APPLICATION_ACCESS|APPLICATION_ACCESS|APPLICATION_ACCESS|APPLICATION_ACCESS|APPLICATION_ACCESS|APPLICATION_ACCESS|APPLICATION_ACCESS|APPLICATION_ACCESS|APPLICATION_ACCESS|EMAIL_ACCESS|APPLICATION_ACCESS|APPLICATION_ACCESS|VPN_DISCONNECT|LOGOUT,22,1,1,0.01,0,0,1,1,1,0.4791,0.15,0,3.9083,0,0.35,3.154,7.4205,0.0,0,13,2,normal,,
EMP-338,2026-03-09,DEVICE_CONNECT|LOGIN|VPN_CONNECT|APPLICATION_ACCESS|APPLICATION_ACCESS|MEETING_JOIN|FILE_ACCESS|APPLICATION_ACCESS|APPLICATION_ACCESS|APPLICATION_ACCESS|APPLICATION_ACCESS|EMAIL_ACCESS|EMAIL_ACCESS|MEETING_JOIN|EMAIL_ACCESS|BREAK_START|BREAK_END|APPLICATION_ACCESS|APPLICATION_ACCESS|APPLICATION_ACCESS|MEETING_JOIN|APPLICATION_ACCESS|EMAIL_ACCESS|APPLICATION_ACCESS|APPLICATION_ACCESS|EMAIL_ACCESS|APPLICATION_ACCESS|APPLICATION_ACCESS|EMAIL_ACCESS|VPN_DISCONNECT|LOGOUT,31,1,1,0.015,0,0,1,1,1,0.5076,0.15,0,4.8325,0,0.35,4.2563,7.7997,0.03225806451612903,0,14,2,normal,,
EMP-339,2026-03-07,DEVICE_CONNECT|LOGIN|VPN_CONNECT|APPLICATION_ACCESS|APPLICATION_ACCESS|APPLICATION_ACCESS|RESOURCE_ACCESS|RESOURCE_ACCESS|APPLICATION_ACCESS|MEETING_JOIN|APPLICATION_ACCESS|APPLICATION_ACCESS|RESOURCE_ACCESS|APPLICATION_ACCESS|RESOURCE_ACCESS|RESOURCE_ACCESS|APPLICATION_ACCESS|APPLICATION_ACCESS|BREAK_START|BREAK_END|APPLICATION_ACCESS|APPLICATION_ACCESS|RESOURCE_ACCESS|MEETING_JOIN|RESOURCE_ACCESS|APPLICATION_ACCESS|RESOURCE_ACCESS|RESOURCE_ACCESS|MEETING_JOIN|EMAIL_ACCESS|APPLICATION_ACCESS|APPLICATION_ACCESS|APPLICATION_ACCESS|APPLICATION_ACCESS|APPLICATION_ACCESS|RESOURCE_ACCESS|VPN_DISCONNECT|LOGOUT,38,1,1,0.02,0,0,1,1,1,0.5847,0.15,0,7.5573,0,0.35,4.7833,8.7341,0.0,0,17,2,normal,,
EMP-340,2026-03-08,DEVICE_CONNECT|LOGIN|VPN_CONNECT|APPLICATION_ACCESS|APPLICATION_ACCESS|APPLICATION_ACCESS|APPLICATION_ACCESS|APPLICATION_ACCESS|MEETING_JOIN|APPLICATION_ACCESS|APPLICATION_ACCESS|EMAIL_ACCESS|APPLICATION_ACCESS|EMAIL_ACCESS|APPLICATION_ACCESS|APPLICATION_ACCESS|APPLICATION_ACCESS|APPLICATION_ACCESS|BREAK_START|BREAK_END|APPLICATION_ACCESS|APPLICATION_ACCESS|MEETING_JOIN|APPLICATION_ACCESS|EMAIL_ACCESS|APPLICATION_ACCESS|APPLICATION_ACCESS|APPLICATION_ACCESS|APPLICATION_ACCESS|APPLICATION_ACCESS|APPLICATION_ACCESS|APPLICATION_ACCESS|APPLICATION_ACCESS|APPLICATION_ACCESS|EMAIL_ACCESS|EMAIL_ACCESS|VPN_DISCONNECT|LOGOUT,38,1,1,0.01,0,0,1,1,1,0.6374,0.15,0,6.9005,0,0.35,3.1116,7.2388,0.0,0,24,2,normal,,
EMP-341,2026-03-07,DEVICE_CONNECT|LOGIN|VPN_CONNECT|APPLICATION_ACCESS|EMAIL_ACCESS|EMAIL_ACCESS|APPLICATION_ACCESS|APPLICATION_ACCESS|APPLICATION_ACCESS|APPLICATION_ACCESS|APPLICATION_ACCESS|APPLICATION_ACCESS|APPLICATION_ACCESS|BREAK_START|BREAK_END|APPLICATION_ACCESS|APPLICATION_ACCESS|APPLICATION_ACCESS|APPLICATION_ACCESS|APPLICATION_ACCESS|APPLICATION_ACCESS|APPLICATION_ACCESS|EMAIL_ACCESS|APPLICATION_ACCESS|APPLICATION_ACCESS|VPN_DISCONNECT|LOGOUT,27,1,1,0.015,0,0,1,1,1,0.48,0.15,0,3.096,0,0.35,3.6183,7.9316,0.0,0,17,2,normal,,
EMP-342,2026-03-06,DEVICE_CONNECT|LOGIN|VPN_CONNECT|EMAIL_ACCESS|APPLICATION_ACCESS|APPLICATION_ACCESS|APPLICATION_ACCESS|APPLICATION_ACCESS|APPLICATION_ACCESS|APPLICATION_ACCESS|APPLICATION_ACCESS|APPLICATION_ACCESS|APPLICATION_ACCESS|FILE_ACCESS|APPLICATION_ACCESS|BREAK_START|BREAK_END|EMAIL_ACCESS|APPLICATION_ACCESS|APPLICATION_ACCESS|EMAIL_ACCESS|FILE_ACCESS|EMAIL_ACCESS|EMAIL_ACCESS|APPLICATION_ACCESS|FILE_ACCESS|EMAIL_ACCESS|EMAIL_ACCESS|APPLICATION_ACCESS|VPN_DISCONNECT|LOGOUT,31,1,1,0.02,0,0,1,1,1,0.5445,0.15,0,6.153,0,0.35,5.5,8.2796,0.0967741935483871,0,14,3,normal,,
EMP-343,2026-03-09,DEVICE_CONNECT|LOGIN|VPN_CONNECT|RESOURCE_ACCESS|RESOURCE_ACCESS|APPLICATION_ACCESS|RESOURCE_ACCESS|RESOURCE_ACCESS|APPLICATION_ACCESS|RESOURCE_ACCESS|RESOURCE_ACCESS|RESOURCE_ACCESS|RESOURCE_ACCESS|MEETING_JOIN|RESOURCE_ACCESS|RESOURCE_ACCESS|RESOURCE_ACCESS|EMAIL_ACCESS|BREAK_START|BREAK_END|RESOURCE_ACCESS|EMAIL_ACCESS|EMAIL_ACCESS|RESOURCE_ACCESS|APPLICATION_ACCESS|RESOURCE_ACCESS|MEETING_JOIN|MEETING_JOIN|RESOURCE_ACCESS|RESOURCE_ACCESS|EMAIL_ACCESS|RESOURCE_ACCESS|APPLICATION_ACCESS|RESOURCE_ACCESS|RESOURCE_ACCESS|APPLICATION_ACCESS|VPN_DISCONNECT|LOGOUT,38,1,1,0.01,0,0,1,1,1,0.5647,0.15,0,6.3799,0,0.35,3.569,7.8255,0.0,0,5,2,normal,,
EMP-344,2026-03-06,DEVICE_CONNECT|LOGIN|VPN_CONNECT|APPLICATION_ACCESS|APPLICATION_ACCESS|APPLICATION_ACCESS|APPLICATION_ACCESS|APPLICATION_ACCESS|APPLICATION_ACCESS|APPLICATION_ACCESS|EMAIL_ACCESS|BREAK_START|BREAK_END|MEETING_JOIN|APPLICATION_ACCESS|APPLICATION_ACCESS|APPLICATION_ACCESS|APPLICATION_ACCESS|APPLICATION_ACCESS|APPLICATION_ACCESS|APPLICATION_ACCESS|VPN_DISCONNECT|LOGOUT,23,1,1,0.015,0,0,1,1,1,0.5762,0.15,0,8.0555,0,0.35,4.1416,7.6398,0.0,0,14,2,normal,,
EMP-345,2026-03-10,DEVICE_CONNECT|LOGIN|VPN_CONNECT|APPLICATION_ACCESS|APPLICATION_ACCESS|APPLICATION_ACCESS|FILE_ACCESS|APPLICATION_ACCESS|APPLICATION_ACCESS|APPLICATION_ACCESS|EMAIL_ACCESS|APPLICATION_ACCESS|EMAIL_ACCESS|EMAIL_ACCESS|FILE_ACCESS|APPLICATION_ACCESS|APPLICATION_ACCESS|APPLICATION_ACCESS|APPLICATION_ACCESS|BREAK_START|BREAK_END|APPLICATION_ACCESS|APPLICATION_ACCESS|APPLICATION_ACCESS|APPLICATION_ACCESS|EMAIL_ACCESS|FILE_ACCESS|APPLICATION_ACCESS|APPLICATION_ACCESS|APPLICATION_ACCESS|APPLICATION_ACCESS|FILE_ACCESS|APPLICATION_ACCESS|EMAIL_ACCESS|APPLICATION_ACCESS|APPLICATION_ACCESS|APPLICATION_ACCESS|VPN_DISCONNECT|LOGOUT,39,1,1,0.02,0,0,1,1,1,0.426,0.15,0,6.7672,0,0.35,5.5,8.3943,0.10256410256410256,0,23,4,normal,,
EMP-346,2026-03-07,DEVICE_CONNECT|LOGIN|APPLICATION_ACCESS|APPLICATION_ACCESS|EMAIL_ACCESS|APPLICATION_ACCESS|MEETING_JOIN|EMAIL_ACCESS|APPLICATION_ACCESS|APPLICATION_ACCESS|APPLICATION_ACCESS|APPLICATION_ACCESS|BREAK_START|BREAK_END|APPLICATION_ACCESS|EMAIL_ACCESS|EMAIL_ACCESS|MEETING_JOIN|APPLICATION_ACCESS|EMAIL_ACCESS|MEETING_JOIN|APPLICATION_ACCESS|APPLICATION_ACCESS|MEETING_JOIN|APPLICATION_ACCESS|LOGOUT,26,1,1,0.01,0,0,1,1,1,0.4514,0.15,0,4.0775,0,0.05,3.5139,7.7187,0.0,0,12,2,normal,,
EMP-347,2026-03-08,DEVICE_CONNECT|LOGIN|APPLICATION_ACCESS|APPLICATION_ACCESS|APPLICATION_ACCESS|EMAIL_ACCESS|APPLICATION_ACCESS|APPLICATION_ACCESS|APPLICATION_ACCESS|MEETING_JOIN|BREAK_START|BREAK_END|EMAIL_ACCESS|APPLICATION_ACCESS|APPLICATION_ACCESS|APPLICATION_ACCESS|APPLICATION_ACCESS|APPLICATION_ACCESS|APPLICATION_ACCESS|EMAIL_ACCESS|LOGOUT,21,1,1,0.015,0,0,1,1,1,0.5119,0.15,0,5.6407,0,0.05,4.4343,7.7524,0.0,0,12,2,normal,,
EMP-348,2026-03-06,DEVICE_CONNECT|LOGIN|EMAIL_ACCESS|APPLICATION_ACCESS|MEETING_JOIN|APPLICATION_ACCESS|EMAIL_ACCESS|APPLICATION_ACCESS|APPLICATION_ACCESS|MEETING_JOIN|MEETING_JOIN|EMAIL_ACCESS|APPLICATION_ACCESS|APPLICATION_ACCESS|APPLICATION_ACCESS|APPLICATION_ACCESS|BREAK_START|BREAK_END|EMAIL_ACCESS|APPLICATION_ACCESS|APPLICATION_ACCESS|APPLICATION_ACCESS|APPLICATION_ACCESS|APPLICATION_ACCESS|EMAIL_ACCESS|APPLICATION_ACCESS|EMAIL_ACCESS|APPLICATION_ACCESS|APPLICATION_ACCESS|APPLICATION_ACCESS|EMAIL_ACCESS|APPLICATION_ACCESS|APPLICATION_ACCESS|LOGOUT,34,1,1,0.02,0,0,1,1,1,0.5788,0.15,0,5.9825,0,0.05,5.4276,8.2042,0.0,0,19,2,normal,,
EMP-349,2026-03-09,DEVICE_CONNECT|LOGIN|VPN_CONNECT|APPLICATION_ACCESS|APPLICATION_ACCESS|EMAIL_ACCESS|APPLICATION_ACCESS|APPLICATION_ACCESS|APPLICATION_ACCESS|EMAIL_ACCESS|APPLICATION_ACCESS|APPLICATION_ACCESS|APPLICATION_ACCESS|BREAK_START|BREAK_END|APPLICATION_ACCESS|APPLICATION_ACCESS|APPLICATION_ACCESS|APPLICATION_ACCESS|APPLICATION_ACCESS|APPLICATION_ACCESS|APPLICATION_ACCESS|APPLICATION_ACCESS|APPLICATION_ACCESS|APPLICATION_ACCESS|VPN_DISCONNECT|LOGOUT,27,1,1,0.01,0,0,1,1,1,0.4216,0.15,0,7.9723,0,0.35,2.6272,7.6814,0.0,0,18,2,normal,,
EMP-350,2026-03-06,DEVICE_CONNECT|LOGIN|VPN_CONNECT|RESOURCE_ACCESS|RESOURCE_ACCESS|RESOURCE_ACCESS|APPLICATION_ACCESS|RESOURCE_ACCESS|RESOURCE_ACCESS|RESOURCE_ACCESS|RESOURCE_ACCESS|APPLICATION_ACCESS|APPLICATION_ACCESS|MEETING_JOIN|RESOURCE_ACCESS|RESOURCE_ACCESS|RESOURCE_ACCESS|EMAIL_ACCESS|BREAK_START|BREAK_END|RESOURCE_ACCESS|MEETING_JOIN|APPLICATION_ACCESS|MEETING_JOIN|APPLICATION_ACCESS|RESOURCE_ACCESS|RESOURCE_ACCESS|RESOURCE_ACCESS|EMAIL_ACCESS|RESOURCE_ACCESS|EMAIL_ACCESS|RESOURCE_ACCESS|RESOURCE_ACCESS|RESOURCE_ACCESS|RESOURCE_ACCESS|VPN_DISCONNECT|LOGOUT,37,1,1,0.015,0,0,1,1,1,0.4909,0.15,0,6.9378,0,0.35,3.7142,7.8322,0.0,0,5,2,normal,,
EMP-351,2026-03-10,DEVICE_CONNECT|LOGIN|EMAIL_ACCESS|APPLICATION_ACCESS|APPLICATION_ACCESS|EMAIL_ACCESS|EMAIL_ACCESS|APPLICATION_ACCESS|APPLICATION_ACCESS|APPLICATION_ACCESS|APPLICATION_ACCESS|APPLICATION_ACCESS|MEETING_JOIN|APPLICATION_ACCESS|BREAK_START|BREAK_END|MEETING_JOIN|MEETING_JOIN|APPLICATION_ACCESS|APPLICATION_ACCESS|APPLICATION_ACCESS|APPLICATION_ACCESS|APPLICATION_ACCESS|APPLICATION_ACCESS|APPLICATION_ACCESS|APPLICATION_ACCESS|APPLICATION_ACCESS|APPLICATION_ACCESS|LOGOUT,29,1,1,0.02,0,0,1,1,1,0.5451,0.15,0,3.245,0,0.05,5.1767,8.5663,0.0,0,18,2,normal,,
EMP-352,2026-03-09,DEVICE_CONNECT|LOGIN|VPN_CONNECT|RESOURCE_ACCESS|APPLICATION_ACCESS|RESOURCE_ACCESS|RESOURCE_ACCESS|APPLICATION_ACCESS|RESOURCE_ACCESS|EMAIL_ACCESS|MEETING_JOIN|MEETING_JOIN|RESOURCE_ACCESS|RESOURCE_ACCESS|RESOURCE_ACCESS|APPLICATION_ACCESS|APPLICATION_ACCESS|RESOURCE_ACCESS|BREAK_START|BREAK_END|MEETING_JOIN|APPLICATION_ACCESS|RESOURCE_ACCESS|EMAIL_ACCESS|RESOURCE_ACCESS|APPLICATION_ACCESS|RESOURCE_ACCESS|RESOURCE_ACCESS|APPLICATION_ACCESS|EMAIL_ACCESS|RESOURCE_ACCESS|RESOURCE_ACCESS|RESOURCE_ACCESS|APPLICATION_ACCESS|MEETING_JOIN|EMAIL_ACCESS|VPN_DISCONNECT|LOGOUT,38,1,1,0.01,0,0,1,1,1,0.551,0.15,0,3.8996,0,0.35,3.2316,7.3586,0.0,0,8,2,normal,,
EMP-353,2026-03-10,DEVICE_CONNECT|LOGIN|EMAIL_ACCESS|MEETING_JOIN|APPLICATION_ACCESS|APPLICATION_ACCESS|APPLICATION_ACCESS|APPLICATION_ACCESS|APPLICATION_ACCESS|EMAIL_ACCESS|APPLICATION_ACCESS|APPLICATION_ACCESS|APPLICATION_ACCESS|APPLICATION_ACCESS|APPLICATION_ACCESS|BREAK_START|BREAK_END|APPLICATION_ACCESS|APPLICATION_ACCESS|APPLICATION_ACCESS|APPLICATION_ACCESS|APPLICATION_ACCESS|APPLICATION_ACCESS|APPLICATION_ACCESS|APPLICATION_ACCESS|MEETING_JOIN|APPLICATION_ACCESS|APPLICATION_ACCESS|APPLICATION_ACCESS|APPLICATION_ACCESS|LOGOUT,31,1,1,0.015,0,0,1,1,1,0.4713,0.15,0,6.6254,0,0.05,3.7075,8.1889,0.0,0,22,2,normal,,
EMP-354,2026-03-08,DEVICE_CONNECT|LOGIN|VPN_CONNECT|APPLICATION_ACCESS|APPLICATION_ACCESS|APPLICATION_ACCESS|APPLICATION_ACCESS|APPLICATION_ACCESS|EMAIL_ACCESS|APPLICATION_ACCESS|MEETING_JOIN|BREAK_START|BREAK_END|EMAIL_ACCESS|MEETING_JOIN|EMAIL_ACCESS|APPLICATION_ACCESS|APPLICATION_ACCESS|APPLICATION_ACCESS|EMAIL_ACCESS|APPLICATION_ACCESS|VPN_DISCONNECT|LOGOUT,23,1,1,0.02,0,0,1,1,1,0.5057,0.15,0,5.6563,0,0.35,4.9651,8.8449,0.0,0,10,2,normal,,
EMP-355,2026-03-10,DEVICE_CONNECT|LOGIN|APPLICATION_ACCESS|APPLICATION_ACCESS|APPLICATION_ACCESS|APPLICATION_ACCESS|APPLICATION_ACCESS|FILE_ACCESS|APPLICATION_ACCESS|APPLICATION_ACCESS|APPLICATION_ACCESS|BREAK_START|BREAK_END|EMAIL_ACCESS|APPLICATION_ACCESS|FILE_ACCESS|APPLICATION_ACCESS|APPLICATION_ACCESS|APPLICATION_ACCESS|APPLICATION_ACCESS|APPLICATION_ACCESS|APPLICATION_ACCESS|MEETING_JOIN|LOGOUT,24,1,1,0.01,0,0,1,1,1,0.5997,0.15,0,9.318,0,0.05,3.1179,7.8738,0.08333333333333333,0,15,2,normal,,
EMP-356,2026-03-08,DEVICE_CONNECT|LOGIN|VPN_CONNECT|APPLICATION_ACCESS|MEETING_JOIN|MEETING_JOIN|APPLICATION_ACCESS|MEETING_JOIN|APPLICATION_ACCESS|APPLICATION_ACCESS|MEETING_JOIN|APPLICATION_ACCESS|MEETING_JOIN|MEETING_JOIN|APPLICATION_ACCESS|BREAK_START|BREAK_END|EMAIL_ACCESS|APPLICATION_ACCESS|APPLICATION_ACCESS|APPLICATION_ACCESS|MEETING_JOIN|EMAIL_ACCESS|EMAIL_ACCESS|APPLICATION_ACCESS|APPLICATION_ACCESS|APPLICATION_ACCESS|APPLICATION_ACCESS|EMAIL_ACCESS|MEETING_JOIN|VPN_DISCONNECT|LOGOUT,32,1,1,0.015,0,0,1,1,1,0.5505,0.15,0,4.0136,0,0.35,4.573,7.9048,0.0,0,13,2,normal,,
EMP-357,2026-03-09,DEVICE_CONNECT|LOGIN|APPLICATION_ACCESS|APPLICATION_ACCESS|APPLICATION_ACCESS|APPLICATION_ACCESS|APPLICATION_ACCESS|APPLICATION_ACCESS|APPLICATION_ACCESS|EMAIL_ACCESS|EMAIL_ACCESS|APPLICATION_ACCESS|APPLICATION_ACCESS|EMAIL_ACCESS|BREAK_START|BREAK_END|APPLICATION_ACCESS|APPLICATION_ACCESS|EMAIL_ACCESS|APPLICATION_ACCESS|APPLICATION_ACCESS|APPLICATION_ACCESS|APPLICATION_ACCESS|APPLICATION_ACCESS|APPLICATION_ACCESS|APPLICATION_ACCESS|EMAIL_ACCESS|APPLICATION_ACCESS|LOGOUT,29,1,1,0.02,0,0,1,1,1,0.4132,0.15,0,6.1767,0,0.05,4.6152,8.1329,0.0,0,19,2,normal,,
EMP-358,2026-03-08,DEVICE_CONNECT|LOGIN|VPN_CONNECT|EMAIL_ACCESS|APPLICATION_ACCESS|APPLICATION_ACCESS|EMAIL_ACCESS|APPLICATION_ACCESS|APPLICATION_ACCESS|APPLICATION_ACCESS|APPLICATION_ACCESS|APPLICATION_ACCESS|APPLICATION_ACCESS|APPLICATION_ACCESS|APPLICATION_ACCESS|APPLICATION_ACCESS|APPLICATION_ACCESS|APPLICATION_ACCESS|APPLICATION_ACCESS|EMAIL_ACCESS|APPLICATION_ACCESS|APPLICATION_ACCESS|APPLICATION_ACCESS|APPLICATION_ACCESS|APPLICATION_ACCESS|VPN_DISCONNECT|LOGOUT,27,1,1,0.01,0,0,1,1,1,0.5004,0.15,0,7.291,0,0.35,2.5583,7.8023,0.0,0,19,2,normal,,
EMP-359,2026-03-09,DEVICE_CONNECT|LOGIN|VPN_CONNECT|MEETING_JOIN|APPLICATION_ACCESS|EMAIL_ACCESS|APPLICATION_ACCESS|APPLICATION_ACCESS|APPLICATION_ACCESS|APPLICATION_ACCESS|EMAIL_ACCESS|BREAK_START|BREAK_END|EMAIL_ACCESS|APPLICATION_ACCESS|APPLICATION_ACCESS|APPLICATION_ACCESS|APPLICATION_ACCESS|APPLICATION_ACCESS|APPLICATION_ACCESS|EMAIL_ACCESS|VPN_DISCONNECT|LOGOUT,23,1,1,0.015,0,0,1,1,1,0.571,0.15,0,6.7988,0,0.35,3.7759,7.8083,0.0,0,11,2,normal,,
EMP-360,2026-03-07,DEVICE_CONNECT|LOGIN|VPN_CONNECT|APPLICATION_ACCESS|APPLICATION_ACCESS|APPLICATION_ACCESS|APPLICATION_ACCESS|APPLICATION_ACCESS|APPLICATION_ACCESS|APPLICATION_ACCESS|APPLICATION_ACCESS|BREAK_START|BREAK_END|EMAIL_ACCESS|EMAIL_ACCESS|APPLICATION_ACCESS|APPLICATION_ACCESS|APPLICATION_ACCESS|APPLICATION_ACCESS|APPLICATION_ACCESS|APPLICATION_ACCESS|VPN_DISCONNECT|LOGOUT,23,1,1,0.02,0,0,1,1,1,0.5999,0.15,0,9.4201,0,0.35,4.8327,8.3248,0.0,0,14,2,normal,,
EMP-361,2026-03-08,DEVICE_CONNECT|LOGIN|VPN_CONNECT|EMAIL_ACCESS|APPLICATION_ACCESS|APPLICATION_ACCESS|APPLICATION_ACCESS|APPLICATION_ACCESS|APPLICATION_ACCESS|APPLICATION_ACCESS|APPLICATION_ACCESS|APPLICATION_ACCESS|APPLICATION_ACCESS|APPLICATION_ACCESS|APPLICATION_ACCESS|BREAK_START|BREAK_END|MEETING_JOIN|APPLICATION_ACCESS|APPLICATION_ACCESS|MEETING_JOIN|APPLICATION_ACCESS|APPLICATION_ACCESS|EMAIL_ACCESS|APPLICATION_ACCESS|APPLICATION_ACCESS|APPLICATION_ACCESS|MEETING_JOIN|APPLICATION_ACCESS|APPLICATION_ACCESS|VPN_DISCONNECT|LOGOUT,32,1,1,0.01,0,0,1,1,1,0.4283,0.15,0,5.1308,0,0.35,3.3139,7.5903,0.0,0,20,2,normal,,
EMP-362,2026-03-07,DEVICE_CONNECT|LOGIN|APPLICATION_ACCESS|APPLICATION_ACCESS|APPLICATION_ACCESS|APPLICATION_ACCESS|EMAIL_ACCESS|APPLICATION_ACCESS|FILE_ACCESS|APPLICATION_ACCESS|EMAIL_ACCESS|APPLICATION_ACCESS|APPLICATION_ACCESS|APPLICATION_ACCESS|APPLICATION_ACCESS|APPLICATION_ACCESS|BREAK_START|BREAK_END|APPLICATION_ACCESS|EMAIL_ACCESS|APPLICATION_ACCESS|APPLICATION_ACCESS|EMAIL_ACCESS|APPLICATION_ACCESS|EMAIL_ACCESS|FILE_ACCESS|APPLICATION_ACCESS|APPLICATION_ACCESS|APPLICATION_ACCESS|APPLICATION_ACCESS|APPLICATION_ACCESS|APPLICATION_ACCESS|APPLICATION_ACCESS|LOGOUT,34,1,1,0.015,0,0,1,1,1,0.5017,0.15,0,4.8073,0,0.05,4.2842,7.732,0.058823529411764705,0,22,2,normal,,
EMP-363,2026-03-07,DEVICE_CONNECT|LOGIN|VPN_CONNECT|MEETING_JOIN|EMAIL_ACCESS|RESOURCE_ACCESS|APPLICATION_ACCESS|APPLICATION_ACCESS|RESOURCE_ACCESS|APPLICATION_ACCESS|RESOURCE_ACCESS|RESOURCE_ACCESS|RESOURCE_ACCESS|RESOURCE_ACCESS|RESOURCE_ACCESS|APPLICATION_ACCESS|EMAIL_ACCESS|RESOURCE_ACCESS|BREAK_START|BREAK_END|RESOURCE_ACCESS|APPLICATION_ACCESS|APPLICATION_ACCESS|APPLICATION_ACCESS|APPLICATION_ACCESS|RESOURCE_ACCESS|RESOURCE_ACCESS|EMAIL_ACCESS|APPLICATION_ACCESS|RESOURCE_ACCESS|RESOURCE_ACCESS|APPLICATION_ACCESS|APPLICATION_ACCESS|RESOURCE_ACCESS|RESOURCE_ACCESS|VPN_DISCONNECT|LOGOUT,37,1,1,0.02,0,0,1,1,1,0.5764,0.15,0,4.9538,0,0.35,5.1889,8.7824,0.0,0,11,2,normal,,
EMP-364,2026-03-08,DEVICE_CONNECT|LOGIN|VPN_CONNECT|APPLICATION_ACCESS|APPLICATION_ACCESS|APPLICATION_ACCESS|APPLICATION_ACCESS|APPLICATION_ACCESS|APPLICATION_ACCESS|APPLICATION_ACCESS|APPLICATION_ACCESS|EMAIL_ACCESS|APPLICATION_ACCESS|APPLICATION_ACCESS|APPLICATION_ACCESS|APPLICATION_ACCESS|APPLICATION_ACCESS|APPLICATION_ACCESS|APPLICATION_ACCESS|APPLICATION_ACCESS|EMAIL_ACCESS|APPLICATION_ACCESS|APPLICATION_ACCESS|EMAIL_ACCESS|VPN_DISCONNECT|LOGOUT,26,1,1,0.01,0,0,1,1,1,0.5553,0.15,0,5.9459,0,0.35,2.443,7.2839,0.0,0,18,2,normal,,
EMP-365,2026-03-07,DEVICE_CONNECT|LOGIN|VPN_CONNECT|APPLICATION_ACCESS|EMAIL_ACCESS|APPLICATION_ACCESS|APPLICATION_ACCESS|APPLICATION_ACCESS|APPLICATION_ACCESS|APPLICATION_ACCESS|APPLICATION_ACCESS|APPLICATION_ACCESS|APPLICATION_ACCESS|APPLICATION_ACCESS|EMAIL_ACCESS|APPLICATION_ACCESS|EMAIL_ACCESS|APPLICATION_ACCESS|BREAK_START|BREAK_END|APPLICATION_ACCESS|APPLICATION_ACCESS|MEETING_JOIN|APPLICATION_ACCESS|APPLICATION_ACCESS|APPLICATION_ACCESS|APPLICATION_ACCESS|EMAIL_ACCESS|EMAIL_ACCESS|EMAIL_ACCESS|APPLICATION_ACCESS|APPLICATION_ACCESS|MEETING_JOIN|EMAIL_ACCESS|APPLICATION_ACCESS|VPN_DISCONNECT|LOGOUT,37,1,1,0.015,0,0,1,1,1,0.4164,0.15,0,7.9014,0,0.35,4.4742,7.6928,0.0,0,21,2,normal,,
EMP-366,2026-03-07,DEVICE_CONNECT|LOGIN|APPLICATION_ACCESS|EMAIL_ACCESS|APPLICATION_ACCESS|APPLICATION_ACCESS|EMAIL_ACCESS|APPLICATION_ACCESS|APPLICATION_ACCESS|APPLICATION_ACCESS|APPLICATION_ACCESS|EMAIL_ACCESS|APPLICATION_ACCESS|APPLICATION_ACCESS|APPLICATION_ACCESS|EMAIL_ACCESS|BREAK_START|BREAK_END|EMAIL_ACCESS|APPLICATION_ACCESS|EMAIL_ACCESS|APPLICATION_ACCESS|APPLICATION_ACCESS|APPLICATION_ACCESS|APPLICATION_ACCESS|APPLICATION_ACCESS|APPLICATION_ACCESS|APPLICATION_ACCESS|APPLICATION_ACCESS|APPLICATION_ACCESS|EMAIL_ACCESS|APPLICATION_ACCESS|LOGOUT,33,1,1,0.02,0,0,1,1,1,0.4541,0.15,0,3.5696,0,0.05,4.9822,8.6672,0.0,0,21,2,normal,,
EMP-367,2026-03-09,DEVICE_CONNECT|LOGIN|APPLICATION_ACCESS|APPLICATION_ACCESS|EMAIL_ACCESS|EMAIL_ACCESS|APPLICATION_ACCESS|APPLICATION_ACCESS|EMAIL_ACCESS|EMAIL_ACCESS|BREAK_START|BREAK_END|APPLICATION_ACCESS|MEETING_JOIN|APPLICATION_ACCESS|APPLICATION_ACCESS|APPLICATION_ACCESS|APPLICATION_ACCESS|APPLICATION_ACCESS|APPLICATION_ACCESS|LOGOUT,21,1,1,0.01,0,0,1,1,1,0.5112,0.15,0,5.6593,0,0.05,2.8195,7.2184,0.0,0,11,2,normal,,
EMP-368,2026-03-08,DEVICE_CONNECT|LOGIN|VPN_CONNECT|APPLICATION_ACCESS|APPLICATION_ACCESS|APPLICATION_ACCESS|APPLICATION_ACCESS|APPLICATION_ACCESS|EMAIL_ACCESS|APPLICATION_ACCESS|EMAIL_ACCESS|BREAK_START|BREAK_END|APPLICATION_ACCESS|EMAIL_ACCESS|APPLICATION_ACCESS|APPLICATION_ACCESS|APPLICATION_ACCESS|APPLICATION_ACCESS|APPLICATION_ACCESS|APPLICATION_ACCESS|VPN_DISCONNECT|LOGOUT,23,1,1,0.015,0,0,1,1,1,0.6368,0.15,0,5.042,0,0.35,4.0105,7.7346,0.0,0,13,2,normal,,
EMP-369,2026-03-10,DEVICE_CONNECT|LOGIN|APPLICATION_ACCESS|APPLICATION_ACCESS|APPLICATION_ACCESS|APPLICATION_ACCESS|APPLICATION_ACCESS|APPLICATION_ACCESS|APPLICATION_ACCESS|APPLICATION_ACCESS|APPLICATION_ACCESS|APPLICATION_ACCESS|APPLICATION_ACCESS|APPLICATION_ACCESS|APPLICATION_ACCESS|APPLICATION_ACCESS|BREAK_START|BREAK_END|EMAIL_ACCESS|APPLICATION_ACCESS|APPLICATION_ACCESS|APPLICATION_ACCESS|APPLICATION_ACCESS|APPLICATION_ACCESS|APPLICATION_ACCESS|APPLICATION_ACCESS|APPLICATION_ACCESS|APPLICATION_ACCESS|APPLICATION_ACCESS|APPLICATION_ACCESS|APPLICATION_ACCESS|APPLICATION_ACCESS|LOGOUT,33,1,1,0.02,0,0,1,1,1,0.4563,0.15,0,7.4894,0,0.05,5.5,8.2699,0.0,0,27,2,normal,,
EMP-370,2026-03-07,DEVICE_CONNECT|LOGIN|MEETING_JOIN|RESOURCE_ACCESS|RESOURCE_ACCESS|RESOURCE_ACCESS|RESOURCE_ACCESS|APPLICATION_ACCESS|MEETING_JOIN|RESOURCE_ACCESS|MEETING_JOIN|APPLICATION_ACCESS|RESOURCE_ACCESS|RESOURCE_ACCESS|RESOURCE_ACCESS|MEETING_JOIN|MEETING_JOIN|BREAK_START|BREAK_END|MEETING_JOIN|EMAIL_ACCESS|MEETING_JOIN|RESOURCE_ACCESS|APPLICATION_ACCESS|MEETING_JOIN|RESOURCE_ACCESS|APPLICATION_ACCESS|RESOURCE_ACCESS|EMAIL_ACCESS|RESOURCE_ACCESS|MEETING_JOIN|RESOURCE_ACCESS|RESOURCE_ACCESS|RESOURCE_ACCESS|LOGOUT,35,1,1,0.01,0,0,1,1,1,0.5026,0.15,0,8.2124,0,0.05,2.4922,7.4331,0.0,0,4,2,normal,,
EMP-371,2026-03-10,DEVICE_CONNECT|LOGIN|VPN_CONNECT|MEETING_JOIN|APPLICATION_ACCESS|MEETING_JOIN|APPLICATION_ACCESS|APPLICATION_ACCESS|MEETING_JOIN|APPLICATION_ACCESS|APPLICATION_ACCESS|APPLICATION_ACCESS|BREAK_START|BREAK_END|APPLICATION_ACCESS|APPLICATION_ACCESS|APPLICATION_ACCESS|APPLICATION_ACCESS|EMAIL_ACCESS|EMAIL_ACCESS|APPLICATION_ACCESS|APPLICATION_ACCESS|APPLICATION_ACCESS|APPLICATION_ACCESS|VPN_DISCONNECT|LOGOUT,26,1,1,0.015,0,0,1,1,1,0.5677,0.15,0,5.1621,0,0.35,4.2176,7.6208,0.0,0,14,2,normal,,
EMP-372,2026-03-09,DEVICE_CONNECT|LOGIN|VPN_CONNECT|EMAIL_ACCESS|APPLICATION_ACCESS|EMAIL_ACCESS|APPLICATION_ACCESS|APPLICATION_ACCESS|APPLICATION_ACCESS|APPLICATION_ACCESS|APPLICATION_ACCESS|BREAK_START|BREAK_END|APPLICATION_ACCESS|MEETING_JOIN|EMAIL_ACCESS|APPLICATION_ACCESS|APPLICATION_ACCESS|APPLICATION_ACCESS|MEETING_JOIN|APPLICATION_ACCESS|VPN_DISCONNECT|LOGOUT,23,1,1,0.02,0,0,1,1,1,0.5894,0.15,0,5.271,0,0.35,5.4044,8.861,0.0,0,11,2,normal,,
EMP-373,2026-03-08,DEVICE_CONNECT|LOGIN|APPLICATION_ACCESS|RESOURCE_ACCESS|RESOURCE_ACCESS|APPLICATION_ACCESS|RESOURCE_ACCESS|EMAIL_ACCESS|EMAIL_ACCESS|APPLICATION_ACCESS|RESOURCE_ACCESS|EMAIL_ACCESS|APPLICATION_ACCESS|APPLICATION_ACCESS|EMAIL_ACCESS|RESOURCE_ACCESS|BREAK_START|BREAK_END|EMAIL_ACCESS|MEETING_JOIN|APPLICATION_ACCESS|APPLICATION_ACCESS|EMAIL_ACCESS|APPLICATION_ACCESS|EMAIL_ACCESS|EMAIL_ACCESS|APPLICATION_ACCESS|MEETING_JOIN|RESOURCE_ACCESS|RESOURCE_ACCESS|MEETING_JOIN|EMAIL_ACCESS|RESOURCE_ACCESS|LOGOUT,34,1,1,0.01,0,0,1,1,1,0.4029,0.15,0,5.8807,0,0.05,2.9758,7.6662,0.0,0,9,2,normal,,
EMP-374,2026-03-07,DEVICE_CONNECT|LOGIN|VPN_CONNECT|APPLICATION_ACCESS|APPLICATION_ACCESS|APPLICATION_ACCESS|APPLICATION_ACCESS|MEETING_JOIN|EMAIL_ACCESS|APPLICATION_ACCESS|EMAIL_ACCESS|APPLICATION_ACCESS|APPLICATION_ACCESS|MEETING_JOIN|EMAIL_ACCESS|EMAIL_ACCESS|APPLICATION_ACCESS|BREAK_START|BREAK_END|APPLICATION_ACCESS|APPLICATION_ACCESS|APPLICATION_ACCESS|EMAIL_ACCESS|APPLICATION_ACCESS|MEETING_JOIN|APPLICATION_ACCESS|APPLICATION_ACCESS|APPLICATION_ACCESS|APPLICATION_ACCESS|APPLICATION_ACCESS|APPLICATION_ACCESS|APPLICATION_ACCESS|APPLICATION_ACCESS|VPN_DISCONNECT|LOGOUT,35,1,1,0.015,0,0,1,1,1,0.5094,0.15,0,5.5174,0,0.35,4.1874,8.3758,0.0,0,20,2,normal,,
EMP-375,2026-03-06,DEVICE_CONNECT|LOGIN|APPLICATION_ACCESS|APPLICATION_ACCESS|EMAIL_ACCESS|EMAIL_ACCESS|APPLICATION_ACCESS|APPLICATION_ACCESS|APPLICATION_ACCESS|MEETING_JOIN|MEETING_JOIN|APPLICATION_ACCESS|APPLICATION_ACCESS|APPLICATION_ACCESS|APPLICATION_ACCESS|APPLICATION_ACCESS|APPLICATION_ACCESS|BREAK_START|BREAK_END|APPLICATION_ACCESS|EMAIL_ACCESS|APPLICATION_ACCESS|APPLICATION_ACCESS|EMAIL_ACCESS|APPLICATION_ACCESS|APPLICATION_ACCESS|APPLICATION_ACCESS|APPLICATION_ACCESS|APPLICATION_ACCESS|APPLICATION_ACCESS|APPLICATION_ACCESS|APPLICATION_ACCESS|MEETING_JOIN|APPLICATION_ACCESS|EMAIL_ACCESS|LOGOUT,36,1,1,0.02,0,0,1,1,1,0.5325,0.15,0,8.6946,0,0.05,5.5,8.6875,0.0,0,23,2,normal,,
EMP-376,2026-03-10,DEVICE_CONNECT|LOGIN|APPLICATION_ACCESS|APPLICATION_ACCESS|APPLICATION_ACCESS|MEETING_JOIN|APPLICATION_ACCESS|APPLICATION_ACCESS|EMAIL_ACCESS|APPLICATION_ACCESS|EMAIL_ACCESS|EMAIL_ACCESS|APPLICATION_ACCESS|APPLICATION_ACCESS|MEETING_JOIN|APPLICATION_ACCESS|BREAK_START|BREAK_END|APPLICATION_ACCESS|EMAIL_ACCESS|APPLICATION_ACCESS|EMAIL_ACCESS|APPLICATION_ACCESS|APPLICATION_ACCESS|EMAIL_ACCESS|EMAIL_ACCESS|EMAIL_ACCESS|APPLICATION_ACCESS|APPLICATION_ACCESS|APPLICATION_ACCESS|APPLICATION_ACCESS|APPLICATION_ACCESS|MEETING_JOIN|LOGOUT,34,1,1,0.01,0,0,1,1,1,0.5629,0.15,0,5.0898,0,0.05,2.7395,7.7412,0.0,0,18,2,normal,,
EMP-377,2026-03-08,DEVICE_CONNECT|LOGIN|VPN_CONNECT|RESOURCE_ACCESS|APPLICATION_ACCESS|APPLICATION_ACCESS|MEETING_JOIN|RESOURCE_ACCESS|APPLICATION_ACCESS|APPLICATION_ACCESS|EMAIL_ACCESS|APPLICATION_ACCESS|APPLICATION_ACCESS|EMAIL_ACCESS|BREAK_START|BREAK_END|EMAIL_ACCESS|RESOURCE_ACCESS|EMAIL_ACCESS|MEETING_JOIN|APPLICATION_ACCESS|APPLICATION_ACCESS|RESOURCE_ACCESS|MEETING_JOIN|APPLICATION_ACCESS|APPLICATION_ACCESS|APPLICATION_ACCESS|EMAIL_ACCESS|VPN_DISCONNECT|LOGOUT,30,1,1,0.015,0,0,1,1,1,0.4744,0.15,0,5.1415,0,0.35,3.5111,8.0818,0.0,0,11,2,normal,,
EMP-378,2026-03-09,DEVICE_CONNECT|LOGIN|VPN_CONNECT|APPLICATION_ACCESS|EMAIL_ACCESS|FILE_ACCESS|APPLICATION_ACCESS|EMAIL_ACCESS|MEETING_JOIN|FILE_ACCESS|EMAIL_ACCESS|EMAIL_ACCESS|APPLICATION_ACCESS|APPLICATION_ACCESS|APPLICATION_ACCESS|APPLICATION_ACCESS|MEETING_JOIN|EMAIL_ACCESS|APPLICATION_ACCESS|BREAK_START|BREAK_END|EMAIL_ACCESS|APPLICATION_ACCESS|APPLICATION_ACCESS|FILE_ACCESS|APPLICATION_ACCESS|EMAIL_ACCESS|APPLICATION_ACCESS|EMAIL_ACCESS|APPLICATION_ACCESS|APPLICATION_ACCESS|MEETING_JOIN|MEETING_JOIN|EMAIL_ACCESS|APPLICATION_ACCESS|MEETING_JOIN|APPLICATION_ACCESS|VPN_DISCONNECT|LOGOUT,39,1,1,0.02,0,0,1,1,1,0.4678,0.15,0,7.3951,0,0.35,4.507,8.7924,0.07692307692307693,0,15,3,normal,,
EMP-379,2026-03-09,DEVICE_CONNECT|LOGIN|VPN_CONNECT|EMAIL_ACCESS|APPLICATION_ACCESS|APPLICATION_ACCESS|APPLICATION_ACCESS|EMAIL_ACCESS|MEETING_JOIN|APPLICATION_ACCESS|MEETING_JOIN|APPLICATION_ACCESS|APPLICATION_ACCESS|APPLICATION_ACCESS|APPLICATION_ACCESS|BREAK_START|BREAK_END|APPLICATION_ACCESS|APPLICATION_ACCESS|APPLICATION_ACCESS|APPLICATION_ACCESS|APPLICATION_ACCESS|EMAIL_ACCESS|MEETING_JOIN|MEETING_JOIN|APPLICATION_ACCESS|APPLICATION_ACCESS|EMAIL_ACCESS|MEETING_JOIN|APPLICATION_ACCESS|VPN_DISCONNECT|LOGOUT,32,1,1,0.01,0,0,1,1,1,0.5163,0.15,0,7.8385,0,0.35,3.3031,7.3279,0.0,0,16,2,normal,,
EMP-380,2026-03-08,DEVICE_CONNECT|LOGIN|VPN_CONNECT|APPLICATION_ACCESS|MEETING_JOIN|APPLICATION_ACCESS|APPLICATION_ACCESS|APPLICATION_ACCESS|EMAIL_ACCESS|APPLICATION_ACCESS|APPLICATION_ACCESS|BREAK_START|BREAK_END|APPLICATION_ACCESS|APPLICATION_ACCESS|APPLICATION_ACCESS|APPLICATION_ACCESS|EMAIL_ACCESS|APPLICATION_ACCESS|APPLICATION_ACCESS|APPLICATION_ACCESS|VPN_DISCONNECT|LOGOUT,23,1,1,0.015,0,0,1,1,1,0.5621,0.15,0,7.9725,0,0.35,4.3676,7.9459,0.0,0,13,2,normal,,
EMP-381,2026-03-08,DEVICE_CONNECT|LOGIN|VPN_CONNECT|APPLICATION_ACCESS|APPLICATION_ACCESS|APPLICATION_ACCESS|EMAIL_ACCESS|APPLICATION_ACCESS|APPLICATION_ACCESS|APPLICATION_ACCESS|EMAIL_ACCESS|APPLICATION_ACCESS|EMAIL_ACCESS|APPLICATION_ACCESS|APPLICATION_ACCESS|EMAIL_ACCESS|APPLICATION_ACCESS|APPLICATION_ACCESS|APPLICATION_ACCESS|APPLICATION_ACCESS|EMAIL_ACCESS|APPLICATION_ACCESS|APPLICATION_ACCESS|APPLICATION_ACCESS|EMAIL_ACCESS|APPLICATION_ACCESS|EMAIL_ACCESS|APPLICATION_ACCESS|APPLICATION_ACCESS|APPLICATION_ACCESS|EMAIL_ACCESS|EMAIL_ACCESS|APPLICATION_ACCESS|VPN_DISCONNECT|LOGOUT,35,1,1,0.02,0,0,1,1,1,0.4904,0.15,0,4.3105,0,0.35,4.5153,8.3872,0.0,0,21,2,normal,,
EMP-382,2026-03-06,DEVICE_CONNECT|LOGIN|VPN_CONNECT|RESOURCE_ACCESS|RESOURCE_ACCESS|RESOURCE_ACCESS|RESOURCE_ACCESS|RESOURCE_ACCESS|RESOURCE_ACCESS|EMAIL_ACCESS|RESOURCE_ACCESS|EMAIL_ACCESS|RESOURCE_ACCESS|RESOURCE_ACCESS|EMAIL_ACCESS|MEETING_JOIN|RESOURCE_ACCESS|RESOURCE_ACCESS|RESOURCE_ACCESS|BREAK_START|BREAK_END|APPLICATION_ACCESS|MEETING_JOIN|RESOURCE_ACCESS|RESOURCE_ACCESS|EMAIL_ACCESS|RESOURCE_ACCESS|EMAIL_ACCESS|EMAIL_ACCESS|RESOURCE_ACCESS|RESOURCE_ACCESS|RESOURCE_ACCESS|RESOURCE_ACCESS|EMAIL_ACCESS|RESOURCE_ACCESS|APPLICATION_ACCESS|EMAIL_ACCESS|VPN_DISCONNECT|LOGOUT,39,1,1,0.01,0,0,1,1,1,0.5013,0.15,0,4.9689,0,0.35,2.9717,7.8083,0.0,0,3,2,normal,,
EMP-383,2026-03-09,DEVICE_CONNECT|LOGIN|VPN_CONNECT|EMAIL_ACCESS|RESOURCE_ACCESS|RESOURCE_ACCESS|APPLICATION_ACCESS|APPLICATION_ACCESS|EMAIL_ACCESS|MEETING_JOIN|APPLICATION_ACCESS|RESOURCE_ACCESS|APPLICATION_ACCESS|MEETING_JOIN|RESOURCE_ACCESS|RESOURCE_ACCESS|APPLICATION_ACCESS|BREAK_START|BREAK_END|EMAIL_ACCESS|RESOURCE_ACCESS|RESOURCE_ACCESS|RESOURCE_ACCESS|APPLICATION_ACCESS|APPLICATION_ACCESS|RESOURCE_ACCESS|EMAIL_ACCESS|EMAIL_ACCESS|MEETING_JOIN|RESOURCE_ACCESS|RESOURCE_ACCESS|APPLICATION_ACCESS|RESOURCE_ACCESS|EMAIL_ACCESS|VPN_DISCONNECT|LOGOUT,36,1,1,0.015,0,0,1,1,1,0.56,0.15,0,4.7707,0,0.35,3.8419,7.938,0.0,0,8,2,normal,,
EMP-384,2026-03-07,DEVICE_CONNECT|LOGIN|APPLICATION_ACCESS|EMAIL_ACCESS|EMAIL_ACCESS|APPLICATION_ACCESS|APPLICATION_ACCESS|APPLICATION_ACCESS|MEETING_JOIN|APPLICATION_ACCESS|APPLICATION_ACCESS|BREAK_START|BREAK_END|EMAIL_ACCESS|EMAIL_ACCESS|APPLICATION_ACCESS|APPLICATION_ACCESS|MEETING_JOIN|APPLICATION_ACCESS|APPLICATION_ACCESS|APPLICATION_ACCESS|APPLICATION_ACCESS|LOGOUT,23,1,1,0.02,0,0,1,1,1,0.5934,0.15,0,6.7781,0,0.05,4.8101,8.1324,0.0,0,12,2,normal,,
EMP-385,2026-03-06,DEVICE_CONNECT|LOGIN|VPN_CONNECT|APPLICATION_ACCESS|APPLICATION_ACCESS|APPLICATION_ACCESS|APPLICATION_ACCESS|APPLICATION_ACCESS|MEETING_JOIN|APPLICATION_ACCESS|APPLICATION_ACCESS|APPLICATION_ACCESS|BREAK_START|BREAK_END|APPLICATION_ACCESS|APPLICATION_ACCESS|APPLICATION_ACCESS|APPLICATION_ACCESS|APPLICATION_ACCESS|APPLICATION_ACCESS|APPLICATION_ACCESS|APPLICATION_ACCESS|APPLICATION_ACCESS|APPLICATION_ACCESS|VPN_DISCONNECT|LOGOUT,26,1,1,0.01,0,0,1,1,1,0.4676,0.15,0,8.4428,0,0.35,3.5168,7.6709,0.0,0,18,2,normal,,
EMP-386,2026-03-07,DEVICE_CONNECT|LOGIN|VPN_CONNECT|APPLICATION_ACCESS|EMAIL_ACCESS|APPLICATION_ACCESS|APPLICATION_ACCESS|APPLICATION_ACCESS|APPLICATION_ACCESS|APPLICATION_ACCESS|EMAIL_ACCESS|APPLICATION_ACCESS|APPLICATION_ACCESS|EMAIL_ACCESS|BREAK_START|BREAK_END|APPLICATION_ACCESS|APPLICATION_ACCESS|APPLICATION_ACCESS|APPLICATION_ACCESS|MEETING_JOIN|APPLICATION_ACCESS|APPLICATION_ACCESS|EMAIL_ACCESS|APPLICATION_ACCESS|APPLICATION_ACCESS|APPLICATION_ACCESS|APPLICATION_ACCESS|VPN_DISCONNECT|LOGOUT,30,1,1,0.015,0,0,1,1,1,0.513,0.15,0,4.074,0,0.35,3.9248,7.8326,0.0,0,18,2,normal,,
EMP-387,2026-03-09,DEVICE_CONNECT|LOGIN|APPLICATION_ACCESS|APPLICATION_ACCESS|EMAIL_ACCESS|APPLICATION_ACCESS|APPLICATION_ACCESS|APPLICATION_ACCESS|APPLICATION_ACCESS|APPLICATION_ACCESS|APPLICATION_ACCESS|APPLICATION_ACCESS|APPLICATION_ACCESS|APPLICATION_ACCESS|APPLICATION_ACCESS|APPLICATION_ACCESS|APPLICATION_ACCESS|EMAIL_ACCESS|BREAK_START|BREAK_END|APPLICATION_ACCESS|APPLICATION_ACCESS|APPLICATION_ACCESS|APPLICATION_ACCESS|APPLICATION_ACCESS|EMAIL_ACCESS|APPLICATION_ACCESS|APPLICATION_ACCESS|APPLICATION_ACCESS|APPLICATION_ACCESS|EMAIL_ACCESS|APPLICATION_ACCESS|APPLICATION_ACCESS|APPLICATION_ACCESS|EMAIL_ACCESS|APPLICATION_ACCESS|LOGOUT,37,1,1,0.02,0,0,1,1,1,0.53,0.15,0,6.4526,0,0.05,4.7605,8.6475,0.0,0,27,2,normal,,
EMP-388,2026-03-10,DEVICE_CONNECT|LOGIN|VPN_CONNECT|APPLICATION_ACCESS|APPLICATION_ACCESS|MEETING_JOIN|APPLICATION_ACCESS|EMAIL_ACCESS|APPLICATION_ACCESS|APPLICATION_ACCESS|APPLICATION_ACCESS|APPLICATION_ACCESS|APPLICATION_ACCESS|APPLICATION_ACCESS|APPLICATION_ACCESS|EMAIL_ACCESS|APPLICATION_ACCESS|APPLICATION_ACCESS|BREAK_START|BREAK_END|APPLICATION_ACCESS|APPLICATION_ACCESS|APPLICATION_ACCESS|APPLICATION_ACCESS|APPLICATION_ACCESS|MEETING_JOIN|APPLICATION_ACCESS|APPLICATION_ACCESS|APPLICATION_ACCESS|APPLICATION_ACCESS|APPLICATION_ACCESS|MEETING_JOIN|APPLICATION_ACCESS|APPLICATION_ACCESS|APPLICATION_ACCESS|APPLICATION_ACCESS|VPN_DISCONNECT|LOGOUT,38,1,1,0.01,0,0,1,1,1,0.6023,0.15,0,5.3864,0,0.35,2.4918,7.1382,0.0,0,26,2,normal,,
EMP-389,2026-03-06,DEVICE_CONNECT|LOGIN|VPN_CONNECT|EMAIL_ACCESS|APPLICATION_ACCESS|APPLICATION_ACCESS|APPLICATION_ACCESS|APPLICATION_ACCESS|APPLICATION_ACCESS|EMAIL_ACCESS|APPLICATION_ACCESS|BREAK_START|BREAK_END|EMAIL_ACCESS|APPLICATION_ACCESS|APPLICATION_ACCESS|APPLICATION_ACCESS|APPLICATION_ACCESS|APPLICATION_ACCESS|APPLICATION_ACCESS|APPLICATION_ACCESS|VPN_DISCONNECT|LOGOUT,23,1,1,0.015,0,0,1,1,1,0.4513,0.15,0,7.032,0,0.35,3.9576,7.9304,0.0,0,13,2,normal,,
EMP-390,2026-03-10,DEVICE_CONNECT|LOGIN|RESOURCE_ACCESS|APPLICATION_ACCESS|APPLICATION_ACCESS|RESOURCE_ACCESS|EMAIL_ACCESS|RESOURCE_ACCESS|APPLICATION_ACCESS|EMAIL_ACCESS|RESOURCE_ACCESS|APPLICATION_ACCESS|BREAK_START|BREAK_END|APPLICATION_ACCESS|APPLICATION_ACCESS|RESOURCE_ACCESS|EMAIL_ACCESS|APPLICATION_ACCESS|RESOURCE_ACCESS|EMAIL_ACCESS|APPLICATION_ACCESS|RESOURCE_ACCESS|RESOURCE_ACCESS|LOGOUT,25,1,1,0.02,0,0,1,1,1,0.5313,0.15,0,7.5664,0,0.05,5.3224,8.5685,0.0,0,8,2,normal,,
EMP-391,2026-03-07,DEVICE_CONNECT|LOGIN|APPLICATION_ACCESS|APPLICATION_ACCESS|APPLICATION_ACCESS|APPLICATION_ACCESS|APPLICATION_ACCESS|APPLICATION_ACCESS|APPLICATION_ACCESS|EMAIL_ACCESS|BREAK_START|BREAK_END|APPLICATION_ACCESS|APPLICATION_ACCESS|APPLICATION_ACCESS|APPLICATION_ACCESS|EMAIL_ACCESS|APPLICATION_ACCESS|APPLICATION_ACCESS|APPLICATION_ACCESS|LOGOUT,21,1,1,0.01,0,0,1,1,1,0.5114,0.15,0,4.4847,0,0.05,2.6186,7.2436,0.0,0,14,2,normal,,
EMP-392,2026-03-07,DEVICE_CONNECT|LOGIN|VPN_CONNECT|APPLICATION_ACCESS|EMAIL_ACCESS|APPLICATION_ACCESS|RESOURCE_ACCESS|RESOURCE_ACCESS|RESOURCE_ACCESS|RESOURCE_ACCESS|EMAIL_ACCESS|MEETING_JOIN|RESOURCE_ACCESS|RESOURCE_ACCESS|RESOURCE_ACCESS|APPLICATION_ACCESS|RESOURCE_ACCESS|BREAK_START|BREAK_END|RESOURCE_ACCESS|MEETING_JOIN|EMAIL_ACCESS|APPLICATION_ACCESS|MEETING_JOIN|RESOURCE_ACCESS|RESOURCE_ACCESS|APPLICATION_ACCESS|EMAIL_ACCESS|RESOURCE_ACCESS|EMAIL_ACCESS|RESOURCE_ACCESS|APPLICATION_ACCESS|RESOURCE_ACCESS|VPN_DISCONNECT|LOGOUT,35,1,1,0.015,0,0,1,1,1,0.5545,0.15,0,4.7488,0,0.35,3.7767,8.1635,0.0,0,6,2,normal,,
EMP-393,2026-03-09,DEVICE_CONNECT|LOGIN|VPN_CONNECT|APPLICATION_ACCESS|APPLICATION_ACCESS|APPLICATION_ACCESS|APPLICATION_ACCESS|APPLICATION_ACCESS|APPLICATION_ACCESS|APPLICATION_ACCESS|APPLICATION_ACCESS|APPLICATION_ACCESS|APPLICATION_ACCESS|APPLICATION_ACCESS|APPLICATION_ACCESS|APPLICATION_ACCESS|APPLICATION_ACCESS|APPLICATION_ACCESS|APPLICATION_ACCESS|APPLICATION_ACCESS|APPLICATION_ACCESS|APPLICATION_ACCESS|APPLICATION_ACCESS|APPLICATION_ACCESS|APPLICATION_ACCESS|APPLICATION_ACCESS|APPLICATION_ACCESS|APPLICATION_ACCESS|APPLICATION_ACCESS|APPLICATION_ACCESS|APPLICATION_ACCESS|VPN_DISCONNECT|LOGOUT,33,1,1,0.02,0,0,1,1,1,0.4757,0.15,0,5.8498,0,0.35,4.8096,8.7463,0.0,0,28,2,normal,,
EMP-394,2026-03-10,DEVICE_CONNECT|LOGIN|VPN_CONNECT|EMAIL_ACCESS|APPLICATION_ACCESS|EMAIL_ACCESS|APPLICATION_ACCESS|APPLICATION_ACCESS|APPLICATION_ACCESS|APPLICATION_ACCESS|APPLICATION_ACCESS|EMAIL_ACCESS|APPLICATION_ACCESS|APPLICATION_ACCESS|EMAIL_ACCESS|APPLICATION_ACCESS|BREAK_START|BREAK_END|APPLICATION_ACCESS|APPLICATION_ACCESS|APPLICATION_ACCESS|APPLICATION_ACCESS|APPLICATION_ACCESS|APPLICATION_ACCESS|EMAIL_ACCESS|EMAIL_ACCESS|APPLICATION_ACCESS|EMAIL_ACCESS|EMAIL_ACCESS|APPLICATION_ACCESS|APPLICATION_ACCESS|FILE_ACCESS|VPN_DISCONNECT|LOGOUT,34,1,1,0.01,0,0,1,1,1,0.4711,0.15,0,5.7347,0,0.35,2.7112,7.8857,0.029411764705882353,0,18,2,normal,,
EMP-395,2026-03-07,DEVICE_CONNECT|LOGIN|VPN_CONNECT|APPLICATION_ACCESS|APPLICATION_ACCESS|APPLICATION_ACCESS|APPLICATION_ACCESS|APPLICATION_ACCESS|APPLICATION_ACCESS|APPLICATION_ACCESS|APPLICATION_ACCESS|BREAK_START|BREAK_END|APPLICATION_ACCESS|APPLICATION_ACCESS|EMAIL_ACCESS|APPLICATION_ACCESS|APPLICATION_ACCESS|APPLICATION_ACCESS|APPLICATION_ACCESS|APPLICATION_ACCESS|VPN_DISCONNECT|LOGOUT,23,1,1,0.015,0,0,1,1,1,0.5434,0.15,0,6.5537,0,0.35,3.416,7.9159,0.0,0,15,2,normal,,
EMP-396,2026-03-07,DEVICE_CONNECT|LOGIN|EMAIL_ACCESS|APPLICATION_ACCESS|RESOURCE_ACCESS|MEETING_JOIN|EMAIL_ACCESS|RESOURCE_ACCESS|RESOURCE_ACCESS|APPLICATION_ACCESS|EMAIL_ACCESS|APPLICATION_ACCESS|RESOURCE_ACCESS|BREAK_START|BREAK_END|RESOURCE_ACCESS|EMAIL_ACCESS|RESOURCE_ACCESS|MEETING_JOIN|APPLICATION_ACCESS|APPLICATION_ACCESS|EMAIL_ACCESS|APPLICATION_ACCESS|APPLICATION_ACCESS|APPLICATION_ACCESS|MEETING_JOIN|RESOURCE_ACCESS|LOGOUT,28,1,1,0.02,0,0,1,1,1,0.596,0.15,0,3.7153,0,0.05,5.2931,8.6262,0.0,0,8,2,normal,,
EMP-397,2026-03-07,DEVICE_CONNECT|LOGIN|VPN_CONNECT|RESOURCE_ACCESS|APPLICATION_ACCESS|MEETING_JOIN|APPLICATION_ACCESS|EMAIL_ACCESS|EMAIL_ACCESS|APPLICATION_ACCESS|EMAIL_ACCESS|RESOURCE_ACCESS|MEETING_JOIN|APPLICATION_ACCESS|BREAK_START|BREAK_END|EMAIL_ACCESS|APPLICATION_ACCESS|MEETING_JOIN|EMAIL_ACCESS|APPLICATION_ACCESS|APPLICATION_ACCESS|APPLICATION_ACCESS|APPLICATION_ACCESS|EMAIL_ACCESS|APPLICATION_ACCESS|RESOURCE_ACCESS|RESOURCE_ACCESS|VPN_DISCONNECT|LOGOUT,30,1,1,0.01,0,0,1,1,1,0.4303,0.15,0,5.9394,0,0.35,3.2288,7.5934,0.0,0,10,2,normal,,
EMP-398,2026-03-10,DEVICE_CONNECT|LOGIN|MEETING_JOIN|APPLICATION_ACCESS|EMAIL_ACCESS|RESOURCE_ACCESS|APPLICATION_ACCESS|APPLICATION_ACCESS|APPLICATION_ACCESS|RESOURCE_ACCESS|RESOURCE_ACCESS|EMAIL_ACCESS|EMAIL_ACCESS|MEETING_JOIN|APPLICATION_ACCESS|BREAK_START|BREAK_END|RESOURCE_ACCESS|RESOURCE_ACCESS|RESOURCE_ACCESS|MEETING_JOIN|APPLICATION_ACCESS|RESOURCE_ACCESS|APPLICATION_ACCESS|RESOURCE_ACCESS|RESOURCE_ACCESS|MEETING_JOIN|EMAIL_ACCESS|EMAIL_ACCESS|EMAIL_ACCESS|APPLICATION_ACCESS|LOGOUT,32,1,1,0.015,0,0,1,1,1,0.5305,0.15,0,4.7629,0,0.05,3.629,7.7081,0.0,0,8,2,normal,,
EMP-399,2026-03-09,DEVICE_CONNECT|LOGIN|VPN_CONNECT|APPLICATION_ACCESS|EMAIL_ACCESS|APPLICATION_ACCESS|APPLICATION_ACCESS|RESOURCE_ACCESS|EMAIL_ACCESS|EMAIL_ACCESS|RESOURCE_ACCESS|RESOURCE_ACCESS|APPLICATION_ACCESS|RESOURCE_ACCESS|BREAK_START|BREAK_END|APPLICATION_ACCESS|RESOURCE_ACCESS|APPLICATION_ACCESS|RESOURCE_ACCESS|RESOURCE_ACCESS|APPLICATION_ACCESS|APPLICATION_ACCESS|RESOURCE_ACCESS|APPLICATION_ACCESS|APPLICATION_ACCESS|RESOURCE_ACCESS|EMAIL_ACCESS|VPN_DISCONNECT|LOGOUT,30,1,1,0.02,0,0,1,1,1,0.5696,0.15,0,6.0647,0,0.35,4.9773,8.1215,0.0,0,10,2,normal,,
EMP-400,2026-03-09,DEVICE_CONNECT|LOGIN|VPN_CONNECT|APPLICATION_ACCESS|APPLICATION_ACCESS|APPLICATION_ACCESS|APPLICATION_ACCESS|APPLICATION_ACCESS|EMAIL_ACCESS|APPLICATION_ACCESS|APPLICATION_ACCESS|BREAK_START|BREAK_END|APPLICATION_ACCESS|APPLICATION_ACCESS|APPLICATION_ACCESS|APPLICATION_ACCESS|APPLICATION_ACCESS|APPLICATION_ACCESS|APPLICATION_ACCESS|EMAIL_ACCESS|VPN_DISCONNECT|LOGOUT,23,1,1,0.01,0,0,1,1,1,0.615,0.15,0,7.8074,0,0.35,3.348,7.6008,0.0,0,14,2,normal,,
EMP-401,2026-03-10,DEVICE_CONNECT|LOGIN|VPN_CONNECT|APPLICATION_ACCESS|APPLICATION_ACCESS|EMAIL_ACCESS|APPLICATION_ACCESS|APPLICATION_ACCESS|APPLICATION_ACCESS|MEETING_JOIN|EMAIL_ACCESS|APPLICATION_ACCESS|BREAK_START|BREAK_END|APPLICATION_ACCESS|APPLICATION_ACCESS|APPLICATION_ACCESS|APPLICATION_ACCESS|APPLICATION_ACCESS|APPLICATION_ACCESS|APPLICATION_ACCESS|APPLICATION_ACCESS|APPLICATION_ACCESS|APPLICATION_ACCESS|VPN_DISCONNECT|LOGOUT,26,1,1,0.015,0,0,1,1,1,0.4086,0.15,0,4.8092,0,0.35,3.9063,7.7185,0.0,0,16,2,normal,,
EMP-402,2026-03-07,DEVICE_CONNECT|LOGIN|VPN_CONNECT|EMAIL_ACCESS|RESOURCE_ACCESS|APPLICATION_ACCESS|RESOURCE_ACCESS|MEETING_JOIN|APPLICATION_ACCESS|RESOURCE_ACCESS|APPLICATION_ACCESS|RESOURCE_ACCESS|RESOURCE_ACCESS|RESOURCE_ACCESS|RESOURCE_ACCESS|RESOURCE_ACCESS|EMAIL_ACCESS|RESOURCE_ACCESS|BREAK_START|BREAK_END|RESOURCE_ACCESS|APPLICATION_ACCESS|MEETING_JOIN|RESOURCE_ACCESS|RESOURCE_ACCESS|EMAIL_ACCESS|APPLICATION_ACCESS|RESOURCE_ACCESS|EMAIL_ACCESS|RESOURCE_ACCESS|EMAIL_ACCESS|RESOURCE_ACCESS|EMAIL_ACCESS|RESOURCE_ACCESS|RESOURCE_ACCESS|RESOURCE_ACCESS|VPN_DISCONNECT|LOGOUT,38,1,1,0.02,0,0,1,1,1,0.4666,0.15,0,3.9573,0,0.35,5.5,8.6621,0.0,0,5,2,normal,,
EMP-403,2026-03-07,DEVICE_CONNECT|LOGIN|APPLICATION_ACCESS|EMAIL_ACCESS|EMAIL_ACCESS|APPLICATION_ACCESS|APPLICATION_ACCESS|APPLICATION_ACCESS|APPLICATION_ACCESS|APPLICATION_ACCESS|APPLICATION_ACCESS|FILE_ACCESS|APPLICATION_ACCESS|BREAK_START|BREAK_END|APPLICATION_ACCESS|EMAIL_ACCESS|APPLICATION_ACCESS|APPLICATION_ACCESS|FILE_ACCESS|APPLICATION_ACCESS|APPLICATION_ACCESS|MEETING_JOIN|APPLICATION_ACCESS|APPLICATION_ACCESS|APPLICATION_ACCESS|APPLICATION_ACCESS|LOGOUT,28,1,1,0.01,0,0,1,1,1,0.502,0.15,0,5.8485,0,0.05,2.7538,7.2941,0.07142857142857142,0,17,2,normal,,
EMP-404,2026-03-07,DEVICE_CONNECT|LOGIN|APPLICATION_ACCESS|APPLICATION_ACCESS|APPLICATION_ACCESS|APPLICATION_ACCESS|APPLICATION_ACCESS|EMAIL_ACCESS|APPLICATION_ACCESS|APPLICATION_ACCESS|BREAK_START|BREAK_END|EMAIL_ACCESS|APPLICATION_ACCESS|APPLICATION_ACCESS|APPLICATION_ACCESS|APPLICATION_ACCESS|APPLICATION_ACCESS|EMAIL_ACCESS|APPLICATION_ACCESS|LOGOUT,21,1,1,0.015,0,0,1,1,1,0.5551,0.15,0,5.5236,0,0.05,4.2557,8.1043,0.0,0,13,2,normal,,
EMP-405,2026-03-08,DEVICE_CONNECT|LOGIN|VPN_CONNECT|APPLICATION_ACCESS|APPLICATION_ACCESS|APPLICATION_ACCESS|APPLICATION_ACCESS|APPLICATION_ACCESS|APPLICATION_ACCESS|APPLICATION_ACCESS|APPLICATION_ACCESS|APPLICATION_ACCESS|APPLICATION_ACCESS|EMAIL_ACCESS|APPLICATION_ACCESS|APPLICATION_ACCESS|APPLICATION_ACCESS|APPLICATION_ACCESS|BREAK_START|BREAK_END|EMAIL_ACCESS|APPLICATION_ACCESS|APPLICATION_ACCESS|APPLICATION_ACCESS|EMAIL_ACCESS|APPLICATION_ACCESS|MEETING_JOIN|EMAIL_ACCESS|MEETING_JOIN|APPLICATION_ACCESS|APPLICATION_ACCESS|APPLICATION_ACCESS|EMAIL_ACCESS|APPLICATION_ACCESS|APPLICATION_ACCESS|APPLICATION_ACCESS|VPN_DISCONNECT|LOGOUT,38,1,1,0.02,0,0,1,1,1,0.4849,0.15,0,8.7112,0,0.35,5.0652,8.5767,0.0,0,24,2,normal,,
EMP-406,2026-03-07,DEVICE_CONNECT|LOGIN|VPN_CONNECT|APPLICATION_ACCESS|APPLICATION_ACCESS|APPLICATION_ACCESS|APPLICATION_ACCESS|APPLICATION_ACCESS|APPLICATION_ACCESS|APPLICATION_ACCESS|APPLICATION_ACCESS|EMAIL_ACCESS|APPLICATION_ACCESS|APPLICATION_ACCESS|APPLICATION_ACCESS|BREAK_START|BREAK_END|APPLICATION_ACCESS|EMAIL_ACCESS|EMAIL_ACCESS|MEETING_JOIN|MEETING_JOIN|APPLICATION_ACCESS|FILE_ACCESS|APPLICATION_ACCESS|APPLICATION_ACCESS|APPLICATION_ACCESS|EMAIL_ACCESS|APPLICATION_ACCESS|VPN_DISCONNECT|LOGOUT,31,1,1,0.01,0,0,1,1,1,0.4537,0.15,0,3.699,0,0.35,3.2695,7.5107,0.03225806451612903,0,17,2,normal,,
EMP-407,2026-03-06,DEVICE_CONNECT|LOGIN|APPLICATION_ACCESS|RESOURCE_ACCESS|RESOURCE_ACCESS|RESOURCE_ACCESS|RESOURCE_ACCESS|RESOURCE_ACCESS|RESOURCE_ACCESS|APPLICATION_ACCESS|MEETING_JOIN|EMAIL_ACCESS|EMAIL_ACCESS|APPLICATION_ACCESS|MEETING_JOIN|APPLICATION_ACCESS|BREAK_START|BREAK_END|APPLICATION_ACCESS|RESOURCE_ACCESS|RESOURCE_ACCESS|RESOURCE_ACCESS|RESOURCE_ACCESS|APPLICATION_ACCESS|RESOURCE_ACCESS|APPLICATION_ACCESS|APPLICATION_ACCESS|RESOURCE_ACCESS|EMAIL_ACCESS|RESOURCE_ACCESS|MEETING_JOIN|MEETING_JOIN|APPLICATION_ACCESS|LOGOUT,34,1,1,0.015,0,0,1,1,1,0.5232,0.15,0,3.6821,0,0.05,4.0917,7.6152,0.0,0,9,2,normal,,
EMP-408,2026-03-07,DEVICE_CONNECT|LOGIN|RESOURCE_ACCESS|APPLICATION_ACCESS|RESOURCE_ACCESS|RESOURCE_ACCESS|APPLICATION_ACCESS|RESOURCE_ACCESS|APPLICATION_ACCESS|RESOURCE_ACCESS|RESOURCE_ACCESS|APPLICATION_ACCESS|RESOURCE_ACCESS|BREAK_START|BREAK_END|EMAIL_ACCESS|RESOURCE_ACCESS|APPLICATION_ACCESS|EMAIL_ACCESS|RESOURCE_ACCESS|EMAIL_ACCESS|RESOURCE_ACCESS|APPLICATION_ACCESS|RESOURCE_ACCESS|RESOURCE_ACCESS|APPLICATION_ACCESS|APPLICATION_ACCESS|LOGOUT,28,1,1,0.02,0,0,1,1,1,0.5564,0.15,0,7.1786,0,0.05,4.968,8.4337,0.0,0,8,2,normal,,
EMP-409,2026-03-09,DEVICE_CONNECT|LOGIN|VPN_CONNECT|EMAIL_ACCESS|APPLICATION_ACCESS|RESOURCE_ACCESS|EMAIL_ACCESS|RESOURCE_ACCESS|APPLICATION_ACCESS|RESOURCE_ACCESS|RESOURCE_ACCESS|APPLICATION_ACCESS|APPLICATION_ACCESS|BREAK_START|BREAK_END|APPLICATION_ACCESS|APPLICATION_ACCESS|RESOURCE_ACCESS|APPLICATION_ACCESS|APPLICATION_ACCESS|APPLICATION_ACCESS|RESOURCE_ACCESS|RESOURCE_ACCESS|RESOURCE_ACCESS|RESOURCE_ACCESS|APPLICATION_ACCESS|VPN_DISCONNECT|LOGOUT,28,1,1,0.01,0,0,1,1,1,0.4623,0.15,0,7.4385,0,0.35,2.9235,7.4587,0.0,0,10,2,normal,,
EMP-410,2026-03-09,DEVICE_CONNECT|LOGIN|APPLICATION_ACCESS|FILE_ACCESS|FILE_ACCESS|APPLICATION_ACCESS|APPLICATION_ACCESS|EMAIL_ACCESS|EMAIL_ACCESS|APPLICATION_ACCESS|APPLICATION_ACCESS|APPLICATION_ACCESS|APPLICATION_ACCESS|APPLICATION_ACCESS|EMAIL_ACCESS|BREAK_START|BREAK_END|FILE_ACCESS|EMAIL_ACCESS|APPLICATION_ACCESS|APPLICATION_ACCESS|APPLICATION_ACCESS|APPLICATION_ACCESS|APPLICATION_ACCESS|APPLICATION_ACCESS|APPLICATION_ACCESS|APPLICATION_ACCESS|FILE_ACCESS|APPLICATION_ACCESS|APPLICATION_ACCESS|APPLICATION_ACCESS|LOGOUT,32,1,1,0.015,0,0,1,1,1,0.4788,0.15,0,7.0766,0,0.05,3.6785,7.8751,0.125,0,19,4,normal,,
EMP-411,2026-03-07,DEVICE_CONNECT|LOGIN|VPN_CONNECT|APPLICATION_ACCESS|APPLICATION_ACCESS|APPLICATION_ACCESS|APPLICATION_ACCESS|EMAIL_ACCESS|EMAIL_ACCESS|APPLICATION_ACCESS|APPLICATION_ACCESS|APPLICATION_ACCESS|EMAIL_ACCESS|APPLICATION_ACCESS|APPLICATION_ACCESS|APPLICATION_ACCESS|APPLICATION_ACCESS|EMAIL_ACCESS|APPLICATION_ACCESS|EMAIL_ACCESS|APPLICATION_ACCESS|APPLICATION_ACCESS|APPLICATION_ACCESS|APPLICATION_ACCESS|APPLICATION_ACCESS|APPLICATION_ACCESS|APPLICATION_ACCESS|APPLICATION_ACCESS|APPLICATION_ACCESS|EMAIL_ACCESS|APPLICATION_ACCESS|APPLICATION_ACCESS|APPLICATION_ACCESS|VPN_DISCONNECT|LOGOUT,35,1,1,0.02,0,0,1,1,1,0.5588,0.15,0,4.5549,0,0.35,5.4241,8.8374,0.0,0,24,2,normal,,
EMP-412,2026-03-08,DEVICE_CONNECT|LOGIN|APPLICATION_ACCESS|APPLICATION_ACCESS|APPLICATION_ACCESS|EMAIL_ACCESS|EMAIL_ACCESS|APPLICATION_ACCESS|APPLICATION_ACCESS|APPLICATION_ACCESS|EMAIL_ACCESS|APPLICATION_ACCESS|APPLICATION_ACCESS|EMAIL_ACCESS|APPLICATION_ACCESS|BREAK_START|BREAK_END|EMAIL_ACCESS|APPLICATION_ACCESS|APPLICATION_ACCESS|APPLICATION_ACCESS|MEETING_JOIN|APPLICATION_ACCESS|APPLICATION_ACCESS|APPLICATION_ACCESS|APPLICATION_ACCESS|EMAIL_ACCESS|APPLICATION_ACCESS|MEETING_JOIN|APPLICATION_ACCESS|LOGOUT,31,1,1,0.01,0,0,1,1,1,0.5631,0.15,0,4.3802,0,0.05,3.5518,7.6691,0.0,0,18,2,normal,,
EMP-413,2026-03-08,DEVICE_CONNECT|LOGIN|APPLICATION_ACCESS|APPLICATION_ACCESS|APPLICATION_ACCESS|APPLICATION_ACCESS|APPLICATION_ACCESS|APPLICATION_ACCESS|APPLICATION_ACCESS|APPLICATION_ACCESS|APPLICATION_ACCESS|MEETING_JOIN|APPLICATION_ACCESS|APPLICATION_ACCESS|APPLICATION_ACCESS|APPLICATION_ACCESS|BREAK_START|BREAK_END|MEETING_JOIN|EMAIL_ACCESS|APPLICATION_ACCESS|APPLICATION_ACCESS|APPLICATION_ACCESS|APPLICATION_ACCESS|EMAIL_ACCESS|APPLICATION_ACCESS|APPLICATION_ACCESS|APPLICATION_ACCESS|APPLICATION_ACCESS|MEETING_JOIN|APPLICATION_ACCESS|MEETING_JOIN|LOGOUT,33,1,1,0.015,0,0,1,1,1,0.4796,0.15,0,6.8993,0,0.05,4.1462,8.2756,0.0,0,22,2,normal,,
EMP-414,2026-03-09,DEVICE_CONNECT|LOGIN|EMAIL_ACCESS|APPLICATION_ACCESS|APPLICATION_ACCESS|APPLICATION_ACCESS|EMAIL_ACCESS|APPLICATION_ACCESS|APPLICATION_ACCESS|APPLICATION_ACCESS|APPLICATION_ACCESS|APPLICATION_ACCESS|APPLICATION_ACCESS|APPLICATION_ACCESS|BREAK_START|BREAK_END|APPLICATION_ACCESS|APPLICATION_ACCESS|APPLICATION_ACCESS|APPLICATION_ACCESS|APPLICATION_ACCESS|APPLICATION_ACCESS|APPLICATION_ACCESS|APPLICATION_ACCESS|APPLICATION_ACCESS|APPLICATION_ACCESS|APPLICATION_ACCESS|APPLICATION_ACCESS|LOGOUT,29,1,1,0.02,0,0,1,1,1,0.5191,0.15,0,5.7586,0,0.05,4.6079,8.4863,0.0,0,22,2,normal,,
EMP-415,2026-03-08,DEVICE_CONNECT|LOGIN|VPN_CONNECT|MEETING_JOIN|MEETING_JOIN|EMAIL_ACCESS|APPLICATION_ACCESS|APPLICATION_ACCESS|APPLICATION_ACCESS|EMAIL_ACCESS|RESOURCE_ACCESS|APPLICATION_ACCESS|RESOURCE_ACCESS|APPLICATION_ACCESS|BREAK_START|BREAK_END|RESOURCE_ACCESS|APPLICATION_ACCESS|MEETING_JOIN|RESOURCE_ACCESS|APPLICATION_ACCESS|EMAIL_ACCESS|EMAIL_ACCESS|RESOURCE_ACCESS|EMAIL_ACCESS|MEETING_JOIN|APPLICATION_ACCESS|VPN_DISCONNECT|LOGOUT,29,1,1,0.01,0,0,1,1,1,0.5606,0.15,0,6.8027,0,0.35,3.5925,7.4328,0.0,0,8,2,normal,,
EMP-416,2026-03-08,DEVICE_CONNECT|LOGIN|VPN_CONNECT|APPLICATION_ACCESS|RESOURCE_ACCESS|RESOURCE_ACCESS|APPLICATION_ACCESS|RESOURCE_ACCESS|RESOURCE_ACCESS|EMAIL_ACCESS|APPLICATION_ACCESS|RESOURCE_ACCESS|MEETING_JOIN|RESOURCE_ACCESS|APPLICATION_ACCESS|RESOURCE_ACCESS|RESOURCE_ACCESS|BREAK_START|BREAK_END|RESOURCE_ACCESS|RESOURCE_ACCESS|RESOURCE_ACCESS|MEETING_JOIN|RESOURCE_ACCESS|EMAIL_ACCESS|APPLICATION_ACCESS|RESOURCE_ACCESS|APPLICATION_ACCESS|EMAIL_ACCESS|APPLICATION_ACCESS|RESOURCE_ACCESS|MEETING_JOIN|APPLICATION_ACCESS|EMAIL_ACCESS|VPN_DISCONNECT|LOGOUT,36,1,1,0.015,0,0,1,1,1,0.5735,0.15,0,4.1705,0,0.35,3.8305,8.3994,0.0,0,8,2,normal,,
EMP-417,2026-03-10,DEVICE_CONNECT|LOGIN|VPN_CONNECT|APPLICATION_ACCESS|APPLICATION_ACCESS|APPLICATION_ACCESS|APPLICATION_ACCESS|APPLICATION_ACCESS|EMAIL_ACCESS|APPLICATION_ACCESS|APPLICATION_ACCESS|APPLICATION_ACCESS|APPLICATION_ACCESS|BREAK_START|BREAK_END|APPLICATION_ACCESS|APPLICATION_ACCESS|APPLICATION_ACCESS|MEETING_JOIN|EMAIL_ACCESS|EMAIL_ACCESS|APPLICATION_ACCESS|EMAIL_ACCESS|MEETING_JOIN|MEETING_JOIN|APPLICATION_ACCESS|VPN_DISCONNECT|LOGOUT,28,1,1,0.02,0,0,1,1,1,0.4357,0.15,0,3.9758,0,0.35,5.4733,8.7624,0.0,0,14,2,normal,,
EMP-418,2026-03-06,DEVICE_CONNECT|LOGIN|VPN_CONNECT|EMAIL_ACCESS|RESOURCE_ACCESS|RESOURCE_ACCESS|RESOURCE_ACCESS|RESOURCE_ACCESS|RESOURCE_ACCESS|RESOURCE_ACCESS|APPLICATION_ACCESS|RESOURCE_ACCESS|APPLICATION_ACCESS|APPLICATION_ACCESS|BREAK_START|BREAK_END|MEETING_JOIN|RESOURCE_ACCESS|APPLICATION_ACCESS|EMAIL_ACCESS|RESOURCE_ACCESS|RESOURCE_ACCESS|APPLICATION_ACCESS|APPLICATION_ACCESS|APPLICATION_ACCESS|MEETING_JOIN|MEETING_JOIN|APPLICATION_ACCESS|VPN_DISCONNECT|LOGOUT,30,1,1,0.01,0,0,1,1,1,0.5307,0.15,0,5.5132,0,0.35,2.672,7.1912,0.0,0,8,2,normal,,
EMP-419,2026-03-10,DEVICE_CONNECT|LOGIN|VPN_CONNECT|APPLICATION_ACCESS|APPLICATION_ACCESS|APPLICATION_ACCESS|APPLICATION_ACCESS|APPLICATION_ACCESS|APPLICATION_ACCESS|APPLICATION_ACCESS|APPLICATION_ACCESS|APPLICATION_ACCESS|APPLICATION_ACCESS|EMAIL_ACCESS|APPLICATION_ACCESS|EMAIL_ACCESS|APPLICATION_ACCESS|APPLICATION_ACCESS|APPLICATION_ACCESS|APPLICATION_ACCESS|APPLICATION_ACCESS|APPLICATION_ACCESS|APPLICATION_ACCESS|APPLICATION_ACCESS|APPLICATION_ACCESS|VPN_DISCONNECT|LOGOUT,27,1,1,0.015,0,0,1,1,1,0.5224,0.15,0,6.2735,0,0.35,3.8263,7.8723,0.0,0,20,2,normal,,
EMP-420,2026-03-06,DEVICE_CONNECT|LOGIN|VPN_CONNECT|APPLICATION_ACCESS|APPLICATION_ACCESS|APPLICATION_ACCESS|EMAIL_ACCESS|APPLICATION_ACCESS|APPLICATION_ACCESS|EMAIL_ACCESS|APPLICATION_ACCESS|APPLICATION_ACCESS|APPLICATION_ACCESS|APPLICATION_ACCESS|APPLICATION_ACCESS|APPLICATION_ACCESS|APPLICATION_ACCESS|EMAIL_ACCESS|EMAIL_ACCESS|APPLICATION_ACCESS|APPLICATION_ACCESS|EMAIL_ACCESS|APPLICATION_ACCESS|APPLICATION_ACCESS|APPLICATION_ACCESS|APPLICATION_ACCESS|APPLICATION_ACCESS|APPLICATION_ACCESS|EMAIL_ACCESS|APPLICATION_ACCESS|APPLICATION_ACCESS|APPLICATION_ACCESS|APPLICATION_ACCESS|APPLICATION_ACCESS|APPLICATION_ACCESS|VPN_DISCONNECT|LOGOUT,37,1,1,0.02,0,0,1,1,1,0.627,0.15,0,8.1711,0,0.35,5.4241,8.8171,0.0,0,26,2,normal,,
EMP-421,2026-03-07,DEVICE_CONNECT|LOGIN|VPN_CONNECT|APPLICATION_ACCESS|APPLICATION_ACCESS|MEETING_JOIN|APPLICATION_ACCESS|APPLICATION_ACCESS|EMAIL_ACCESS|FILE_ACCESS|APPLICATION_ACCESS|APPLICATION_ACCESS|MEETING_JOIN|APPLICATION_ACCESS|EMAIL_ACCESS|APPLICATION_ACCESS|APPLICATION_ACCESS|BREAK_START|BREAK_END|FILE_ACCESS|APPLICATION_ACCESS|APPLICATION_ACCESS|APPLICATION_ACCESS|MEETING_JOIN|APPLICATION_ACCESS|APPLICATION_ACCESS|APPLICATION_ACCESS|FILE_ACCESS|APPLICATION_ACCESS|APPLICATION_ACCESS|APPLICATION_ACCESS|APPLICATION_ACCESS|EMAIL_ACCESS|VPN_DISCONNECT|LOGOUT,35,1,1,0.01,0,0,1,1,1,0.4604,0.15,0,2.8124,0,0.35,3.5355,7.1403,0.08571428571428572,0,19,3,normal,,
EMP-422,2026-03-06,DEVICE_CONNECT|LOGIN|MEETING_JOIN|APPLICATION_ACCESS|APPLICATION_ACCESS|APPLICATION_ACCESS|APPLICATION_ACCESS|APPLICATION_ACCESS|EMAIL_ACCESS|APPLICATION_ACCESS|MEETING_JOIN|APPLICATION_ACCESS|BREAK_START|BREAK_END|EMAIL_ACCESS|MEETING_JOIN|APPLICATION_ACCESS|APPLICATION_ACCESS|APPLICATION_ACCESS|APPLICATION_ACCESS|APPLICATION_ACCESS|APPLICATION_ACCESS|APPLICATION_ACCESS|APPLICATION_ACCESS|LOGOUT,25,1,1,0.015,0,0,1,1,1,0.5463,0.15,0,5.7673,0,0.05,4.338,8.3797,0.0,0,15,2,normal,,
EMP-423,2026-03-10,DEVICE_CONNECT|LOGIN|VPN_CONNECT|APPLICATION_ACCESS|EMAIL_ACCESS|MEETING_JOIN|APPLICATION_ACCESS|APPLICATION_ACCESS|APPLICATION_ACCESS|EMAIL_ACCESS|EMAIL_ACCESS|APPLICATION_ACCESS|APPLICATION_ACCESS|APPLICATION_ACCESS|EMAIL_ACCESS|BREAK_START|BREAK_END|APPLICATION_ACCESS|APPLICATION_ACCESS|APPLICATION_ACCESS|APPLICATION_ACCESS|APPLICATION_ACCESS|MEETING_JOIN|APPLICATION_ACCESS|APPLICATION_ACCESS|MEETING_JOIN|EMAIL_ACCESS|APPLICATION_ACCESS|APPLICATION_ACCESS|APPLICATION_ACCESS|VPN_DISCONNECT|LOGOUT,32,1,1,0.02,0,0,1,1,1,0.5782,0.15,0,7.3422,0,0.35,4.4504,8.7589,0.0,0,17,2,normal,,
EMP-424,2026-03-08,DEVICE_CONNECT|LOGIN|APPLICATION_ACCESS|APPLICATION_ACCESS|APPLICATION_ACCESS|APPLICATION_ACCESS|MEETING_JOIN|RESOURCE_ACCESS|MEETING_JOIN|EMAIL_ACCESS|EMAIL_ACCESS|EMAIL_ACCESS|RESOURCE_ACCESS|EMAIL_ACCESS|APPLICATION_ACCESS|APPLICATION_ACCESS|BREAK_START|BREAK_END|RESOURCE_ACCESS|APPLICATION_ACCESS|MEETING_JOIN|APPLICATION_ACCESS|APPLICATION_ACCESS|EMAIL_ACCESS|APPLICATION_ACCESS|RESOURCE_ACCESS|EMAIL_ACCESS|APPLICATION_ACCESS|APPLICATION_ACCESS|APPLICATION_ACCESS|APPLICATION_ACCESS|RESOURCE_ACCESS|RESOURCE_ACCESS|LOGOUT,34,1,1,0.01,0,0,1,1,1,0.5667,0.15,0,5.8542,0,0.05,2.834,7.2643,0.0,0,14,2,normal,,
EMP-425,2026-03-09,DEVICE_CONNECT|LOGIN|EMAIL_ACCESS|APPLICATION_ACCESS|EMAIL_ACCESS|APPLICATION_ACCESS|APPLICATION_ACCESS|APPLICATION_ACCESS|EMAIL_ACCESS|APPLICATION_ACCESS|APPLICATION_ACCESS|APPLICATION_ACCESS|APPLICATION_ACCESS|APPLICATION_ACCESS|APPLICATION_ACCESS|BREAK_START|BREAK_END|APPLICATION_ACCESS|APPLICATION_ACCESS|EMAIL_ACCESS|EMAIL_ACCESS|EMAIL_ACCESS|APPLICATION_ACCESS|APPLICATION_ACCESS|EMAIL_ACCESS|EMAIL_ACCESS|APPLICATION_ACCESS|APPLICATION_ACCESS|APPLICATION_ACCESS|APPLICATION_ACCESS|LOGOUT,31,1,1,0.015,0,0,1,1,1,0.4708,0.15,0,8.7859,0,0.05,4.4446,7.9987,0.0,0,18,2,normal,,
EMP-426,2026-03-07,DEVICE_CONNECT|LOGIN|RESOURCE_ACCESS|MEETING_JOIN|APPLICATION_ACCESS|APPLICATION_ACCESS|MEETING_JOIN|EMAIL_ACCESS|RESOURCE_ACCESS|EMAIL_ACCESS|APPLICATION_ACCESS|EMAIL_ACCESS|APPLICATION_ACCESS|APPLICATION_ACCESS|APPLICATION_ACCESS|EMAIL_ACCESS|BREAK_START|BREAK_END|APPLICATION_ACCESS|APPLICATION_ACCESS|RESOURCE_ACCESS|RESOURCE_ACCESS|MEETING_JOIN|RESOURCE_ACCESS|APPLICATION_ACCESS|APPLICATION_ACCESS|APPLICATION_ACCESS|EMAIL_ACCESS|RESOURCE_ACCESS|RESOURCE_ACCESS|MEETING_JOIN|APPLICATION_ACCESS|LOGOUT,33,1,1,0.02,0,0,1,1,1,0.5147,0.15,0,3.5038,0,0.05,5.4183,8.2102,0.0,0,12,2,normal,,
EMP-427,2026-03-07,DEVICE_CONNECT|LOGIN|VPN_CONNECT|APPLICATION_ACCESS|EMAIL_ACCESS|RESOURCE_ACCESS|RESOURCE_ACCESS|RESOURCE_ACCESS|APPLICATION_ACCESS|RESOURCE_ACCESS|EMAIL_ACCESS|RESOURCE_ACCESS|APPLICATION_ACCESS|MEETING_JOIN|MEETING_JOIN|APPLICATION_ACCESS|APPLICATION_ACCESS|RESOURCE_ACCESS|APPLICATION_ACCESS|BREAK_START|BREAK_END|RESOURCE_ACCESS|RESOURCE_ACCESS|RESOURCE_ACCESS|RESOURCE_ACCESS|RESOURCE_ACCESS|RESOURCE_ACCESS|EMAIL_ACCESS|APPLICATION_ACCESS|EMAIL_ACCESS|RESOURCE_ACCESS|RESOURCE_ACCESS|RESOURCE_ACCESS|RESOURCE_ACCESS|RESOURCE_ACCESS|APPLICATION_ACCESS|RESOURCE_ACCESS|VPN_DISCONNECT|LOGOUT,39,1,1,0.01,0,0,1,1,1,0.597,0.15,0,5.8077,0,0.35,3.4018,7.1053,0.0,0,8,2,normal,,
EMP-428,2026-03-07,DEVICE_CONNECT|LOGIN|VPN_CONNECT|APPLICATION_ACCESS|APPLICATION_ACCESS|EMAIL_ACCESS|EMAIL_ACCESS|APPLICATION_ACCESS|APPLICATION_ACCESS|EMAIL_ACCESS|EMAIL_ACCESS|APPLICATION_ACCESS|RESOURCE_ACCESS|RESOURCE_ACCESS|FILE_ACCESS|RESOURCE_ACCESS|RESOURCE_ACCESS|RESOURCE_ACCESS|FILE_ACCESS|BREAK_START|BREAK_END|FILE_ACCESS|RESOURCE_ACCESS|RESOURCE_ACCESS|APPLICATION_ACCESS|APPLICATION_ACCESS|FILE_ACCESS|FILE_ACCESS|EMAIL_ACCESS|RESOURCE_ACCESS|RESOURCE_ACCESS|EMAIL_ACCESS|APPLICATION_ACCESS|APPLICATION_ACCESS|APPLICATION_ACCESS|EMAIL_ACCESS|EMAIL_ACCESS|VPN_DISCONNECT|LOGOUT,39,1,1,0.015,0,0,1,1,1,0.5841,0.15,0,6.0151,0,0.35,3.8469,7.6682,0.1282051282051282,0,10,5,normal,,
EMP-429,2026-03-07,DEVICE_CONNECT|LOGIN|VPN_CONNECT|APPLICATION_ACCESS|EMAIL_ACCESS|MEETING_JOIN|RESOURCE_ACCESS|EMAIL_ACCESS|EMAIL_ACCESS|APPLICATION_ACCESS|RESOURCE_ACCESS|RESOURCE_ACCESS|RESOURCE_ACCESS|RESOURCE_ACCESS|APPLICATION_ACCESS|RESOURCE_ACCESS|RESOURCE_ACCESS|RESOURCE_ACCESS|BREAK_START|BREAK_END|APPLICATION_ACCESS|RESOURCE_ACCESS|RESOURCE_ACCESS|EMAIL_ACCESS|APPLICATION_ACCESS|APPLICATION_ACCESS|RESOURCE_ACCESS|MEETING_JOIN|RESOURCE_ACCESS|EMAIL_ACCESS|APPLICATION_ACCESS|APPLICATION_ACCESS|APPLICATION_ACCESS|RESOURCE_ACCESS|APPLICATION_ACCESS|VPN_DISCONNECT|LOGOUT,37,1,1,0.02,0,0,1,1,1,0.4361,0.15,0,7.495,0,0.35,5.3042,8.2213,0.0,0,10,2,normal,,
EMP-430,2026-03-07,DEVICE_CONNECT|LOGIN|VPN_CONNECT|APPLICATION_ACCESS|APPLICATION_ACCESS|EMAIL_ACCESS|APPLICATION_ACCESS|EMAIL_ACCESS|APPLICATION_ACCESS|APPLICATION_ACCESS|EMAIL_ACCESS|BREAK_START|BREAK_END|APPLICATION_ACCESS|APPLICATION_ACCESS|APPLICATION_ACCESS|APPLICATION_ACCESS|APPLICATION_ACCESS|EMAIL_ACCESS|APPLICATION_ACCESS|EMAIL_ACCESS|VPN_DISCONNECT|LOGOUT,23,1,1,0.01,0,0,1,1,1,0.5287,0.15,0,6.914,0,0.35,3.5016,7.4431,0.0,0,11,2,normal,,
EMP-431,2026-03-07,DEVICE_CONNECT|LOGIN|RESOURCE_ACCESS|EMAIL_ACCESS|RESOURCE_ACCESS|RESOURCE_ACCESS|EMAIL_ACCESS|RESOURCE_ACCESS|EMAIL_ACCESS|RESOURCE_ACCESS|RESOURCE_ACCESS|RESOURCE_ACCESS|APPLICATION_ACCESS|APPLICATION_ACCESS|RESOURCE_ACCESS|RESOURCE_ACCESS|APPLICATION_ACCESS|BREAK_START|BREAK_END|RESOURCE_ACCESS|RESOURCE_ACCESS|RESOURCE_ACCESS|APPLICATION_ACCESS|APPLICATION_ACCESS|RESOURCE_ACCESS|RESOURCE_ACCESS|RESOURCE_ACCESS|APPLICATION_ACCESS|RESOURCE_ACCESS|RESOURCE_ACCESS|RESOURCE_ACCESS|MEETING_JOIN|APPLICATION_ACCESS|EMAIL_ACCESS|LOGOUT,35,1,1,0.015,0,0,1,1,1,0.5952,0.15,0,4.0485,0,0.05,4.5325,8.1458,0.0,0,7,2,normal,,
EMP-432,2026-03-10,DEVICE_CONNECT|LOGIN|VPN_CONNECT|EMAIL_ACCESS|APPLICATION_ACCESS|APPLICATION_ACCESS|APPLICATION_ACCESS|APPLICATION_ACCESS|APPLICATION_ACCESS|APPLICATION_ACCESS|APPLICATION_ACCESS|APPLICATION_ACCESS|EMAIL_ACCESS|APPLICATION_ACCESS|APPLICATION_ACCESS|APPLICATION_ACCESS|APPLICATION_ACCESS|APPLICATION_ACCESS|BREAK_START|BREAK_END|APPLICATION_ACCESS|APPLICATION_ACCESS|APPLICATION_ACCESS|APPLICATION_ACCESS|APPLICATION_ACCESS|APPLICATION_ACCESS|EMAIL_ACCESS|APPLICATION_ACCESS|APPLICATION_ACCESS|APPLICATION_ACCESS|APPLICATION_ACCESS|APPLICATION_ACCESS|APPLICATION_ACCESS|EMAIL_ACCESS|APPLICATION_ACCESS|VPN_DISCONNECT|LOGOUT,37,1,1,0.02,0,0,1,1,1,0.5646,0.15,0,3.5298,0,0.35,5.5,8.745,0.0,0,26,2,normal,,
EMP-433,2026-03-07,DEVICE_CONNECT|LOGIN|APPLICATION_ACCESS|EMAIL_ACCESS|APPLICATION_ACCESS|APPLICATION_ACCESS|APPLICATION_ACCESS|APPLICATION_ACCESS|APPLICATION_ACCESS|APPLICATION_ACCESS|APPLICATION_ACCESS|APPLICATION_ACCESS|APPLICATION_ACCESS|APPLICATION_ACCESS|APPLICATION_ACCESS|APPLICATION_ACCESS|APPLICATION_ACCESS|APPLICATION_ACCESS|APPLICATION_ACCESS|APPLICATION_ACCESS|EMAIL_ACCESS|EMAIL_ACCESS|APPLICATION_ACCESS|APPLICATION_ACCESS|APPLICATION_ACCESS|APPLICATION_ACCESS|LOGOUT,27,1,1,0.01,0,0,1,1,1,0.4338,0.15,0,5.705,0,0.05,2.9209,7.7179,0.0,0,21,2,normal,,
EMP-434,2026-03-10,DEVICE_CONNECT|LOGIN|APPLICATION_ACCESS|APPLICATION_ACCESS|APPLICATION_ACCESS|MEETING_JOIN|APPLICATION_ACCESS|APPLICATION_ACCESS|APPLICATION_ACCESS|MEETING_JOIN|APPLICATION_ACCESS|APPLICATION_ACCESS|BREAK_START|BREAK_END|APPLICATION_ACCESS|APPLICATION_ACCESS|APPLICATION_ACCESS|MEETING_JOIN|APPLICATION_ACCESS|APPLICATION_ACCESS|APPLICATION_ACCESS|APPLICATION_ACCESS|EMAIL_ACCESS|EMAIL_ACCESS|LOGOUT,25,1,1,0.015,0,0,1,1,1,0.5259,0.15,0,7.4805,0,0.05,4.483,8.1132,0.0,0,15,2,normal,,
EMP-435,2026-03-08,DEVICE_CONNECT|LOGIN|VPN_CONNECT|EMAIL_ACCESS|RESOURCE_ACCESS|APPLICATION_ACCESS|EMAIL_ACCESS|EMAIL_ACCESS|APPLICATION_ACCESS|RESOURCE_ACCESS|EMAIL_ACCESS|APPLICATION_ACCESS|APPLICATION_ACCESS|APPLICATION_ACCESS|APPLICATION_ACCESS|APPLICATION_ACCESS|BREAK_START|BREAK_END|APPLICATION_ACCESS|RESOURCE_ACCESS|APPLICATION_ACCESS|APPLICATION_ACCESS|RESOURCE_ACCESS|APPLICATION_ACCESS|APPLICATION_ACCESS|EMAIL_ACCESS|MEETING_JOIN|APPLICATION_ACCESS|RESOURCE_ACCESS|RESOURCE_ACCESS|APPLICATION_ACCESS|RESOURCE_ACCESS|VPN_DISCONNECT|LOGOUT,34,1,1,0.02,0,0,1,1,1,0.5978,0.15,0,9.4401,0,0.35,5.451,8.7393,0.0,0,14,2,normal,,
EMP-436,2026-03-08,DEVICE_CONNECT|LOGIN|VPN_CONNECT|EMAIL_ACCESS|APPLICATION_ACCESS|APPLICATION_ACCESS|EMAIL_ACCESS|APPLICATION_ACCESS|APPLICATION_ACCESS|APPLICATION_ACCESS|APPLICATION_ACCESS|APPLICATION_ACCESS|BREAK_START|BREAK_END|APPLICATION_ACCESS|APPLICATION_ACCESS|EMAIL_ACCESS|APPLICATION_ACCESS|APPLICATION_ACCESS|APPLICATION_ACCESS|APPLICATION_ACCESS|APPLICATION_ACCESS|APPLICATION_ACCESS|VPN_DISCONNECT|LOGOUT,25,1,1,0.01,0,0,1,1,1,0.5919,0.15,0,5.1573,0,0.35,3.4483,7.6606,0.0,0,15,2,normal,,
EMP-437,2026-03-09,DEVICE_CONNECT|LOGIN|VPN_CONNECT|MEETING_JOIN|APPLICATION_ACCESS|APPLICATION_ACCESS|APPLICATION_ACCESS|APPLICATION_ACCESS|APPLICATION_ACCESS|APPLICATION_ACCESS|APPLICATION_ACCESS|APPLICATION_ACCESS|APPLICATION_ACCESS|APPLICATION_ACCESS|APPLICATION_ACCESS|BREAK_START|BREAK_END|APPLICATION_ACCESS|APPLICATION_ACCESS|EMAIL_ACCESS|APPLICATION_ACCESS|APPLICATION_ACCESS|EMAIL_ACCESS|APPLICATION_ACCESS|APPLICATION_ACCESS|APPLICATION_ACCESS|APPLICATION_ACCESS|EMAIL_ACCESS|MEETING_JOIN|VPN_DISCONNECT|LOGOUT,31,1,1,0.015,0,0,1,1,1,0.4909,0.15,0,3.5237,0,0.35,4.0334,7.8238,0.0,0,19,2,normal,,
EMP-438,2026-03-06,DEVICE_CONNECT|LOGIN|VPN_CONNECT|APPLICATION_ACCESS|APPLICATION_ACCESS|MEETING_JOIN|APPLICATION_ACCESS|APPLICATION_ACCESS|MEETING_JOIN|MEETING_JOIN|APPLICATION_ACCESS|APPLICATION_ACCESS|BREAK_START|BREAK_END|EMAIL_ACCESS|MEETING_JOIN|MEETING_JOIN|APPLICATION_ACCESS|APPLICATION_ACCESS|APPLICATION_ACCESS|APPLICATION_ACCESS|APPLICATION_ACCESS|APPLICATION_ACCESS|APPLICATION_ACCESS|VPN_DISCONNECT|LOGOUT,26,1,1,0.02,0,0,1,1,1,0.52,0.15,0,5.8386,0,0.35,5.0533,8.2641,0.0,0,13,2,normal,,
EMP-439,2026-03-07,DEVICE_CONNECT|LOGIN|VPN_CONNECT|APPLICATION_ACCESS|APPLICATION_ACCESS|APPLICATION_ACCESS|EMAIL_ACCESS|APPLICATION_ACCESS|APPLICATION_ACCESS|APPLICATION_ACCESS|EMAIL_ACCESS|APPLICATION_ACCESS|APPLICATION_ACCESS|APPLICATION_ACCESS|EMAIL_ACCESS|APPLICATION_ACCESS|APPLICATION_ACCESS|EMAIL_ACCESS|APPLICATION_ACCESS|VPN_DISCONNECT|LOGOUT,21,1,1,0.01,0,0,1,1,1,0.5652,0.15,0,7.5924,0,0.35,3.3379,7.8101,0.0,0,12,2,normal,,
EMP-440,2026-03-07,DEVICE_CONNECT|LOGIN|VPN_CONNECT|APPLICATION_ACCESS|APPLICATION_ACCESS|APPLICATION_ACCESS|APPLICATION_ACCESS|APPLICATION_ACCESS|EMAIL_ACCESS|APPLICATION_ACCESS|APPLICATION_ACCESS|APPLICATION_ACCESS|APPLICATION_ACCESS|APPLICATION_ACCESS|APPLICATION_ACCESS|APPLICATION_ACCESS|BREAK_START|BREAK_END|EMAIL_ACCESS|EMAIL_ACCESS|APPLICATION_ACCESS|MEETING_JOIN|APPLICATION_ACCESS|EMAIL_ACCESS|APPLICATION_ACCESS|EMAIL_ACCESS|APPLICATION_ACCESS|APPLICATION_ACCESS|APPLICATION_ACCESS|APPLICATION_ACCESS|APPLICATION_ACCESS|APPLICATION_ACCESS|VPN_DISCONNECT|LOGOUT,34,1,1,0.015,0,0,1,1,1,0.6275,0.15,0,9.1429,0,0.35,4.0449,7.6674,0.0,0,21,2,normal,,
EMP-441,2026-03-08,DEVICE_CONNECT|LOGIN|APPLICATION_ACCESS|EMAIL_ACCESS|FILE_ACCESS|EMAIL_ACCESS|FILE_ACCESS|APPLICATION_ACCESS|APPLICATION_ACCESS|APPLICATION_ACCESS|EMAIL_ACCESS|APPLICATION_ACCESS|APPLICATION_ACCESS|APPLICATION_ACCESS|BREAK_START|BREAK_END|APPLICATION_ACCESS|APPLICATION_ACCESS|EMAIL_ACCESS|APPLICATION_ACCESS|APPLICATION_ACCESS|APPLICATION_ACCESS|APPLICATION_ACCESS|APPLICATION_ACCESS|FILE_ACCESS|FILE_ACCESS|APPLICATION_ACCESS|APPLICATION_ACCESS|LOGOUT,29,1,1,0.02,0,0,1,1,1,0.4725,0.15,0,4.7202,0,0.05,5.5,8.2008,0.13793103448275862,0,16,4,normal,,
EMP-442,2026-03-09,DEVICE_CONNECT|LOGIN|APPLICATION_ACCESS|APPLICATION_ACCESS|APPLICATION_ACCESS|APPLICATION_ACCESS|APPLICATION_ACCESS|EMAIL_ACCESS|MEETING_JOIN|APPLICATION_ACCESS|APPLICATION_ACCESS|APPLICATION_ACCESS|APPLICATION_ACCESS|APPLICATION_ACCESS|APPLICATION_ACCESS|EMAIL_ACCESS|BREAK_START|BREAK_END|APPLICATION_ACCESS|MEETING_JOIN|MEETING_JOIN|APPLICATION_ACCESS|APPLICATION_ACCESS|APPLICATION_ACCESS|APPLICATION_ACCESS|APPLICATION_ACCESS|EMAIL_ACCESS|APPLICATION_ACCESS|APPLICATION_ACCESS|APPLICATION_ACCESS|APPLICATION_ACCESS|APPLICATION_ACCESS|LOGOUT,33,1,1,0.01,0,0,1,1,1,0.4714,0.15,0,5.035,0,0.05,2.8089,7.3498,0.0,0,22,2,normal,,
EMP-443,2026-03-08,DEVICE_CONNECT|LOGIN|APPLICATION_ACCESS|MEETING_JOIN|APPLICATION_ACCESS|APPLICATION_ACCESS|APPLICATION_ACCESS|APPLICATION_ACCESS|APPLICATION_ACCESS|APPLICATION_ACCESS|APPLICATION_ACCESS|APPLICATION_ACCESS|MEETING_JOIN|EMAIL_ACCESS|MEETING_JOIN|BREAK_START|BREAK_END|APPLICATION_ACCESS|APPLICATION_ACCESS|APPLICATION_ACCESS|EMAIL_ACCESS|APPLICATION_ACCESS|APPLICATION_ACCESS|MEETING_JOIN|APPLICATION_ACCESS|EMAIL_ACCESS|APPLICATION_ACCESS|EMAIL_ACCESS|APPLICATION_ACCESS|APPLICATION_ACCESS|EMAIL_ACCESS|LOGOUT,32,1,1,0.015,0,0,1,1,1,0.5023,0.15,0,7.171,0,0.05,3.7104,8.0319,0.0,0,18,2,normal,,
EMP-444,2026-03-08,DEVICE_CONNECT|LOGIN|VPN_CONNECT|APPLICATION_ACCESS|APPLICATION_ACCESS|EMAIL_ACCESS|APPLICATION_ACCESS|APPLICATION_ACCESS|EMAIL_ACCESS|APPLICATION_ACCESS|APPLICATION_ACCESS|APPLICATION_ACCESS|EMAIL_ACCESS|BREAK_START|BREAK_END|APPLICATION_ACCESS|APPLICATION_ACCESS|EMAIL_ACCESS|APPLICATION_ACCESS|APPLICATION_ACCESS|APPLICATION_ACCESS|APPLICATION_ACCESS|EMAIL_ACCESS|APPLICATION_ACCESS|APPLICATION_ACCESS|VPN_DISCONNECT|LOGOUT,27,1,1,0.02,0,0,1,1,1,0.6227,0.15,0,8.4609,0,0.35,4.4719,8.1884,0.0,0,15,2,normal,,
EMP-445,2026-03-10,DEVICE_CONNECT|LOGIN|VPN_CONNECT|EMAIL_ACCESS|APPLICATION_ACCESS|APPLICATION_ACCESS|EMAIL_ACCESS|APPLICATION_ACCESS|APPLICATION_ACCESS|APPLICATION_ACCESS|APPLICATION_ACCESS|APPLICATION_ACCESS|APPLICATION_ACCESS|EMAIL_ACCESS|EMAIL_ACCESS|APPLICATION_ACCESS|APPLICATION_ACCESS|APPLICATION_ACCESS|APPLICATION_ACCESS|EMAIL_ACCESS|APPLICATION_ACCESS|APPLICATION_ACCESS|APPLICATION_ACCESS|APPLICATION_ACCESS|APPLICATION_ACCESS|APPLICATION_ACCESS|APPLICATION_ACCESS|APPLICATION_ACCESS|EMAIL_ACCESS|VPN_DISCONNECT|LOGOUT,31,1,1,0.01,0,0,1,1,1,0.426,0.15,0,8.0225,0,0.35,3.3079,7.1991,0.0,0,20,2,normal,,
EMP-446,2026-03-09,DEVICE_CONNECT|LOGIN|VPN_CONNECT|APPLICATION_ACCESS|EMAIL_ACCESS|APPLICATION_ACCESS|APPLICATION_ACCESS|APPLICATION_ACCESS|APPLICATION_ACCESS|APPLICATION_ACCESS|APPLICATION_ACCESS|APPLICATION_ACCESS|MEETING_JOIN|APPLICATION_ACCESS|APPLICATION_ACCESS|APPLICATION_ACCESS|BREAK_START|BREAK_END|MEETING_JOIN|EMAIL_ACCESS|APPLICATION_ACCESS|EMAIL_ACCESS|APPLICATION_ACCESS|APPLICATION_ACCESS|APPLICATION_ACCESS|APPLICATION_ACCESS|APPLICATION_ACCESS|APPLICATION_ACCESS|EMAIL_ACCESS|APPLICATION_ACCESS|EMAIL_ACCESS|APPLICATION_ACCESS|VPN_DISCONNECT|LOGOUT,34,1,1,0.015,0,0,1,1,1,0.4949,0.15,0,4.2173,0,0.35,3.8068,7.6042,0.0,0,20,2,normal,,
EMP-447,2026-03-06,DEVICE_CONNECT|LOGIN|APPLICATION_ACCESS|APPLICATION_ACCESS|APPLICATION_ACCESS|APPLICATION_ACCESS|APPLICATION_ACCESS|APPLICATION_ACCESS|EMAIL_ACCESS|APPLICATION_ACCESS|APPLICATION_ACCESS|EMAIL_ACCESS|APPLICATION_ACCESS|EMAIL_ACCESS|EMAIL_ACCESS|APPLICATION_ACCESS|APPLICATION_ACCESS|APPLICATION_ACCESS|BREAK_START|BREAK_END|EMAIL_ACCESS|EMAIL_ACCESS|EMAIL_ACCESS|EMAIL_ACCESS|EMAIL_ACCESS|APPLICATION_ACCESS|APPLICATION_ACCESS|APPLICATION_ACCESS|EMAIL_ACCESS|APPLICATION_ACCESS|APPLICATION_ACCESS|APPLICATION_ACCESS|APPLICATION_ACCESS|APPLICATION_ACCESS|EMAIL_ACCESS|APPLICATION_ACCESS|LOGOUT,37,1,1,0.02,0,0,1,1,1,0.5805,0.15,0,6.467,0,0.05,5.4732,8.5525,0.0,0,21,2,normal,,
EMP-448,2026-03-06,DEVICE_CONNECT|LOGIN|VPN_CONNECT|APPLICATION_ACCESS|EMAIL_ACCESS|MEETING_JOIN|MEETING_JOIN|APPLICATION_ACCESS|APPLICATION_ACCESS|APPLICATION_ACCESS|APPLICATION_ACCESS|BREAK_START|BREAK_END|APPLICATION_ACCESS|EMAIL_ACCESS|APPLICATION_ACCESS|EMAIL_ACCESS|APPLICATION_ACCESS|APPLICATION_ACCESS|APPLICATION_ACCESS|APPLICATION_ACCESS|VPN_DISCONNECT|LOGOUT,23,1,1,0.01,0,0,1,1,1,0.6344,0.15,0,5.2015,0,0.35,3.2003,7.3394,0.0,0,11,2,normal,,
EMP-449,2026-03-08,DEVICE_CONNECT|LOGIN|VPN_CONNECT|APPLICATION_ACCESS|RESOURCE_ACCESS|APPLICATION_ACCESS|RESOURCE_ACCESS|RESOURCE_ACCESS|MEETING_JOIN|RESOURCE_ACCESS|RESOURCE_ACCESS|RESOURCE_ACCESS|APPLICATION_ACCESS|RESOURCE_ACCESS|APPLICATION_ACCESS|APPLICATION_ACCESS|BREAK_START|BREAK_END|RESOURCE_ACCESS|APPLICATION_ACCESS|RESOURCE_ACCESS|RESOURCE_ACCESS|APPLICATION_ACCESS|APPLICATION_ACCESS|MEETING_JOIN|APPLICATION_ACCESS|RESOURCE_ACCESS|APPLICATION_ACCESS|MEETING_JOIN|APPLICATION_ACCESS|RESOURCE_ACCESS|APPLICATION_ACCESS|VPN_DISCONNECT|LOGOUT,34,1,1,0.015,0,0,1,1,1,0.4672,0.15,0,7.6431,0,0.35,3.6972,8.0157,0.0,0,12,2,normal,,
EMP-450,2026-03-09,DEVICE_CONNECT|LOGIN|APPLICATION_ACCESS|MEETING_JOIN|APPLICATION_ACCESS|APPLICATION_ACCESS|MEETING_JOIN|APPLICATION_ACCESS|APPLICATION_ACCESS|MEETING_JOIN|APPLICATION_ACCESS|APPLICATION_ACCESS|APPLICATION_ACCESS|BREAK_START|BREAK_END|APPLICATION_ACCESS|APPLICATION_ACCESS|EMAIL_ACCESS|APPLICATION_ACCESS|EMAIL_ACCESS|APPLICATION_ACCESS|APPLICATION_ACCESS|APPLICATION_ACCESS|APPLICATION_ACCESS|APPLICATION_ACCESS|EMAIL_ACCESS|APPLICATION_ACCESS|LOGOUT,28,1,1,0.02,0,0,1,1,1,0.5016,0.15,0,7.0777,0,0.05,4.9452,8.7228,0.0,0,17,2,normal,,
EMP-451,2026-03-09,DEVICE_CONNECT|LOGIN|VPN_CONNECT|APPLICATION_ACCESS|APPLICATION_ACCESS|APPLICATION_ACCESS|APPLICATION_ACCESS|EMAIL_ACCESS|APPLICATION_ACCESS|APPLICATION_ACCESS|APPLICATION_ACCESS|APPLICATION_ACCESS|APPLICATION_ACCESS|APPLICATION_ACCESS|APPLICATION_ACCESS|APPLICATION_ACCESS|APPLICATION_ACCESS|APPLICATION_ACCESS|APPLICATION_ACCESS|APPLICATION_ACCESS|APPLICATION_ACCESS|APPLICATION_ACCESS|VPN_DISCONNECT|LOGOUT,24,1,1,0.01,0,0,1,1,1,0.5712,0.15,0,4.9853,0,0.35,2.4746,7.1656,0.0,0,18,2,normal,,
EMP-452,2026-03-06,DEVICE_CONNECT|LOGIN|APPLICATION_ACCESS|MEETING_JOIN|MEETING_JOIN|APPLICATION_ACCESS|APPLICATION_ACCESS|EMAIL_ACCESS|APPLICATION_ACCESS|APPLICATION_ACCESS|EMAIL_ACCESS|APPLICATION_ACCESS|BREAK_START|BREAK_END|APPLICATION_ACCESS|APPLICATION_ACCESS|APPLICATION_ACCESS|APPLICATION_ACCESS|APPLICATION_ACCESS|EMAIL_ACCESS|APPLICATION_ACCESS|APPLICATION_ACCESS|APPLICATION_ACCESS|EMAIL_ACCESS|APPLICATION_ACCESS|LOGOUT,26,1,1,0.015,0,0,1,1,1,0.5976,0.15,0,4.8385,0,0.05,4.0315,7.8954,0.0,0,15,2,normal,,
EMP-453,2026-03-07,DEVICE_CONNECT|LOGIN|VPN_CONNECT|APPLICATION_ACCESS|EMAIL_ACCESS|RESOURCE_ACCESS|RESOURCE_ACCESS|APPLICATION_ACCESS|MEETING_JOIN|APPLICATION_ACCESS|APPLICATION_ACCESS|APPLICATION_ACCESS|APPLICATION_ACCESS|RESOURCE_ACCESS|RESOURCE_ACCESS|BREAK_START|BREAK_END|RESOURCE_ACCESS|RESOURCE_ACCESS|RESOURCE_ACCESS|RESOURCE_ACCESS|RESOURCE_ACCESS|EMAIL_ACCESS|APPLICATION_ACCESS|APPLICATION_ACCESS|APPLICATION_ACCESS|RESOURCE_ACCESS|APPLICATION_ACCESS|APPLICATION_ACCESS|VPN_DISCONNECT|LOGOUT,31,1,1,0.02,0,0,1,1,1,0.4559,0.15,0,6.8365,0,0.35,5.1012,8.7976,0.0,0,11,2,normal,,
EMP-454,2026-03-07,DEVICE_CONNECT|LOGIN|VPN_CONNECT|APPLICATION_ACCESS|APPLICATION_ACCESS|APPLICATION_ACCESS|MEETING_JOIN|APPLICATION_ACCESS|APPLICATION_ACCESS|APPLICATION_ACCESS|APPLICATION_ACCESS|APPLICATION_ACCESS|EMAIL_ACCESS|EMAIL_ACCESS|APPLICATION_ACCESS|APPLICATION_ACCESS|BREAK_START|BREAK_END|APPLICATION_ACCESS|APPLICATION_ACCESS|MEETING_JOIN|APPLICATION_ACCESS|APPLICATION_ACCESS|APPLICATION_ACCESS|EMAIL_ACCESS|APPLICATION_ACCESS|EMAIL_ACCESS|APPLICATION_ACCESS|APPLICATION_ACCESS|APPLICATION_ACCESS|EMAIL_ACCESS|APPLICATION_ACCESS|VPN_DISCONNECT|LOGOUT,34,1,1,0.01,0,0,1,1,1,0.5497,0.15,0,7.5671,0,0.35,3.2781,7.8583,0.0,0,20,2,normal,,
EMP-455,2026-03-09,DEVICE_CONNECT|LOGIN|EMAIL_ACCESS|APPLICATION_ACCESS|APPLICATION_ACCESS|EMAIL_ACCESS|APPLICATION_ACCESS|APPLICATION_ACCESS|APPLICATION_ACCESS|APPLICATION_ACCESS|MEETING_JOIN|MEETING_JOIN|MEETING_JOIN|MEETING_JOIN|MEETING_JOIN|APPLICATION_ACCESS|APPLICATION_ACCESS|BREAK_START|BREAK_END|MEETING_JOIN|EMAIL_ACCESS|APPLICATION_ACCESS|APPLICATION_ACCESS|APPLICATION_ACCESS|APPLICATION_ACCESS|APPLICATION_ACCESS|APPLICATION_ACCESS|EMAIL_ACCESS|EMAIL_ACCESS|EMAIL_ACCESS|EMAIL_ACCESS|APPLICATION_ACCESS|EMAIL_ACCESS|APPLICATION_ACCESS|APPLICATION_ACCESS|LOGOUT,36,1,1,0.015,0,0,1,1,1,0.5824,0.15,0,6.933,0,0.05,4.2534,7.7017,0.0,0,17,2,normal,,
EMP-456,2026-03-07,DEVICE_CONNECT|LOGIN|VPN_CONNECT|APPLICATION_ACCESS|APPLICATION_ACCESS|APPLICATION_ACCESS|APPLICATION_ACCESS|APPLICATION_ACCESS|APPLICATION_ACCESS|APPLICATION_ACCESS|MEETING_JOIN|EMAIL_ACCESS|MEETING_JOIN|APPLICATION_ACCESS|EMAIL_ACCESS|APPLICATION_ACCESS|APPLICATION_ACCESS|APPLICATION_ACCESS|BREAK_START|BREAK_END|MEETING_JOIN|MEETING_JOIN|APPLICATION_ACCESS|APPLICATION_ACCESS|MEETING_JOIN|EMAIL_ACCESS|APPLICATION_ACCESS|APPLICATION_ACCESS|EMAIL_ACCESS|APPLICATION_ACCESS|APPLICATION_ACCESS|EMAIL_ACCESS|APPLICATION_ACCESS|APPLICATION_ACCESS|APPLICATION_ACCESS|APPLICATION_ACCESS|VPN_DISCONNECT|LOGOUT,38,1,1,0.02,0,0,1,1,1,0.6468,0.15,0,4.0396,0,0.35,5.2334,8.5233,0.0,0,21,2,normal,,
EMP-457,2026-03-10,DEVICE_CONNECT|LOGIN|APPLICATION_ACCESS|APPLICATION_ACCESS|APPLICATION_ACCESS|APPLICATION_ACCESS|APPLICATION_ACCESS|APPLICATION_ACCESS|APPLICATION_ACCESS|APPLICATION_ACCESS|APPLICATION_ACCESS|EMAIL_ACCESS|APPLICATION_ACCESS|APPLICATION_ACCESS|APPLICATION_ACCESS|APPLICATION_ACCESS|APPLICATION_ACCESS|APPLICATION_ACCESS|BREAK_START|BREAK_END|APPLICATION_ACCESS|APPLICATION_ACCESS|MEETING_JOIN|APPLICATION_ACCESS|APPLICATION_ACCESS|APPLICATION_ACCESS|APPLICATION_ACCESS|APPLICATION_ACCESS|APPLICATION_ACCESS|APPLICATION_ACCESS|APPLICATION_ACCESS|APPLICATION_ACCESS|APPLICATION_ACCESS|APPLICATION_ACCESS|APPLICATION_ACCESS|APPLICATION_ACCESS|LOGOUT,37,1,1,0.01,0,0,1,1,1,0.4473,0.15,0,5.7395,0,0.05,2.8432,7.8553,0.0,0,30,2,normal,,
EMP-458,2026-03-10,DEVICE_CONNECT|LOGIN|VPN_CONNECT|APPLICATION_ACCESS|APPLICATION_ACCESS|APPLICATION_ACCESS|APPLICATION_ACCESS|MEETING_JOIN|APPLICATION_ACCESS|APPLICATION_ACCESS|MEETING_JOIN|APPLICATION_ACCESS|APPLICATION_ACCESS|APPLICATION_ACCESS|EMAIL_ACCESS|MEETING_JOIN|APPLICATION_ACCESS|BREAK_START|BREAK_END|APPLICATION_ACCESS|MEETING_JOIN|EMAIL_ACCESS|EMAIL_ACCESS|APPLICATION_ACCESS|APPLICATION_ACCESS|APPLICATION_ACCESS|MEETING_JOIN|MEETING_JOIN|EMAIL_ACCESS|APPLICATION_ACCESS|APPLICATION_ACCESS|EMAIL_ACCESS|APPLICATION_ACCESS|VPN_DISCONNECT|LOGOUT,35,1,1,0.015,0,0,1,1,1,0.5102,0.15,0,5.7259,0,0.35,4.0861,7.6967,0.0,0,17,2,normal,,
EMP-459,2026-03-08,DEVICE_CONNECT|LOGIN|VPN_CONNECT|APPLICATION_ACCESS|APPLICATION_ACCESS|APPLICATION_ACCESS|APPLICATION_ACCESS|APPLICATION_ACCESS|APPLICATION_ACCESS|APPLICATION_ACCESS|APPLICATION_ACCESS|BREAK_START|BREAK_END|APPLICATION_ACCESS|APPLICATION_ACCESS|APPLICATION_ACCESS|APPLICATION_ACCESS|APPLICATION_ACCESS|APPLICATION_ACCESS|APPLICATION_ACCESS|APPLICATION_ACCESS|APPLICATION_ACCESS|VPN_DISCONNECT|LOGOUT,24,1,1,0.02,0,0,1,1,1,0.5523,0.15,0,5.8532,0,0.35,4.8494,8.3439,0.0,0,17,2,normal,,
EMP-460,2026-03-10,DEVICE_CONNECT|LOGIN|APPLICATION_ACCESS|APPLICATION_ACCESS|APPLICATION_ACCESS|EMAIL_ACCESS|APPLICATION_ACCESS|MEETING_JOIN|APPLICATION_ACCESS|APPLICATION_ACCESS|APPLICATION_ACCESS|APPLICATION_ACCESS|APPLICATION_ACCESS|APPLICATION_ACCESS|BREAK_START|BREAK_END|APPLICATION_ACCESS|APPLICATION_ACCESS|APPLICATION_ACCESS|EMAIL_ACCESS|APPLICATION_ACCESS|MEETING_JOIN|EMAIL_ACCESS|APPLICATION_ACCESS|MEETING_JOIN|MEETING_JOIN|APPLICATION_ACCESS|APPLICATION_ACCESS|LOGOUT,29,1,1,0.01,0,0,1,1,1,0.5986,0.15,0,8.8736,0,0.05,3.1075,7.2137,0.0,0,17,2,normal,,
EMP-461,2026-03-07,DEVICE_CONNECT|LOGIN|APPLICATION_ACCESS|APPLICATION_ACCESS|APPLICATION_ACCESS|APPLICATION_ACCESS|APPLICATION_ACCESS|APPLICATION_ACCESS|APPLICATION_ACCESS|MEETING_JOIN|APPLICATION_ACCESS|APPLICATION_ACCESS|BREAK_START|BREAK_END|APPLICATION_ACCESS|EMAIL_ACCESS|APPLICATION_ACCESS|EMAIL_ACCESS|EMAIL_ACCESS|APPLICATION_ACCESS|APPLICATION_ACCESS|APPLICATION_ACCESS|APPLICATION_ACCESS|APPLICATION_ACCESS|LOGOUT,25,1,1,0.015,0,0,1,1,1,0.4937,0.15,0,3.4155,0,0.05,3.6197,7.8268,0.0,0,16,2,normal,,
EMP-462,2026-03-07,DEVICE_CONNECT|LOGIN|VPN_CONNECT|APPLICATION_ACCESS|APPLICATION_ACCESS|APPLICATION_ACCESS|MEETING_JOIN|APPLICATION_ACCESS|APPLICATION_ACCESS|APPLICATION_ACCESS|APPLICATION_ACCESS|APPLICATION_ACCESS|APPLICATION_ACCESS|BREAK_START|BREAK_END|APPLICATION_ACCESS|APPLICATION_ACCESS|APPLICATION_ACCESS|APPLICATION_ACCESS|APPLICATION_ACCESS|EMAIL_ACCESS|APPLICATION_ACCESS|EMAIL_ACCESS|MEETING_JOIN|APPLICATION_ACCESS|APPLICATION_ACCESS|VPN_DISCONNECT|LOGOUT,28,1,1,0.02,0,0,1,1,1,0.4502,0.15,0,5.1426,0,0.35,4.4536,8.1541,0.0,0,17,2,normal,,
EMP-463,2026-03-07,DEVICE_CONNECT|LOGIN|VPN_CONNECT|APPLICATION_ACCESS|APPLICATION_ACCESS|FILE_ACCESS|APPLICATION_ACCESS|APPLICATION_ACCESS|APPLICATION_ACCESS|APPLICATION_ACCESS|APPLICATION_ACCESS|FILE_ACCESS|APPLICATION_ACCESS|APPLICATION_ACCESS|EMAIL_ACCESS|APPLICATION_ACCESS|BREAK_START|BREAK_END|EMAIL_ACCESS|APPLICATION_ACCESS|APPLICATION_ACCESS|APPLICATION_ACCESS|EMAIL_ACCESS|APPLICATION_ACCESS|MEETING_JOIN|EMAIL_ACCESS|APPLICATION_ACCESS|APPLICATION_ACCESS|APPLICATION_ACCESS|APPLICATION_ACCESS|APPLICATION_ACCESS|VPN_DISCONNECT|LOGOUT,33,1,1,0.01,0,0,1,1,1,0.5573,0.15,0,6.1973,0,0.35,3.3376,7.8202,0.06060606060606061,0,19,2,normal,,
EMP-464,2026-03-07,DEVICE_CONNECT|LOGIN|VPN_CONNECT|MEETING_JOIN|APPLICATION_ACCESS|APPLICATION_ACCESS|APPLICATION_ACCESS|EMAIL_ACCESS|APPLICATION_ACCESS|APPLICATION_ACCESS|EMAIL_ACCESS|APPLICATION_ACCESS|APPLICATION_ACCESS|APPLICATION_ACCESS|APPLICATION_ACCESS|APPLICATION_ACCESS|APPLICATION_ACCESS|BREAK_START|BREAK_END|APPLICATION_ACCESS|APPLICATION_ACCESS|APPLICATION_ACCESS|APPLICATION_ACCESS|APPLICATION_ACCESS|APPLICATION_ACCESS|APPLICATION_ACCESS|APPLICATION_ACCESS|APPLICATION_ACCESS|EMAIL_ACCESS|EMAIL_ACCESS|APPLICATION_ACCESS|EMAIL_ACCESS|APPLICATION_ACCESS|VPN_DISCONNECT|LOGOUT,35,1,1,0.015,0,0,1,1,1,0.6334,0.15,0,8.0011,0,0.35,3.5662,7.7062,0.0,0,22,2,normal,,
EMP-465,2026-03-10,DEVICE_CONNECT|LOGIN|VPN_CONNECT|APPLICATION_ACCESS|APPLICATION_ACCESS|APPLICATION_ACCESS|APPLICATION_ACCESS|EMAIL_ACCESS|APPLICATION_ACCESS|MEETING_JOIN|EMAIL_ACCESS|EMAIL_ACCESS|EMAIL_ACCESS|MEETING_JOIN|BREAK_START|BREAK_END|APPLICATION_ACCESS|APPLICATION_ACCESS|APPLICATION_ACCESS|APPLICATION_ACCESS|APPLICATION_ACCESS|APPLICATION_ACCESS|MEETING_JOIN|APPLICATION_ACCESS|APPLICATION_ACCESS|APPLICATION_ACCESS|EMAIL_ACCESS|VPN_DISCONNECT|LOGOUT,29,1,1,0.02,0,0,1,1,1,0.4762,0.15,0,8.5017,0,0.35,5.2734,8.2192,0.0,0,14,2,normal,,
EMP-466,2026-03-07,DEVICE_CONNECT|LOGIN|EMAIL_ACCESS|FILE_ACCESS|FILE_ACCESS|EMAIL_ACCESS|FILE_ACCESS|APPLICATION_ACCESS|EMAIL_ACCESS|EMAIL_ACCESS|EMAIL_ACCESS|APPLICATION_ACCESS|MEETING_JOIN|APPLICATION_ACCESS|EMAIL_ACCESS|APPLICATION_ACCESS|EMAIL_ACCESS|FILE_ACCESS|BREAK_START|BREAK_END|MEETING_JOIN|APPLICATION_ACCESS|FILE_ACCESS|APPLICATION_ACCESS|EMAIL_ACCESS|EMAIL_ACCESS|APPLICATION_ACCESS|EMAIL_ACCESS|EMAIL_ACCESS|APPLICATION_ACCESS|APPLICATION_ACCESS|APPLICATION_ACCESS|MEETING_JOIN|APPLICATION_ACCESS|APPLICATION_ACCESS|MEETING_JOIN|LOGOUT,37,1,1,0.01,0,0,1,1,1,0.53,0.15,0,4.4935,0,0.05,2.6794,7.4277,0.13513513513513514,0,12,5,normal,,
EMP-467,2026-03-08,DEVICE_CONNECT|LOGIN|VPN_CONNECT|APPLICATION_ACCESS|APPLICATION_ACCESS|FILE_ACCESS|APPLICATION_ACCESS|RESOURCE_ACCESS|APPLICATION_ACCESS|RESOURCE_ACCESS|LOGOUT|EMAIL_ACCESS|APPLICATION_ACCESS|APPLICATION_ACCESS|APPLICATION_ACCESS|APPLICATION_ACCESS|APPLICATION_ACCESS|APPLICATION_ACCESS|APPLICATION_ACCESS|BREAK_START|BREAK_END|APPLICATION_ACCESS|APPLICATION_ACCESS|APPLICATION_ACCESS|APPLICATION_ACCESS|EMAIL_ACCESS|EMAIL_ACCESS|EMAIL_ACCESS|MEETING_JOIN|VPN_DISCONNECT|LOGOUT,31,1,1,0.015,0,0,1,1,1,0.5339,0.15,0,3.6375,0,0.35,3.9317,8.1364,0.03225806451612903,0,15,2,normal,,
EMP-468,2026-03-08,DEVICE_CONNECT|LOGIN|VPN_CONNECT|APPLICATION_ACCESS|APPLICATION_ACCESS|APPLICATION_ACCESS|EMAIL_ACCESS|APPLICATION_ACCESS|EMAIL_ACCESS|EMAIL_ACCESS|APPLICATION_ACCESS|APPLICATION_ACCESS|APPLICATION_ACCESS|APPLICATION_ACCESS|APPLICATION_ACCESS|APPLICATION_ACCESS|APPLICATION_ACCESS|APPLICATION_ACCESS|APPLICATION_ACCESS|APPLICATION_ACCESS|APPLICATION_ACCESS|VPN_DISCONNECT|LOGOUT,23,1,1,0.02,0,0,1,1,1,0.6146,0.15,0,7.0979,0,0.35,5.0864,8.6658,0.0,0,15,2,normal,,
EMP-469,2026-03-06,DEVICE_CONNECT|LOGIN|APPLICATION_ACCESS|EMAIL_ACCESS|APPLICATION_ACCESS|APPLICATION_ACCESS|EMAIL_ACCESS|APPLICATION_ACCESS|APPLICATION_ACCESS|EMAIL_ACCESS|BREAK_START|BREAK_END|APPLICATION_ACCESS|APPLICATION_ACCESS|EMAIL_ACCESS|APPLICATION_ACCESS|APPLICATION_ACCESS|APPLICATION_ACCESS|APPLICATION_ACCESS|EMAIL_ACCESS|LOGOUT,21,1,1,0.01,0,0,1,1,1,0.4561,0.15,0,5.8713,0,0.05,2.6309,7.5475,0.0,0,11,2,normal,,
EMP-470,2026-03-07,DEVICE_CONNECT|LOGIN|RESOURCE_ACCESS|RESOURCE_ACCESS|APPLICATION_ACCESS|APPLICATION_ACCESS|APPLICATION_ACCESS|APPLICATION_ACCESS|RESOURCE_ACCESS|RESOURCE_ACCESS|RESOURCE_ACCESS|APPLICATION_ACCESS|RESOURCE_ACCESS|EMAIL_ACCESS|RESOURCE_ACCESS|RESOURCE_ACCESS|BREAK_START|BREAK_END|APPLICATION_ACCESS|RESOURCE_ACCESS|EMAIL_ACCESS|EMAIL_ACCESS|EMAIL_ACCESS|MEETING_JOIN|RESOURCE_ACCESS|EMAIL_ACCESS|EMAIL_ACCESS|APPLICATION_ACCESS|MEETING_JOIN|APPLICATION_ACCESS|EMAIL_ACCESS|RESOURCE_ACCESS|LOGOUT,33,1,1,0.015,0,0,1,1,1,0.5042,0.15,0,8.7728,0,0.05,4.0261,8.3658,0.0,0,8,2,normal,,
EMP-471,2026-03-06,DEVICE_CONNECT|LOGIN|VPN_CONNECT|FILE_ACCESS|FILE_ACCESS|FAILED_LOGIN|FAILED_LOGIN|USB_INSERT|FILE_DOWNLOAD|SSH_LOGIN|FILE_DOWNLOAD|FILE_ACCESS|FILE_ACCESS|VPN_DISCONNECT|LOGOUT,15,1,1,0.12,2,0,2,1,2,1.05,0.15,3,24.9623,0,0.32,9.0,9.0,0.24,1,3,6,mild_anomaly,,
EMP-472,2026-03-08,DEVICE_CONNECT|LOGIN|APPLICATION_ACCESS|RESOURCE_ACCESS|APPLICATION_ACCESS|ADMIN_LOGIN|REMOTE_DESKTOP|FILE_DOWNLOAD|SSH_LOGIN|USB_INSERT|FILE_UPLOAD|EMAIL_ACCESS|APPLICATION_ACCESS|RESOURCE_ACCESS|LOGOUT,15,1,1,0.12,2,0,2,1,2,1.05,0.15,3,31.699,0,0.32,9.0,9.0,0.24,1,3,6,mild_anomaly,,
EMP-473,2026-03-06,DEVICE_CONNECT|LOGIN|VPN_CONNECT|APPLICATION_ACCESS|FILE_ACCESS|FAILED_LOGIN|FAILED_LOGIN|USB_INSERT|FILE_DOWNLOAD|SSH_LOGIN|FILE_DOWNLOAD|APPLICATION_ACCESS|APPLICATION_ACCESS|VPN_DISCONNECT|LOGOUT,15,1,1,0.12,2,0,2,1,2,1.05,0.15,3,25.9623,0,0.32,9.0,9.0,0.24,1,3,6,mild_anomaly,,
EMP-474,2026-03-06,DEVICE_CONNECT|LOGIN|VPN_CONNECT|APPLICATION_ACCESS|APPLICATION_ACCESS|ADMIN_LOGIN|REMOTE_DESKTOP|FILE_DOWNLOAD|SSH_LOGIN|USB_INSERT|FILE_UPLOAD|FILE_ACCESS|APPLICATION_ACCESS|VPN_DISCONNECT|LOGOUT,15,1,1,0.12,2,0,2,1,2,1.05,0.15,4,24.6772,0,0.32,9.0,9.0,0.24,1,3,6,mild_anomaly,,
EMP-475,2026-03-10,DEVICE_CONNECT|LOGIN|VPN_CONNECT|RESOURCE_ACCESS|APPLICATION_ACCESS|FAILED_LOGIN|FAILED_LOGIN|USB_INSERT|FILE_DOWNLOAD|SSH_LOGIN|FILE_DOWNLOAD|EMAIL_ACCESS|EMAIL_ACCESS|VPN_DISCONNECT|LOGOUT,15,1,1,0.12,2,0,2,1,2,1.05,0.15,4,27.2144,0,0.32,9.0,9.0,0.24,1,3,6,mild_anomaly,,
EMP-476,2026-03-10,DEVICE_CONNECT|LOGIN|EMAIL_ACCESS|APPLICATION_ACCESS|APPLICATION_ACCESS|ADMIN_LOGIN|REMOTE_DESKTOP|FILE_DOWNLOAD|SSH_LOGIN|USB_INSERT|FILE_UPLOAD|EMAIL_ACCESS|FILE_ACCESS|FILE_ACCESS|LOGOUT,15,1,1,0.12,2,0,2,1,2,1.05,0.15,4,30.8958,0,0.32,9.0,9.0,0.24,1,3,6,mild_anomaly,,
EMP-477,2026-03-07,DEVICE_CONNECT|LOGIN|FILE_ACCESS|FILE_ACCESS|APPLICATION_ACCESS|FAILED_LOGIN|FAILED_LOGIN|USB_INSERT|FILE_DOWNLOAD|SSH_LOGIN|FILE_DOWNLOAD|FILE_ACCESS|FILE_ACCESS|APPLICATION_ACCESS|LOGOUT,15,1,1,0.12,2,0,2,1,2,1.05,0.15,4,27.4961,0,0.32,9.0,9.0,0.24,1,3,6,mild_anomaly,,
EMP-478,2026-03-08,DEVICE_CONNECT|LOGIN|EMAIL_ACCESS|RESOURCE_ACCESS|RESOURCE_ACCESS|ADMIN_LOGIN|REMOTE_DESKTOP|FILE_DOWNLOAD|SSH_LOGIN|USB_INSERT|FILE_UPLOAD|RESOURCE_ACCESS|RESOURCE_ACCESS|EMAIL_ACCESS|LOGOUT,15,1,1,0.12,2,0,2,1,2,1.05,0.15,3,30.8772,0,0.32,9.0,9.0,0.24,1,3,6,mild_anomaly,,
EMP-479,2026-03-10,DEVICE_CONNECT|LOGIN|FILE_ACCESS|EMAIL_ACCESS|EMAIL_ACCESS|FAILED_LOGIN|FAILED_LOGIN|USB_INSERT|FILE_DOWNLOAD|SSH_LOGIN|FILE_DOWNLOAD|EMAIL_ACCESS|FILE_ACCESS|FILE_ACCESS|LOGOUT,15,1,1,0.12,2,0,2,1,2,1.05,0.15,4,26.0574,0,0.32,9.0,9.0,0.24,1,3,6,mild_anomaly,,
EMP-480,2026-03-08,DEVICE_CONNECT|LOGIN|FILE_ACCESS|FILE_ACCESS|APPLICATION_ACCESS|ADMIN_LOGIN|REMOTE_DESKTOP|FILE_DOWNLOAD|SSH_LOGIN|USB_INSERT|FILE_UPLOAD|APPLICATION_ACCESS|FILE_ACCESS|APPLICATION_ACCESS|LOGOUT,15,1,1,0.12,2,0,2,1,2,1.05,0.15,3,28.3342,0,0.32,9.0,9.0,0.24,1,3,6,mild_anomaly,,
EMP-481,2026-03-10,DEVICE_CONNECT|LOGIN|VPN_CONNECT|FILE_ACCESS|FILE_ACCESS|FAILED_LOGIN|FAILED_LOGIN|USB_INSERT|FILE_DOWNLOAD|SSH_LOGIN|FILE_DOWNLOAD|EMAIL_ACCESS|EMAIL_ACCESS|VPN_DISCONNECT|LOGOUT,15,1,1,0.12,2,0,2,1,2,1.05,0.15,3,25.4614,0,0.32,9.0,9.0,0.24,1,3,6,mild_anomaly,,
EMP-482,2026-03-07,DEVICE_CONNECT|LOGIN|VPN_CONNECT|APPLICATION_ACCESS|FILE_ACCESS|ADMIN_LOGIN|REMOTE_DESKTOP|FILE_DOWNLOAD|SSH_LOGIN|USB_INSERT|FILE_UPLOAD|EMAIL_ACCESS|APPLICATION_ACCESS|VPN_DISCONNECT|LOGOUT,15,1,1,0.12,2,0,2,1,2,1.05,0.15,3,26.4544,0,0.32,9.0,9.0,0.24,1,3,6,mild_anomaly,,
EMP-483,2026-03-08,DEVICE_CONNECT|LOGIN|RESOURCE_ACCESS|RESOURCE_ACCESS|RESOURCE_ACCESS|FAILED_LOGIN|FAILED_LOGIN|USB_INSERT|FILE_DOWNLOAD|SSH_LOGIN|FILE_DOWNLOAD|RESOURCE_ACCESS|RESOURCE_ACCESS|APPLICATION_ACCESS|LOGOUT,15,1,1,0.12,2,0,2,1,2,1.05,0.15,3,24.4713,0,0.32,9.0,9.0,0.24,1,3,6,mild_anomaly,,
EMP-484,2026-03-10,DEVICE_CONNECT|LOGIN|APPLICATION_ACCESS|FILE_ACCESS|FILE_ACCESS|ADMIN_LOGIN|REMOTE_DESKTOP|FILE_DOWNLOAD|SSH_LOGIN|USB_INSERT|FILE_UPLOAD|EMAIL_ACCESS|FILE_ACCESS|MEETING_JOIN|LOGOUT,15,1,1,0.12,2,0,2,1,2,1.05,0.15,3,24.2174,0,0.32,9.0,9.0,0.24,1,3,6,mild_anomaly,,
EMP-485,2026-03-08,DEVICE_CONNECT|LOGIN|APPLICATION_ACCESS|APPLICATION_ACCESS|EMAIL_ACCESS|FAILED_LOGIN|FAILED_LOGIN|USB_INSERT|FILE_DOWNLOAD|SSH_LOGIN|FILE_DOWNLOAD|APPLICATION_ACCESS|APPLICATION_ACCESS|APPLICATION_ACCESS|LOGOUT,15,1,1,0.12,2,0,2,1,2,1.05,0.15,4,27.1195,0,0.32,9.0,9.0,0.24,1,5,6,mild_anomaly,,
EMP-486,2026-03-10,DEVICE_CONNECT|LOGIN|LOGIN|SSH_LOGIN|REMOTE_DESKTOP|DATABASE_ACCESS|FILE_DOWNLOAD|USB_INSERT|FILE_DOWNLOAD|LOGIN|SSH_LOGIN|REMOTE_DESKTOP|DATABASE_ACCESS|SSH_LOGIN|FILE_DOWNLOAD|LOGOUT,16,1,1,0.15,2,3,5,1,4,2.6,0.15,9,31.4191,0,0.55,22.0,11.0,0.35,0,3,2,confirmed_attack,Impossible Travel,
EMP-487,2026-03-10,DEVICE_CONNECT|LOGIN|FAILED_LOGIN|FAILED_LOGIN|FAILED_LOGIN|FAILED_LOGIN|FAILED_LOGIN|LOGIN|EMAIL_ACCESS|LOGOUT|FILE_DOWNLOAD|USB_INSERT|FILE_DOWNLOAD|FAILED_LOGIN|FAILED_LOGIN|FAILED_LOGIN|FAILED_LOGIN|FAILED_LOGIN|LOGIN|EMAIL_ACCESS|LOGOUT|SSH_LOGIN|FILE_DOWNLOAD|LOGOUT,24,4,1,0.62,10,0,1,2,1,2.2,0.7,5,0.0,0,0.35,24.0,8.0,0.0,0,3,2,confirmed_attack,Brute Force,
EMP-488,2026-03-10,DEVICE_CONNECT|LOGIN|LOGIN|FILE_READ|FILE_READ|FILE_DOWNLOAD|FILE_UPLOAD|VPN_DISCONNECT|LOGOUT|FILE_DOWNLOAD|USB_INSERT|FILE_DOWNLOAD|LOGIN|FILE_READ|FILE_READ|FILE_DOWNLOAD|FILE_UPLOAD|VPN_DISCONNECT|LOGOUT|SSH_LOGIN|FILE_DOWNLOAD|LOGOUT,22,1,1,0.02,0,0,1,1,1,2.5,0.15,9,209.2451,3,0.55,20.0,11.0,0.55,4,3,14,confirmed_attack,Mass Download / Exfil,
EMP-489,2026-03-10,DEVICE_CONNECT|LOGIN|LOGIN|FILE_READ|FILE_DOWNLOAD|USB_INSERT|LOGOUT|FILE_DOWNLOAD|USB_INSERT|FILE_DOWNLOAD|LOGIN|FILE_READ|FILE_DOWNLOAD|USB_INSERT|LOGOUT|SSH_LOGIN|FILE_DOWNLOAD|LOGOUT,18,1,1,0.01,0,0,3,5,2,2.4,1.4,16,96.0512,0,0.05,18.0,14.0,0.52,8,3,2,confirmed_attack,Insider / Device,
EMP-490,2026-03-10,DEVICE_CONNECT|LOGIN|LOGIN|SSH_LOGIN|REMOTE_DESKTOP|DATABASE_ACCESS|FILE_DOWNLOAD|USB_INSERT|FILE_DOWNLOAD|LOGIN|SSH_LOGIN|REMOTE_DESKTOP|DATABASE_ACCESS|SSH_LOGIN|FILE_DOWNLOAD|LOGOUT,16,1,1,0.05,0,0,5,1,4,2.3,0.15,7,24.8315,0,0.4,16.0,10.0,0.0,0,3,2,confirmed_attack,Lateral Movement,
EMP-491,2026-03-10,DEVICE_CONNECT|LOGIN|FAILED_LOGIN|FAILED_LOGIN|FAILED_LOGIN|FAILED_LOGIN|FAILED_LOGIN|LOGIN|EMAIL_ACCESS|LOGOUT|FILE_DOWNLOAD|USB_INSERT|FILE_DOWNLOAD|FAILED_LOGIN|FAILED_LOGIN|FAILED_LOGIN|FAILED_LOGIN|FAILED_LOGIN|LOGIN|EMAIL_ACCESS|LOGOUT|SSH_LOGIN|FILE_DOWNLOAD|LOGOUT,24,14,1,0.35,3,0,1,3,1,0.5,0.9,4,18.7846,0,0.25,28.0,8.5,0.0,0,3,2,confirmed_attack,Credential Stuffing,
EMP-492,2026-03-10,DEVICE_CONNECT|LOGIN|LOGIN|FILE_READ|FILE_DOWNLOAD|USB_INSERT|LOGOUT|FILE_DOWNLOAD|USB_INSERT|FILE_DOWNLOAD|LOGIN|FILE_READ|FILE_DOWNLOAD|USB_INSERT|LOGOUT|SSH_LOGIN|FILE_DOWNLOAD|LOGOUT,18,1,1,0.08,1,0,2,6,2,1.8,1.6,6,19.4552,0,0.05,12.0,7.5,0.0,0,3,2,confirmed_attack,Device Spoofing,
EMP-493,2026-03-10,DEVICE_CONNECT|LOGIN|LOGIN|FILE_READ|FILE_READ|FILE_DOWNLOAD|FILE_UPLOAD|VPN_DISCONNECT|LOGOUT|FILE_DOWNLOAD|USB_INSERT|FILE_DOWNLOAD|LOGIN|FILE_READ|FILE_READ|FILE_DOWNLOAD|FILE_UPLOAD|VPN_DISCONNECT|LOGOUT|SSH_LOGIN|FILE_DOWNLOAD|LOGOUT,22,1,1,0.03,0,0,1,1,1,1.6,0.15,1,49.2749,0,0.2,5.0,8.5,0.32,0,3,9,confirmed_attack,Low-and-Slow Exfiltration,900.0
EMP-494,2026-03-10,DEVICE_CONNECT|LOGIN|LOGIN|SSH_LOGIN|REMOTE_DESKTOP|DATABASE_ACCESS|FILE_DOWNLOAD|USB_INSERT|FILE_DOWNLOAD|LOGIN|SSH_LOGIN|REMOTE_DESKTOP|DATABASE_ACCESS|SSH_LOGIN|FILE_DOWNLOAD|LOGOUT,16,1,1,0.15,2,3,5,1,4,2.6,0.15,10,39.6201,0,0.55,22.0,11.0,0.35,0,3,2,confirmed_attack,Impossible Travel,
EMP-495,2026-03-10,DEVICE_CONNECT|LOGIN|FAILED_LOGIN|FAILED_LOGIN|FAILED_LOGIN|FAILED_LOGIN|FAILED_LOGIN|LOGIN|EMAIL_ACCESS|LOGOUT|FILE_DOWNLOAD|USB_INSERT|FILE_DOWNLOAD|FAILED_LOGIN|FAILED_LOGIN|FAILED_LOGIN|FAILED_LOGIN|FAILED_LOGIN|LOGIN|EMAIL_ACCESS|LOGOUT|SSH_LOGIN|FILE_DOWNLOAD|LOGOUT,24,4,1,0.62,10,0,1,2,1,2.2,0.7,5,11.205,0,0.35,24.0,7.5,0.0,0,3,2,confirmed_attack,Brute Force,
EMP-496,2026-03-10,DEVICE_CONNECT|LOGIN|LOGIN|FILE_READ|FILE_READ|FILE_DOWNLOAD|FILE_UPLOAD|VPN_DISCONNECT|LOGOUT|FILE_DOWNLOAD|USB_INSERT|FILE_DOWNLOAD|LOGIN|FILE_READ|FILE_READ|FILE_DOWNLOAD|FILE_UPLOAD|VPN_DISCONNECT|LOGOUT|SSH_LOGIN|FILE_DOWNLOAD|LOGOUT,22,1,1,0.015,0,0,1,1,1,2.5,0.15,8,214.4598,3,0.55,20.0,11.0,0.55,4,3,14,confirmed_attack,Mass Download / Exfil,
EMP-497,2026-03-10,DEVICE_CONNECT|LOGIN|LOGIN|FILE_READ|FILE_DOWNLOAD|USB_INSERT|LOGOUT|FILE_DOWNLOAD|USB_INSERT|FILE_DOWNLOAD|LOGIN|FILE_READ|FILE_DOWNLOAD|USB_INSERT|LOGOUT|SSH_LOGIN|FILE_DOWNLOAD|LOGOUT,18,1,1,0.02,0,0,3,5,2,2.4,1.4,16,83.9116,0,0.05,18.0,14.0,0.52,8,3,2,confirmed_attack,Insider / Device,
EMP-498,2026-03-10,DEVICE_CONNECT|LOGIN|LOGIN|SSH_LOGIN|REMOTE_DESKTOP|DATABASE_ACCESS|FILE_DOWNLOAD|USB_INSERT|FILE_DOWNLOAD|LOGIN|SSH_LOGIN|REMOTE_DESKTOP|DATABASE_ACCESS|SSH_LOGIN|FILE_DOWNLOAD|LOGOUT,16,1,1,0.05,0,0,5,1,4,2.3,0.15,7,20.3107,0,0.4,16.0,10.0,0.0,0,3,2,confirmed_attack,Lateral Movement,
EMP-499,2026-03-10,DEVICE_CONNECT|LOGIN|FAILED_LOGIN|FAILED_LOGIN|FAILED_LOGIN|FAILED_LOGIN|FAILED_LOGIN|LOGIN|EMAIL_ACCESS|LOGOUT|FILE_DOWNLOAD|USB_INSERT|FILE_DOWNLOAD|FAILED_LOGIN|FAILED_LOGIN|FAILED_LOGIN|FAILED_LOGIN|FAILED_LOGIN|LOGIN|EMAIL_ACCESS|LOGOUT|SSH_LOGIN|FILE_DOWNLOAD|LOGOUT,24,14,1,0.35,3,0,1,3,1,0.5,0.9,3,6.7036,0,0.25,28.0,8.0,0.0,0,3,2,confirmed_attack,Credential Stuffing,
EMP-500,2026-03-10,DEVICE_CONNECT|LOGIN|LOGIN|FILE_READ|FILE_DOWNLOAD|USB_INSERT|LOGOUT|FILE_DOWNLOAD|USB_INSERT|FILE_DOWNLOAD|LOGIN|FILE_READ|FILE_DOWNLOAD|USB_INSERT|LOGOUT|SSH_LOGIN|FILE_DOWNLOAD|LOGOUT,18,1,1,0.08,1,0,2,6,2,1.8,1.6,4,36.7892,0,0.05,12.0,8.5,0.0,0,3,2,confirmed_attack,Device Spoofing,
